trace_id	source_kind	source_id	source_path	source_anchor	source_sha256	source_summary	p2_decision	p3_catalog_class	p3_evidence_refs	p3_plan_target	open_boundary	trace_status
P3T-CAP-CAP-001	CAP	CAP-001	project-governance/current/p2/03-capability-all-matrix.md	line:16	582879CB82CFDB1BBCA353E12F12AAFEC0B99ABCC8C5CE0B3E109C3CE378B00E	普通Windows用户下载、解压、双击即用	P2_APPROVED_BASELINE	LOCAL_IMPLEMENTATION_PLAN	00-p3-charter-and-preflight.md	P3-LOCAL-IMPLEMENTATION	NOT_APPLICABLE	MAPPED_P3_PLAN
P3T-CAP-CAP-002	CAP	CAP-002	project-governance/current/p2/03-capability-all-matrix.md	line:17	582879CB82CFDB1BBCA353E12F12AAFEC0B99ABCC8C5CE0B3E109C3CE378B00E	使用同一正式产品壳找课，不被内部管理工具干扰	P2_APPROVED_BASELINE	LOCAL_IMPLEMENTATION_PLAN	00-p3-charter-and-preflight.md	P3-LOCAL-IMPLEMENTATION	NOT_APPLICABLE	MAPPED_P3_PLAN
P3T-CAP-CAP-003	CAP	CAP-003	project-governance/current/p2/03-capability-all-matrix.md	line:18	582879CB82CFDB1BBCA353E12F12AAFEC0B99ABCC8C5CE0B3E109C3CE378B00E	首次获得课程数据，并独立刷新课程信息与Open信息	P2_APPROVED_BASELINE	CATALOG_EVIDENCE_AND_PLAN	00-p3-charter-and-preflight.md;01a-catalog-request-manifest.json;02-catalog-request-ledger.tsv;03-catalog-evidence-register.tsv;04a-catalog-profile.json;04b-catalog-scope-summary.tsv;04c-catalog-field-profile.tsv;05b-meeting-raw-values.tsv;06b-filter-source-profile.tsv;14-open-profile-join-and-error-evidence.md;15-poller-qps-latency-and-safety-model.md;16-shared-open-contract-review-options.md;17-p3-open-review-stop-gate.md;18-open-review-decision-001.md;19-open-cache-and-notification-latency-contract.md;20-p3-open-decision-gate.md;21b-open-round2-resumption-amendment-001.json;22b-open-round2-completion.json;23a-shared-open-final-contract.md;23b-shared-open-final-contract.json	P3-CATALOG-DATA|P3-SHARED-OPEN-CONTRACT	RESOLVED_P3_SHARED_OPEN_CONTRACT	MAPPED_P3_OPEN_FROZEN
P3T-CAP-CAP-004	CAP	CAP-004	project-governance/current/p2/03-capability-all-matrix.md	line:19	582879CB82CFDB1BBCA353E12F12AAFEC0B99ABCC8C5CE0B3E109C3CE378B00E	通过term/campus/subject、课程号、关键词、level、credits、core、prereq、location精准找course	P2_APPROVED_BASELINE	CATALOG_EVIDENCE_AND_PLAN	00-p3-charter-and-preflight.md;01a-catalog-request-manifest.json;02-catalog-request-ledger.tsv;03-catalog-evidence-register.tsv;04a-catalog-profile.json;04b-catalog-scope-summary.tsv;04c-catalog-field-profile.tsv;06a-section-identity-summary.tsv;06b-filter-source-profile.tsv	P3-CATALOG-DATA	NOT_APPLICABLE	MAPPED_CATALOG
P3T-CAP-CAP-005	CAP	CAP-005	project-governance/current/p2/03-capability-all-matrix.md	line:20	582879CB82CFDB1BBCA353E12F12AAFEC0B99ABCC8C5CE0B3E109C3CE378B00E	以整个section为单位组合open、delivery modality/synchronicity、教师、availability、地点、exam、permission和eligibility	P2_APPROVED_BASELINE	CATALOG_EVIDENCE_AND_PLAN	00-p3-charter-and-preflight.md;01a-catalog-request-manifest.json;02-catalog-request-ledger.tsv;03-catalog-evidence-register.tsv;04a-catalog-profile.json;04b-catalog-scope-summary.tsv;04c-catalog-field-profile.tsv;05a-delivery-raw-values.tsv;05b-meeting-raw-values.tsv;06a-section-identity-summary.tsv;06b-filter-source-profile.tsv	P3-CATALOG-DATA	NOT_APPLICABLE	MAPPED_CATALOG
P3T-CAP-CAP-006	CAP	CAP-006	project-governance/current/p2/03-capability-all-matrix.md	line:21	582879CB82CFDB1BBCA353E12F12AAFEC0B99ABCC8C5CE0B3E109C3CE378B00E	默认course-centered，展开匹配sections	P2_APPROVED_BASELINE	CATALOG_EVIDENCE_AND_PLAN	00-p3-charter-and-preflight.md;01a-catalog-request-manifest.json;02-catalog-request-ledger.tsv;03-catalog-evidence-register.tsv;04a-catalog-profile.json;04b-catalog-scope-summary.tsv;04c-catalog-field-profile.tsv;05b-meeting-raw-values.tsv;06a-section-identity-summary.tsv;06b-filter-source-profile.tsv	P3-CATALOG-DATA	NOT_APPLICABLE	MAPPED_CATALOG
P3T-CAP-CAP-007	CAP	CAP-007	project-governance/current/p2/03-capability-all-matrix.md	line:22	582879CB82CFDB1BBCA353E12F12AAFEC0B99ABCC8C5CE0B3E109C3CE378B00E	独立搜索、直接访问并打开完整section详情	P2_APPROVED_BASELINE	CATALOG_EVIDENCE_AND_PLAN	00-p3-charter-and-preflight.md;01a-catalog-request-manifest.json;02-catalog-request-ledger.tsv;03-catalog-evidence-register.tsv;04a-catalog-profile.json;04b-catalog-scope-summary.tsv;04c-catalog-field-profile.tsv;05b-meeting-raw-values.tsv;06a-section-identity-summary.tsv;06b-filter-source-profile.tsv	P3-CATALOG-DATA	NOT_APPLICABLE	MAPPED_CATALOG
P3T-CAP-CAP-008	CAP	CAP-008	project-governance/current/p2/03-capability-all-matrix.md	line:23	582879CB82CFDB1BBCA353E12F12AAFEC0B99ABCC8C5CE0B3E109C3CE378B00E	从course/section选择最多9项并管理	P2_APPROVED_BASELINE	LOCAL_IMPLEMENTATION_PLAN	00-p3-charter-and-preflight.md;05b-meeting-raw-values.tsv;06a-section-identity-summary.tsv;14-open-profile-join-and-error-evidence.md;15-poller-qps-latency-and-safety-model.md;16-shared-open-contract-review-options.md;17-p3-open-review-stop-gate.md;18-open-review-decision-001.md;19-open-cache-and-notification-latency-contract.md;20-p3-open-decision-gate.md;21b-open-round2-resumption-amendment-001.json;22b-open-round2-completion.json;23a-shared-open-final-contract.md;23b-shared-open-final-contract.json	P3-LOCAL-IMPLEMENTATION|P3-SHARED-OPEN-CONTRACT	RESOLVED_P3_SHARED_OPEN_CONTRACT	MAPPED_P3_OPEN_FROZEN
P3T-CAP-CAP-009	CAP	CAP-009	project-governance/current/p2/03-capability-all-matrix.md	line:24	582879CB82CFDB1BBCA353E12F12AAFEC0B99ABCC8C5CE0B3E109C3CE378B00E	页面/连接有效才active；断线立即失效且不自动恢复	P2_APPROVED_BASELINE	LOCAL_IMPLEMENTATION_PLAN	00-p3-charter-and-preflight.md;05b-meeting-raw-values.tsv;14-open-profile-join-and-error-evidence.md;15-poller-qps-latency-and-safety-model.md;16-shared-open-contract-review-options.md;17-p3-open-review-stop-gate.md;18-open-review-decision-001.md;19-open-cache-and-notification-latency-contract.md;20-p3-open-decision-gate.md;21b-open-round2-resumption-amendment-001.json;22b-open-round2-completion.json;23a-shared-open-final-contract.md;23b-shared-open-final-contract.json	P3-LOCAL-IMPLEMENTATION|P3-SHARED-OPEN-CONTRACT	RESOLVED_P3_SHARED_OPEN_CONTRACT	MAPPED_P3_OPEN_FROZEN
P3T-CAP-CAP-010	CAP	CAP-010	project-governance/current/p2/03-capability-all-matrix.md	line:25	582879CB82CFDB1BBCA353E12F12AAFEC0B99ABCC8C5CE0B3E109C3CE378B00E	每个Open episode可见；ONE_SHOT以Max audible限制每section声音但不停止watch	P2_APPROVED_BASELINE	LOCAL_IMPLEMENTATION_PLAN	00-p3-charter-and-preflight.md;06a-section-identity-summary.tsv;14-open-profile-join-and-error-evidence.md;15-poller-qps-latency-and-safety-model.md;16-shared-open-contract-review-options.md;17-p3-open-review-stop-gate.md;18-open-review-decision-001.md;19-open-cache-and-notification-latency-contract.md;20-p3-open-decision-gate.md;21b-open-round2-resumption-amendment-001.json;22b-open-round2-completion.json;23a-shared-open-final-contract.md;23b-shared-open-final-contract.json	P3-LOCAL-IMPLEMENTATION|P3-SHARED-OPEN-CONTRACT	RESOLVED_P3_SHARED_OPEN_CONTRACT	MAPPED_P3_OPEN_FROZEN
P3T-CAP-CAP-011	CAP	CAP-011	project-governance/current/p2/03-capability-all-matrix.md	line:26	582879CB82CFDB1BBCA353E12F12AAFEC0B99ABCC8C5CE0B3E109C3CE378B00E	WebUI发通用声音；选择一声或持续闹钟，并在UI辨认section	P2_APPROVED_BASELINE	LOCAL_IMPLEMENTATION_PLAN	00-p3-charter-and-preflight.md;05b-meeting-raw-values.tsv;06a-section-identity-summary.tsv;14-open-profile-join-and-error-evidence.md;15-poller-qps-latency-and-safety-model.md;16-shared-open-contract-review-options.md;17-p3-open-review-stop-gate.md;18-open-review-decision-001.md;19-open-cache-and-notification-latency-contract.md;20-p3-open-decision-gate.md;21b-open-round2-resumption-amendment-001.json;22b-open-round2-completion.json;23a-shared-open-final-contract.md;23b-shared-open-final-contract.json	P3-LOCAL-IMPLEMENTATION|P3-SHARED-OPEN-CONTRACT	RESOLVED_P3_SHARED_OPEN_CONTRACT	MAPPED_P3_OPEN_FROZEN
P3T-CAP-CAP-012	CAP	CAP-012	project-governance/current/p2/03-capability-all-matrix.md	line:27	582879CB82CFDB1BBCA353E12F12AAFEC0B99ABCC8C5CE0B3E109C3CE378B00E	ONE_SHOT在section持续Open时按每次观察发声至cap；CONTINUOUS同episode确认后不重响	P2_APPROVED_BASELINE	LOCAL_IMPLEMENTATION_PLAN	00-p3-charter-and-preflight.md;06a-section-identity-summary.tsv;14-open-profile-join-and-error-evidence.md;15-poller-qps-latency-and-safety-model.md;16-shared-open-contract-review-options.md;17-p3-open-review-stop-gate.md;18-open-review-decision-001.md;19-open-cache-and-notification-latency-contract.md;20-p3-open-decision-gate.md;21b-open-round2-resumption-amendment-001.json;22b-open-round2-completion.json;23a-shared-open-final-contract.md;23b-shared-open-final-contract.json	P3-LOCAL-IMPLEMENTATION|P3-SHARED-OPEN-CONTRACT	RESOLVED_P3_SHARED_OPEN_CONTRACT	MAPPED_P3_OPEN_FROZEN
P3T-CAP-CAP-013	CAP	CAP-013	project-governance/current/p2/03-capability-all-matrix.md	line:28	582879CB82CFDB1BBCA353E12F12AAFEC0B99ABCC8C5CE0B3E109C3CE378B00E	查看可靠Open/Closed、每次观察时间和拉取统计	P2_APPROVED_BASELINE	CATALOG_EVIDENCE_AND_PLAN	00-p3-charter-and-preflight.md;01a-catalog-request-manifest.json;02-catalog-request-ledger.tsv;03-catalog-evidence-register.tsv;04a-catalog-profile.json;04b-catalog-scope-summary.tsv;04c-catalog-field-profile.tsv;05b-meeting-raw-values.tsv;06a-section-identity-summary.tsv;06b-filter-source-profile.tsv;14-open-profile-join-and-error-evidence.md;15-poller-qps-latency-and-safety-model.md;16-shared-open-contract-review-options.md;17-p3-open-review-stop-gate.md;18-open-review-decision-001.md;19-open-cache-and-notification-latency-contract.md;20-p3-open-decision-gate.md;21b-open-round2-resumption-amendment-001.json;22b-open-round2-completion.json;23a-shared-open-final-contract.md;23b-shared-open-final-contract.json	P3-CATALOG-DATA|P3-SHARED-OPEN-CONTRACT	RESOLVED_P3_SHARED_OPEN_CONTRACT	MAPPED_P3_OPEN_FROZEN
P3T-CAP-CAP-014	CAP	CAP-014	project-governance/current/p2/03-capability-all-matrix.md	line:29	582879CB82CFDB1BBCA353E12F12AAFEC0B99ABCC8C5CE0B3E109C3CE378B00E	至少`en-US`与`zh-CN`普通用户体验一致	P2_APPROVED_BASELINE	LOCAL_IMPLEMENTATION_PLAN	00-p3-charter-and-preflight.md;05b-meeting-raw-values.tsv	P3-LOCAL-IMPLEMENTATION	NOT_APPLICABLE	MAPPED_P3_PLAN
P3T-CAP-CAP-015	CAP	CAP-015	project-governance/current/p2/03-capability-all-matrix.md	line:30	582879CB82CFDB1BBCA353E12F12AAFEC0B99ABCC8C5CE0B3E109C3CE378B00E	本地使用不泄露secret、PII、内部path	P2_APPROVED_BASELINE	LOCAL_IMPLEMENTATION_PLAN	00-p3-charter-and-preflight.md;05b-meeting-raw-values.tsv	P3-LOCAL-IMPLEMENTATION	NOT_APPLICABLE	MAPPED_P3_PLAN
P3T-CAP-CAP-016	CAP	CAP-016	project-governance/current/p2/03-capability-all-matrix.md	line:31	582879CB82CFDB1BBCA353E12F12AAFEC0B99ABCC8C5CE0B3E109C3CE378B00E	数据库可升级、可恢复且不因刷新损坏其他scope	P2_APPROVED_BASELINE	CATALOG_EVIDENCE_AND_PLAN	00-p3-charter-and-preflight.md;01a-catalog-request-manifest.json;02-catalog-request-ledger.tsv;03-catalog-evidence-register.tsv;04a-catalog-profile.json;04b-catalog-scope-summary.tsv;04c-catalog-field-profile.tsv;06b-filter-source-profile.tsv	P3-CATALOG-DATA	NOT_APPLICABLE	MAPPED_CATALOG
P3T-CAP-CAP-017	CAP	CAP-017	project-governance/current/p2/03-capability-all-matrix.md	line:32	582879CB82CFDB1BBCA353E12F12AAFEC0B99ABCC8C5CE0B3E109C3CE378B00E	正式桌面/响应式UI完整可用	P2_APPROVED_BASELINE	LOCAL_IMPLEMENTATION_PLAN	00-p3-charter-and-preflight.md;05b-meeting-raw-values.tsv	P3-LOCAL-IMPLEMENTATION	NOT_APPLICABLE	MAPPED_P3_PLAN
P3T-CAP-CAP-018	CAP	CAP-018	project-governance/current/p2/03-capability-all-matrix.md	line:33	582879CB82CFDB1BBCA353E12F12AAFEC0B99ABCC8C5CE0B3E109C3CE378B00E	获得干净、可重复的本地一键包	P2_APPROVED_BASELINE	LOCAL_IMPLEMENTATION_PLAN	00-p3-charter-and-preflight.md	P3-LOCAL-IMPLEMENTATION	NOT_APPLICABLE	MAPPED_P3_PLAN
P3T-CAP-CAP-019	CAP	CAP-019	project-governance/current/p2/03-capability-all-matrix.md	line:34	582879CB82CFDB1BBCA353E12F12AAFEC0B99ABCC8C5CE0B3E109C3CE378B00E	本地跨启动保留非active设置与Open episode/watch history，并可恢复公网默认	P2_APPROVED_BASELINE	LOCAL_IMPLEMENTATION_PLAN	00-p3-charter-and-preflight.md;14-open-profile-join-and-error-evidence.md;15-poller-qps-latency-and-safety-model.md;16-shared-open-contract-review-options.md;17-p3-open-review-stop-gate.md;18-open-review-decision-001.md;19-open-cache-and-notification-latency-contract.md;20-p3-open-decision-gate.md;21b-open-round2-resumption-amendment-001.json;22b-open-round2-completion.json;23a-shared-open-final-contract.md;23b-shared-open-final-contract.json	P3-LOCAL-IMPLEMENTATION|P3-SHARED-OPEN-CONTRACT	RESOLVED_P3_SHARED_OPEN_CONTRACT	MAPPED_P3_OPEN_FROZEN
P3T-CAP-CAP-020	CAP	CAP-020	project-governance/current/p2/03-capability-all-matrix.md	line:35	582879CB82CFDB1BBCA353E12F12AAFEC0B99ABCC8C5CE0B3E109C3CE378B00E	本地用户保存、比较和复用复杂筛选组合，且未来新增字段可自动纳入；公网不提供	P2_APPROVED_BASELINE	LOCAL_IMPLEMENTATION_PLAN	00-p3-charter-and-preflight.md	P3-LOCAL-IMPLEMENTATION	NOT_APPLICABLE	MAPPED_P3_PLAN
P3T-CAP-CAP-I01	CAP	CAP-I01	project-governance/current/p2/03-capability-all-matrix.md	line:41	582879CB82CFDB1BBCA353E12F12AAFEC0B99ABCC8C5CE0B3E109C3CE378B00E	Rutgers client错误分类、timeout、retry/backoff	P2_APPROVED_BASELINE	CATALOG_EVIDENCE_AND_PLAN	00-p3-charter-and-preflight.md;01a-catalog-request-manifest.json;02-catalog-request-ledger.tsv;03-catalog-evidence-register.tsv;04a-catalog-profile.json;04b-catalog-scope-summary.tsv;04c-catalog-field-profile.tsv;05b-meeting-raw-values.tsv;06b-filter-source-profile.tsv	P3-INTERNAL-QUALITY	NOT_APPLICABLE	MAPPED_CATALOG
P3T-CAP-CAP-I02	CAP	CAP-I02	project-governance/current/p2/03-capability-all-matrix.md	line:42	582879CB82CFDB1BBCA353E12F12AAFEC0B99ABCC8C5CE0B3E109C3CE378B00E	字段normalization与稳定hash	P2_APPROVED_BASELINE	CATALOG_EVIDENCE_AND_PLAN	00-p3-charter-and-preflight.md;01a-catalog-request-manifest.json;02-catalog-request-ledger.tsv;03-catalog-evidence-register.tsv;04a-catalog-profile.json;04b-catalog-scope-summary.tsv;04c-catalog-field-profile.tsv;06a-section-identity-summary.tsv;06b-filter-source-profile.tsv	P3-INTERNAL-QUALITY	NOT_APPLICABLE	MAPPED_CATALOG
P3T-CAP-CAP-I03	CAP	CAP-I03	project-governance/current/p2/03-capability-all-matrix.md	line:43	582879CB82CFDB1BBCA353E12F12AAFEC0B99ABCC8C5CE0B3E109C3CE378B00E	health/readiness	P2_APPROVED_BASELINE	CATALOG_EVIDENCE_AND_PLAN	00-p3-charter-and-preflight.md;01a-catalog-request-manifest.json;02-catalog-request-ledger.tsv;03-catalog-evidence-register.tsv;04a-catalog-profile.json;04b-catalog-scope-summary.tsv;04c-catalog-field-profile.tsv;06b-filter-source-profile.tsv	P3-INTERNAL-QUALITY	NOT_APPLICABLE	MAPPED_CATALOG
P3T-CAP-CAP-I04	CAP	CAP-I04	project-governance/current/p2/03-capability-all-matrix.md	line:44	582879CB82CFDB1BBCA353E12F12AAFEC0B99ABCC8C5CE0B3E109C3CE378B00E	request/poller metrics与redacted logs	P2_APPROVED_BASELINE	CATALOG_EVIDENCE_AND_PLAN	00-p3-charter-and-preflight.md;01a-catalog-request-manifest.json;02-catalog-request-ledger.tsv;03-catalog-evidence-register.tsv;04a-catalog-profile.json;04b-catalog-scope-summary.tsv;04c-catalog-field-profile.tsv;06b-filter-source-profile.tsv;14-open-profile-join-and-error-evidence.md;15-poller-qps-latency-and-safety-model.md;16-shared-open-contract-review-options.md;17-p3-open-review-stop-gate.md;18-open-review-decision-001.md;19-open-cache-and-notification-latency-contract.md;20-p3-open-decision-gate.md;21b-open-round2-resumption-amendment-001.json;22b-open-round2-completion.json;23a-shared-open-final-contract.md;23b-shared-open-final-contract.json	P3-INTERNAL-QUALITY|P3-SHARED-OPEN-CONTRACT	RESOLVED_P3_SHARED_OPEN_CONTRACT	MAPPED_P3_OPEN_FROZEN
P3T-CAP-CAP-I05	CAP	CAP-I05	project-governance/current/p2/03-capability-all-matrix.md	line:45	582879CB82CFDB1BBCA353E12F12AAFEC0B99ABCC8C5CE0B3E109C3CE378B00E	deterministic test入口	P2_APPROVED_BASELINE	CATALOG_EVIDENCE_AND_PLAN	00-p3-charter-and-preflight.md;01a-catalog-request-manifest.json;02-catalog-request-ledger.tsv;03-catalog-evidence-register.tsv;04a-catalog-profile.json;04b-catalog-scope-summary.tsv;04c-catalog-field-profile.tsv;06b-filter-source-profile.tsv	P3-INTERNAL-QUALITY	NOT_APPLICABLE	MAPPED_CATALOG
P3T-CAP-CAP-I06	CAP	CAP-I06	project-governance/current/p2/03-capability-all-matrix.md	line:46	582879CB82CFDB1BBCA353E12F12AAFEC0B99ABCC8C5CE0B3E109C3CE378B00E	dependency consumer closure	P2_APPROVED_BASELINE	CATALOG_EVIDENCE_AND_PLAN	00-p3-charter-and-preflight.md;01a-catalog-request-manifest.json;02-catalog-request-ledger.tsv;03-catalog-evidence-register.tsv;04a-catalog-profile.json;04b-catalog-scope-summary.tsv;04c-catalog-field-profile.tsv;05b-meeting-raw-values.tsv;06b-filter-source-profile.tsv	P3-INTERNAL-QUALITY	NOT_APPLICABLE	MAPPED_CATALOG
P3T-CAP-CAP-I07	CAP	CAP-I07	project-governance/current/p2/03-capability-all-matrix.md	line:47	582879CB82CFDB1BBCA353E12F12AAFEC0B99ABCC8C5CE0B3E109C3CE378B00E	package/runtime residue guard	P2_APPROVED_BASELINE	CATALOG_EVIDENCE_AND_PLAN	00-p3-charter-and-preflight.md;01a-catalog-request-manifest.json;02-catalog-request-ledger.tsv;03-catalog-evidence-register.tsv;04a-catalog-profile.json;04b-catalog-scope-summary.tsv;04c-catalog-field-profile.tsv;05b-meeting-raw-values.tsv;06b-filter-source-profile.tsv	P3-INTERNAL-QUALITY	NOT_APPLICABLE	MAPPED_CATALOG
P3T-CAP-CAP-I08	CAP	CAP-I08	project-governance/current/p2/03-capability-all-matrix.md	line:48	582879CB82CFDB1BBCA353E12F12AAFEC0B99ABCC8C5CE0B3E109C3CE378B00E	真实Rutgers数据证据门	P2_APPROVED_BASELINE	CATALOG_EVIDENCE_AND_PLAN	00-p3-charter-and-preflight.md;01a-catalog-request-manifest.json;02-catalog-request-ledger.tsv;03-catalog-evidence-register.tsv;04a-catalog-profile.json;04b-catalog-scope-summary.tsv;04c-catalog-field-profile.tsv;05a-delivery-raw-values.tsv;06b-filter-source-profile.tsv;14-open-profile-join-and-error-evidence.md;15-poller-qps-latency-and-safety-model.md;16-shared-open-contract-review-options.md;17-p3-open-review-stop-gate.md;18-open-review-decision-001.md;19-open-cache-and-notification-latency-contract.md;20-p3-open-decision-gate.md;21b-open-round2-resumption-amendment-001.json;22b-open-round2-completion.json;23a-shared-open-final-contract.md;23b-shared-open-final-contract.json	P3-INTERNAL-QUALITY|P3-SHARED-OPEN-CONTRACT	RESOLVED_P3_SHARED_OPEN_CONTRACT	MAPPED_P3_OPEN_FROZEN
P3T-ONLY-ONLY-001	ONLY	ONLY-001	project-governance/current/p2/04-only-closure-matrix.md	line:19	5220D912228BCB636F179A8C3FE4E3B1A32E1603CED90ED10FF30C7917C34DDD	`MailSettingsPanel.*`；App挂载；Center/Manager/SubscribeButton email branches；mail i18n/CSS	P2_APPROVED_BASELINE	ONLY_CLOSURE	00-p3-charter-and-preflight.md	P3-ONLY-CLOSURE	NOT_APPLICABLE	MAPPED_ONLY_GUARD
P3T-ONLY-ONLY-002	ONLY	ONLY-002	project-governance/current/p2/04-only-closure-matrix.md	line:20	5220D912228BCB636F179A8C3FE4E3B1A32E1603CED90ED10FF30C7917C34DDD	Center/Manager/SubscribeButton的DB active/contact/token语义	P2_APPROVED_BASELINE	ONLY_CLOSURE	00-p3-charter-and-preflight.md;06a-section-identity-summary.tsv;14-open-profile-join-and-error-evidence.md;15-poller-qps-latency-and-safety-model.md;16-shared-open-contract-review-options.md;17-p3-open-review-stop-gate.md;18-open-review-decision-001.md;19-open-cache-and-notification-latency-contract.md;20-p3-open-decision-gate.md;21b-open-round2-resumption-amendment-001.json;22b-open-round2-completion.json;23a-shared-open-final-contract.md;23b-shared-open-final-contract.json	P3-ONLY-CLOSURE|P3-SHARED-OPEN-CONTRACT	RESOLVED_P3_SHARED_OPEN_CONTRACT	MAPPED_P3_OPEN_FROZEN
P3T-ONLY-ONLY-003	ONLY	ONLY-003	project-governance/current/p2/04-only-closure-matrix.md	line:21	5220D912228BCB636F179A8C3FE4E3B1A32E1603CED90ED10FF30C7917C34DDD	LocalSound hook的7s poll/polling文案	P2_APPROVED_BASELINE	ONLY_CLOSURE	00-p3-charter-and-preflight.md;14-open-profile-join-and-error-evidence.md;15-poller-qps-latency-and-safety-model.md;16-shared-open-contract-review-options.md;17-p3-open-review-stop-gate.md;18-open-review-decision-001.md;19-open-cache-and-notification-latency-contract.md;20-p3-open-decision-gate.md;21b-open-round2-resumption-amendment-001.json;22b-open-round2-completion.json;23a-shared-open-final-contract.md;23b-shared-open-final-contract.json	P3-ONLY-CLOSURE|P3-SHARED-OPEN-CONTRACT	RESOLVED_P3_SHARED_OPEN_CONTRACT	MAPPED_P3_OPEN_FROZEN
P3T-ONLY-ONLY-004	ONLY	ONLY-004	project-governance/current/p2/04-only-closure-matrix.md	line:22	5220D912228BCB636F179A8C3FE4E3B1A32E1603CED90ED10FF30C7917C34DDD	旧UI批次一次tone	P2_APPROVED_BASELINE	ONLY_CLOSURE	00-p3-charter-and-preflight.md;06a-section-identity-summary.tsv;14-open-profile-join-and-error-evidence.md;15-poller-qps-latency-and-safety-model.md;16-shared-open-contract-review-options.md;17-p3-open-review-stop-gate.md;18-open-review-decision-001.md;19-open-cache-and-notification-latency-contract.md;20-p3-open-decision-gate.md;21b-open-round2-resumption-amendment-001.json;22b-open-round2-completion.json;23a-shared-open-final-contract.md;23b-shared-open-final-contract.json	P3-ONLY-CLOSURE|P3-SHARED-OPEN-CONTRACT	RESOLVED_P3_SHARED_OPEN_CONTRACT	MAPPED_P3_OPEN_FROZEN
P3T-ONLY-ONLY-005	ONLY	ONLY-005	project-governance/current/p2/04-only-closure-matrix.md	line:23	5220D912228BCB636F179A8C3FE4E3B1A32E1603CED90ED10FF30C7917C34DDD	`SchedulePreview.*`、dev mock/playground、calendar i18n	P2_APPROVED_BASELINE	ONLY_CLOSURE	00-p3-charter-and-preflight.md;05b-meeting-raw-values.tsv	P3-ONLY-CLOSURE	NOT_APPLICABLE	MAPPED_ONLY_GUARD
P3T-ONLY-ONLY-006	ONLY	ONLY-006	project-governance/current/p2/04-only-closure-matrix.md	line:24	5220D912228BCB636F179A8C3FE4E3B1A32E1603CED90ED10FF30C7917C34DDD	无专属React UI	P2_APPROVED_BASELINE	ONLY_CLOSURE	00-p3-charter-and-preflight.md	P3-ONLY-CLOSURE	NOT_APPLICABLE	MAPPED_ONLY_GUARD
P3T-ONLY-ONLY-007	ONLY	ONLY-007	project-governance/current/p2/04-only-closure-matrix.md	line:25	5220D912228BCB636F179A8C3FE4E3B1A32E1603CED90ED10FF30C7917C34DDD	当前树允许范围零UI	P2_APPROVED_BASELINE	ONLY_CLOSURE	00-p3-charter-and-preflight.md;05b-meeting-raw-values.tsv	P3-ONLY-CLOSURE	NOT_APPLICABLE	MAPPED_ONLY_GUARD
P3T-ONLY-ONLY-008	ONLY	ONLY-008	project-governance/current/p2/04-only-closure-matrix.md	line:26	5220D912228BCB636F179A8C3FE4E3B1A32E1603CED90ED10FF30C7917C34DDD	零	P2_APPROVED_BASELINE	ONLY_CLOSURE	00-p3-charter-and-preflight.md;05b-meeting-raw-values.tsv	P3-ONLY-CLOSURE	NOT_APPLICABLE	MAPPED_ONLY_GUARD
P3T-ONLY-ONLY-009	ONLY	ONLY-009	project-governance/current/p2/04-only-closure-matrix.md	line:27	5220D912228BCB636F179A8C3FE4E3B1A32E1603CED90ED10FF30C7917C34DDD	当前Vite dev依赖launcher	P2_APPROVED_BASELINE	ONLY_CLOSURE	00-p3-charter-and-preflight.md;05b-meeting-raw-values.tsv	P3-ONLY-CLOSURE	NOT_APPLICABLE	MAPPED_ONLY_GUARD
P3T-ONLY-ONLY-010	ONLY	ONLY-010	project-governance/current/p2/04-only-closure-matrix.md	line:28	5220D912228BCB636F179A8C3FE4E3B1A32E1603CED90ED10FF30C7917C34DDD	浏览器连接5174 dev	P2_APPROVED_BASELINE	ONLY_CLOSURE	00-p3-charter-and-preflight.md	P3-ONLY-CLOSURE	NOT_APPLICABLE	MAPPED_ONLY_GUARD
P3T-ONLY-ONLY-011	ONLY	ONLY-011	project-governance/current/p2/04-only-closure-matrix.md	line:29	5220D912228BCB636F179A8C3FE4E3B1A32E1603CED90ED10FF30C7917C34DDD	archive-only toggle；当前hook cache无UI	P2_APPROVED_BASELINE	ONLY_CLOSURE	00-p3-charter-and-preflight.md;14-open-profile-join-and-error-evidence.md;15-poller-qps-latency-and-safety-model.md;16-shared-open-contract-review-options.md;17-p3-open-review-stop-gate.md;18-open-review-decision-001.md;19-open-cache-and-notification-latency-contract.md;20-p3-open-decision-gate.md;21b-open-round2-resumption-amendment-001.json;22b-open-round2-completion.json;23a-shared-open-final-contract.md;23b-shared-open-final-contract.json	P3-ONLY-CLOSURE|P3-SHARED-OPEN-CONTRACT	RESOLVED_P3_SHARED_OPEN_CONTRACT	MAPPED_P3_OPEN_FROZEN
P3T-ONLY-ONLY-012	ONLY	ONLY-012	project-governance/current/p2/04-only-closure-matrix.md	line:30	5220D912228BCB636F179A8C3FE4E3B1A32E1603CED90ED10FF30C7917C34DDD	docs候选	P2_APPROVED_BASELINE	ONLY_CLOSURE	00-p3-charter-and-preflight.md	P3-ONLY-CLOSURE	NOT_APPLICABLE	MAPPED_ONLY_GUARD
P3T-ONLY-ONLY-013	ONLY	ONLY-013	project-governance/current/p2/04-only-closure-matrix.md	line:31	5220D912228BCB636F179A8C3FE4E3B1A32E1603CED90ED10FF30C7917C34DDD	无production UI；URL helper orphan	P2_APPROVED_BASELINE	ONLY_CLOSURE	00-p3-charter-and-preflight.md;05b-meeting-raw-values.tsv;06a-section-identity-summary.tsv	P3-ONLY-CLOSURE	NOT_APPLICABLE	MAPPED_ONLY_GUARD
P3T-ONLY-ONLY-014	ONLY	ONLY-014	project-governance/current/p2/04-only-closure-matrix.md	line:32	5220D912228BCB636F179A8C3FE4E3B1A32E1603CED90ED10FF30C7917C34DDD	openStatus enum/旧偏好候选	P2_APPROVED_BASELINE	ONLY_CLOSURE	00-p3-charter-and-preflight.md;05b-meeting-raw-values.tsv;06a-section-identity-summary.tsv;14-open-profile-join-and-error-evidence.md;15-poller-qps-latency-and-safety-model.md;16-shared-open-contract-review-options.md;17-p3-open-review-stop-gate.md;18-open-review-decision-001.md;19-open-cache-and-notification-latency-contract.md;20-p3-open-decision-gate.md;21b-open-round2-resumption-amendment-001.json;22b-open-round2-completion.json;23a-shared-open-final-contract.md;23b-shared-open-final-contract.json	P3-ONLY-CLOSURE|P3-SHARED-OPEN-CONTRACT	RESOLVED_P3_SHARED_OPEN_CONTRACT	MAPPED_P3_OPEN_FROZEN
P3T-ONLY-ONLY-015	ONLY	ONLY-015	project-governance/current/p2/04-only-closure-matrix.md	line:33	5220D912228BCB636F179A8C3FE4E3B1A32E1603CED90ED10FF30C7917C34DDD	无完整当前UI，旧types存在	P2_APPROVED_BASELINE	ONLY_CLOSURE	00-p3-charter-and-preflight.md;14-open-profile-join-and-error-evidence.md;15-poller-qps-latency-and-safety-model.md;16-shared-open-contract-review-options.md;17-p3-open-review-stop-gate.md;18-open-review-decision-001.md;19-open-cache-and-notification-latency-contract.md;20-p3-open-decision-gate.md;21b-open-round2-resumption-amendment-001.json;22b-open-round2-completion.json;23a-shared-open-final-contract.md;23b-shared-open-final-contract.json	P3-ONLY-CLOSURE|P3-SHARED-OPEN-CONTRACT	RESOLVED_P3_SHARED_OPEN_CONTRACT	MAPPED_P3_OPEN_FROZEN
P3T-ONLY-ONLY-016	ONLY	ONLY-016	project-governance/current/p2/04-only-closure-matrix.md	line:34	5220D912228BCB636F179A8C3FE4E3B1A32E1603CED90ED10FF30C7917C34DDD	fallback terms/campuses/subjects让错误看似可用	P2_APPROVED_BASELINE	ONLY_CLOSURE	00-p3-charter-and-preflight.md;05b-meeting-raw-values.tsv	P3-ONLY-CLOSURE	NOT_APPLICABLE	MAPPED_ONLY_GUARD
P3T-ONLY-ONLY-017	ONLY	ONLY-017	project-governance/current/p2/04-only-closure-matrix.md	line:35	5220D912228BCB636F179A8C3FE4E3B1A32E1603CED90ED10FF30C7917C34DDD	Playground、mock、unused SubscribeButton、dead `uiStatus/dirtyFields`、missing favicon/title	P2_APPROVED_BASELINE	ONLY_CLOSURE	00-p3-charter-and-preflight.md;06a-section-identity-summary.tsv	P3-ONLY-CLOSURE	NOT_APPLICABLE	MAPPED_ONLY_GUARD
P3T-ONLY-ONLY-018	ONLY	ONLY-018	project-governance/current/p2/04-only-closure-matrix.md	line:36	5220D912228BCB636F179A8C3FE4E3B1A32E1603CED90ED10FF30C7917C34DDD	无	P2_APPROVED_BASELINE	ONLY_CLOSURE	00-p3-charter-and-preflight.md;05b-meeting-raw-values.tsv	P3-ONLY-CLOSURE	NOT_APPLICABLE	MAPPED_ONLY_GUARD
P3T-ONLY-ONLY-019	ONLY	ONLY-019	project-governance/current/p2/04-only-closure-matrix.md	line:37	5220D912228BCB636F179A8C3FE4E3B1A32E1603CED90ED10FF30C7917C34DDD	无	P2_APPROVED_BASELINE	ONLY_CLOSURE	00-p3-charter-and-preflight.md;05b-meeting-raw-values.tsv	P3-ONLY-CLOSURE	NOT_APPLICABLE	MAPPED_ONLY_GUARD
P3T-ONLY-ONLY-020	ONLY	ONLY-020	project-governance/current/p2/04-only-closure-matrix.md	line:38	5220D912228BCB636F179A8C3FE4E3B1A32E1603CED90ED10FF30C7917C34DDD	n/a	P2_APPROVED_BASELINE	ONLY_CLOSURE	00-p3-charter-and-preflight.md	P3-ONLY-CLOSURE	NOT_APPLICABLE	MAPPED_ONLY_GUARD
P3T-ONLY-ONLY-021	ONLY	ONLY-021	project-governance/current/p2/04-only-closure-matrix.md	line:39	5220D912228BCB636F179A8C3FE4E3B1A32E1603CED90ED10FF30C7917C34DDD	不分叉普通UI	P2_APPROVED_BASELINE	ONLY_CLOSURE	00-p3-charter-and-preflight.md;05b-meeting-raw-values.tsv	P3-ONLY-CLOSURE	NOT_APPLICABLE	MAPPED_ONLY_GUARD
P3T-ONLY-ONLY-022	ONLY	ONLY-022	project-governance/current/p2/04-only-closure-matrix.md	line:40	5220D912228BCB636F179A8C3FE4E3B1A32E1603CED90ED10FF30C7917C34DDD	DataFetchCard显示crawler/job log	P2_APPROVED_BASELINE	ONLY_CLOSURE	00-p3-charter-and-preflight.md;05b-meeting-raw-values.tsv;14-open-profile-join-and-error-evidence.md;15-poller-qps-latency-and-safety-model.md;16-shared-open-contract-review-options.md;17-p3-open-review-stop-gate.md;18-open-review-decision-001.md;19-open-cache-and-notification-latency-contract.md;20-p3-open-decision-gate.md;21b-open-round2-resumption-amendment-001.json;22b-open-round2-completion.json;23a-shared-open-final-contract.md;23b-shared-open-final-contract.json	P3-ONLY-CLOSURE|P3-SHARED-OPEN-CONTRACT	RESOLVED_P3_SHARED_OPEN_CONTRACT	MAPPED_P3_OPEN_FROZEN
P3T-ONLY-ONLY-023	ONLY	ONLY-023	project-governance/current/p2/04-only-closure-matrix.md	line:41	5220D912228BCB636F179A8C3FE4E3B1A32E1603CED90ED10FF30C7917C34DDD	旧设计把Save与Share/URL并列；无production PresetManager	P2_APPROVED_BASELINE	ONLY_CLOSURE	00-p3-charter-and-preflight.md	P3-ONLY-CLOSURE	NOT_APPLICABLE	MAPPED_ONLY_GUARD
P3T-ONLY-ONLY-024	ONLY	ONLY-024	project-governance/current/p2/04-only-closure-matrix.md	line:42	5220D912228BCB636F179A8C3FE4E3B1A32E1603CED90ED10FF30C7917C34DDD	旧preset filter control/state候选	P2_APPROVED_BASELINE	ONLY_CLOSURE	00-p3-charter-and-preflight.md	P3-ONLY-CLOSURE	NOT_APPLICABLE	MAPPED_ONLY_GUARD
P3T-REUSE-R-BE-001	REUSE	R-BE-001	project-governance/current/p2/05-reuse-and-port-matrix.md	line:39	2C38529B792798B289E515306A39F3E232B8AB3FEC3CAF4F9AC3341C360A806C	config contract	P2_APPROVED_BASELINE	LOCAL_IMPLEMENTATION_PLAN	00-p3-charter-and-preflight.md	P3-LOCAL-IMPLEMENTATION	NOT_APPLICABLE	MAPPED_P3_PLAN
P3T-REUSE-R-BE-002	REUSE	R-BE-002	project-governance/current/p2/05-reuse-and-port-matrix.md	line:40	2C38529B792798B289E515306A39F3E232B8AB3FEC3CAF4F9AC3341C360A806C	SQLite lifecycle/WAL/FK	P2_APPROVED_BASELINE	CATALOG_EVIDENCE_AND_PLAN	00-p3-charter-and-preflight.md;01a-catalog-request-manifest.json;02-catalog-request-ledger.tsv;03-catalog-evidence-register.tsv;04a-catalog-profile.json;04b-catalog-scope-summary.tsv;04c-catalog-field-profile.tsv;06b-filter-source-profile.tsv	P3-CATALOG-DATA	NOT_APPLICABLE	MAPPED_CATALOG
P3T-REUSE-R-BE-003	REUSE	R-BE-003	project-governance/current/p2/05-reuse-and-port-matrix.md	line:41	2C38529B792798B289E515306A39F3E232B8AB3FEC3CAF4F9AC3341C360A806C	contract/observability	P2_APPROVED_BASELINE	LOCAL_IMPLEMENTATION_PLAN	00-p3-charter-and-preflight.md	P3-LOCAL-IMPLEMENTATION	NOT_APPLICABLE	MAPPED_P3_PLAN
P3T-REUSE-R-BE-004	REUSE	R-BE-004	project-governance/current/p2/05-reuse-and-port-matrix.md	line:42	2C38529B792798B289E515306A39F3E232B8AB3FEC3CAF4F9AC3341C360A806C	validation/pagination normalizers	P2_APPROVED_BASELINE	CATALOG_EVIDENCE_AND_PLAN	00-p3-charter-and-preflight.md;01a-catalog-request-manifest.json;02-catalog-request-ledger.tsv;03-catalog-evidence-register.tsv;04a-catalog-profile.json;04b-catalog-scope-summary.tsv;04c-catalog-field-profile.tsv;06a-section-identity-summary.tsv;06b-filter-source-profile.tsv	P3-CATALOG-DATA	NOT_APPLICABLE	MAPPED_CATALOG
P3T-REUSE-R-BE-005	REUSE	R-BE-005	project-governance/current/p2/05-reuse-and-port-matrix.md	line:43	2C38529B792798B289E515306A39F3E232B8AB3FEC3CAF4F9AC3341C360A806C	SQL/query/parameter binding/sort/same-section skeleton	P2_APPROVED_BASELINE	CATALOG_EVIDENCE_AND_PLAN	00-p3-charter-and-preflight.md;01a-catalog-request-manifest.json;02-catalog-request-ledger.tsv;03-catalog-evidence-register.tsv;04a-catalog-profile.json;04b-catalog-scope-summary.tsv;04c-catalog-field-profile.tsv;05b-meeting-raw-values.tsv;06a-section-identity-summary.tsv;06b-filter-source-profile.tsv	P3-CATALOG-DATA	NOT_APPLICABLE	MAPPED_CATALOG
P3T-REUSE-R-BE-006	REUSE	R-BE-006	project-governance/current/p2/05-reuse-and-port-matrix.md	line:44	2C38529B792798B289E515306A39F3E232B8AB3FEC3CAF4F9AC3341C360A806C	dynamic dictionary SQL	P2_APPROVED_BASELINE	CATALOG_EVIDENCE_AND_PLAN	00-p3-charter-and-preflight.md;01a-catalog-request-manifest.json;02-catalog-request-ledger.tsv;03-catalog-evidence-register.tsv;04a-catalog-profile.json;04b-catalog-scope-summary.tsv;04c-catalog-field-profile.tsv;06b-filter-source-profile.tsv	P3-CATALOG-DATA	NOT_APPLICABLE	MAPPED_CATALOG
P3T-REUSE-R-BE-007	REUSE	R-BE-007	project-governance/current/p2/05-reuse-and-port-matrix.md	line:45	2C38529B792798B289E515306A39F3E232B8AB3FEC3CAF4F9AC3341C360A806C	field discovery/validation hints	P2_APPROVED_BASELINE	CATALOG_EVIDENCE_AND_PLAN	00-p3-charter-and-preflight.md;01a-catalog-request-manifest.json;02-catalog-request-ledger.tsv;03-catalog-evidence-register.tsv;04a-catalog-profile.json;04b-catalog-scope-summary.tsv;04c-catalog-field-profile.tsv;06a-section-identity-summary.tsv;06b-filter-source-profile.tsv	P3-CATALOG-DATA	NOT_APPLICABLE	MAPPED_CATALOG
P3T-REUSE-R-BE-008	REUSE	R-BE-008	project-governance/current/p2/05-reuse-and-port-matrix.md	line:46	2C38529B792798B289E515306A39F3E232B8AB3FEC3CAF4F9AC3341C360A806C	none beyond stub surface	P2_APPROVED_BASELINE	CATALOG_EVIDENCE_AND_PLAN	00-p3-charter-and-preflight.md;01a-catalog-request-manifest.json;02-catalog-request-ledger.tsv;03-catalog-evidence-register.tsv;04a-catalog-profile.json;04b-catalog-scope-summary.tsv;04c-catalog-field-profile.tsv;06a-section-identity-summary.tsv;06b-filter-source-profile.tsv	P3-CATALOG-DATA	NOT_APPLICABLE	MAPPED_CATALOG
P3T-REUSE-R-BE-009	REUSE	R-BE-009	project-governance/current/p2/05-reuse-and-port-matrix.md	line:47	2C38529B792798B289E515306A39F3E232B8AB3FEC3CAF4F9AC3341C360A806C	readiness/error contract	P2_APPROVED_BASELINE	LOCAL_IMPLEMENTATION_PLAN	00-p3-charter-and-preflight.md	P3-LOCAL-IMPLEMENTATION	NOT_APPLICABLE	MAPPED_P3_PLAN
P3T-REUSE-R-BE-010	REUSE	R-BE-010	project-governance/current/p2/05-reuse-and-port-matrix.md	line:48	2C38529B792798B289E515306A39F3E232B8AB3FEC3CAF4F9AC3341C360A806C	job state/mutex/error ideas	P2_APPROVED_BASELINE	CATALOG_EVIDENCE_AND_PLAN	00-p3-charter-and-preflight.md;01a-catalog-request-manifest.json;02-catalog-request-ledger.tsv;03-catalog-evidence-register.tsv;04a-catalog-profile.json;04b-catalog-scope-summary.tsv;04c-catalog-field-profile.tsv;06b-filter-source-profile.tsv	P3-CATALOG-DATA	NOT_APPLICABLE	MAPPED_CATALOG
P3T-REUSE-R-BE-011	REUSE	R-BE-011	project-governance/current/p2/05-reuse-and-port-matrix.md	line:49	2C38529B792798B289E515306A39F3E232B8AB3FEC3CAF4F9AC3341C360A806C	composite key与限制fixture	P2_APPROVED_BASELINE	LOCAL_IMPLEMENTATION_PLAN	00-p3-charter-and-preflight.md;06a-section-identity-summary.tsv;14-open-profile-join-and-error-evidence.md;15-poller-qps-latency-and-safety-model.md;16-shared-open-contract-review-options.md;17-p3-open-review-stop-gate.md;18-open-review-decision-001.md;19-open-cache-and-notification-latency-contract.md;20-p3-open-decision-gate.md;21b-open-round2-resumption-amendment-001.json;22b-open-round2-completion.json;23a-shared-open-final-contract.md;23b-shared-open-final-contract.json	P3-LOCAL-IMPLEMENTATION|P3-SHARED-OPEN-CONTRACT	RESOLVED_P3_SHARED_OPEN_CONTRACT	MAPPED_P3_OPEN_FROZEN
P3T-REUSE-R-BE-012	REUSE	R-BE-012	project-governance/current/p2/05-reuse-and-port-matrix.md	line:50	2C38529B792798B289E515306A39F3E232B8AB3FEC3CAF4F9AC3341C360A806C	event fields	P2_APPROVED_BASELINE	CATALOG_EVIDENCE_AND_PLAN	00-p3-charter-and-preflight.md;01a-catalog-request-manifest.json;02-catalog-request-ledger.tsv;03-catalog-evidence-register.tsv;04a-catalog-profile.json;04b-catalog-scope-summary.tsv;04c-catalog-field-profile.tsv;05b-meeting-raw-values.tsv;06a-section-identity-summary.tsv;06b-filter-source-profile.tsv;14-open-profile-join-and-error-evidence.md;15-poller-qps-latency-and-safety-model.md;16-shared-open-contract-review-options.md;17-p3-open-review-stop-gate.md;18-open-review-decision-001.md;19-open-cache-and-notification-latency-contract.md;20-p3-open-decision-gate.md;21b-open-round2-resumption-amendment-001.json;22b-open-round2-completion.json;23a-shared-open-final-contract.md;23b-shared-open-final-contract.json	P3-CATALOG-DATA|P3-SHARED-OPEN-CONTRACT	RESOLVED_P3_SHARED_OPEN_CONTRACT	MAPPED_P3_OPEN_FROZEN
P3T-REUSE-R-BE-013	REUSE	R-BE-013	project-governance/current/p2/05-reuse-and-port-matrix.md	line:51	2C38529B792798B289E515306A39F3E232B8AB3FEC3CAF4F9AC3341C360A806C	protocol/runtime	P2_APPROVED_BASELINE	LOCAL_IMPLEMENTATION_PLAN	00-p3-charter-and-preflight.md;05b-meeting-raw-values.tsv;14-open-profile-join-and-error-evidence.md;15-poller-qps-latency-and-safety-model.md;16-shared-open-contract-review-options.md;17-p3-open-review-stop-gate.md;18-open-review-decision-001.md;19-open-cache-and-notification-latency-contract.md;20-p3-open-decision-gate.md;21b-open-round2-resumption-amendment-001.json;22b-open-round2-completion.json;23a-shared-open-final-contract.md;23b-shared-open-final-contract.json	P3-LOCAL-IMPLEMENTATION|P3-SHARED-OPEN-CONTRACT	RESOLVED_P3_SHARED_OPEN_CONTRACT	MAPPED_P3_OPEN_FROZEN
P3T-REUSE-R-BE-014	REUSE	R-BE-014	project-governance/current/p2/05-reuse-and-port-matrix.md	line:52	2C38529B792798B289E515306A39F3E232B8AB3FEC3CAF4F9AC3341C360A806C	mail product	P2_APPROVED_BASELINE	LOCAL_IMPLEMENTATION_PLAN	00-p3-charter-and-preflight.md	P3-LOCAL-IMPLEMENTATION	NOT_APPLICABLE	MAPPED_P3_PLAN
P3T-REUSE-R-BE-015	REUSE	R-BE-015	project-governance/current/p2/05-reuse-and-port-matrix.md	line:53	2C38529B792798B289E515306A39F3E232B8AB3FEC3CAF4F9AC3341C360A806C	generic algorithm	P2_APPROVED_BASELINE	CATALOG_EVIDENCE_AND_PLAN	00-p3-charter-and-preflight.md;01a-catalog-request-manifest.json;02-catalog-request-ledger.tsv;03-catalog-evidence-register.tsv;04a-catalog-profile.json;04b-catalog-scope-summary.tsv;04c-catalog-field-profile.tsv;06b-filter-source-profile.tsv	P3-CATALOG-DATA	NOT_APPLICABLE	MAPPED_CATALOG
P3T-REUSE-R-DAT-001	REUSE	R-DAT-001	project-governance/current/p2/05-reuse-and-port-matrix.md	line:59	2C38529B792798B289E515306A39F3E232B8AB3FEC3CAF4F9AC3341C360A806C	endpoint/term/timeout/error/retry-hint	P2_APPROVED_BASELINE	CATALOG_EVIDENCE_AND_PLAN	00-p3-charter-and-preflight.md;01a-catalog-request-manifest.json;02-catalog-request-ledger.tsv;03-catalog-evidence-register.tsv;04a-catalog-profile.json;04b-catalog-scope-summary.tsv;04c-catalog-field-profile.tsv;05b-meeting-raw-values.tsv;06b-filter-source-profile.tsv	P3-CATALOG-DATA	NOT_APPLICABLE	MAPPED_CATALOG
P3T-REUSE-R-DAT-002	REUSE	R-DAT-002	project-governance/current/p2/05-reuse-and-port-matrix.md	line:60	2C38529B792798B289E515306A39F3E232B8AB3FEC3CAF4F9AC3341C360A806C	data model/field extraction/stable hash	P2_APPROVED_BASELINE	CATALOG_EVIDENCE_AND_PLAN	00-p3-charter-and-preflight.md;01a-catalog-request-manifest.json;02-catalog-request-ledger.tsv;03-catalog-evidence-register.tsv;04a-catalog-profile.json;04b-catalog-scope-summary.tsv;04c-catalog-field-profile.tsv;05b-meeting-raw-values.tsv;06a-section-identity-summary.tsv;06b-filter-source-profile.tsv	P3-CATALOG-DATA	NOT_APPLICABLE	MAPPED_CATALOG
P3T-REUSE-R-DAT-003	REUSE	R-DAT-003	project-governance/current/p2/05-reuse-and-port-matrix.md	line:61	2C38529B792798B289E515306A39F3E232B8AB3FEC3CAF4F9AC3341C360A806C	algorithm	P2_APPROVED_BASELINE	CATALOG_EVIDENCE_AND_PLAN	00-p3-charter-and-preflight.md;01a-catalog-request-manifest.json;02-catalog-request-ledger.tsv;03-catalog-evidence-register.tsv;04a-catalog-profile.json;04b-catalog-scope-summary.tsv;04c-catalog-field-profile.tsv;06b-filter-source-profile.tsv	P3-CATALOG-DATA	NOT_APPLICABLE	MAPPED_CATALOG
P3T-REUSE-R-DAT-004	REUSE	R-DAT-004	project-governance/current/p2/05-reuse-and-port-matrix.md	line:62	2C38529B792798B289E515306A39F3E232B8AB3FEC3CAF4F9AC3341C360A806C	transactional/staging/upsert/hash/summary/open reconcile	P2_APPROVED_BASELINE	CATALOG_EVIDENCE_AND_PLAN	00-p3-charter-and-preflight.md;01a-catalog-request-manifest.json;02-catalog-request-ledger.tsv;03-catalog-evidence-register.tsv;04a-catalog-profile.json;04b-catalog-scope-summary.tsv;04c-catalog-field-profile.tsv;06b-filter-source-profile.tsv	P3-CATALOG-DATA	NOT_APPLICABLE	MAPPED_CATALOG
P3T-REUSE-R-DAT-005	REUSE	R-DAT-005	project-governance/current/p2/05-reuse-and-port-matrix.md	line:63	2C38529B792798B289E515306A39F3E232B8AB3FEC3CAF4F9AC3341C360A806C	named migrations/checksum/transaction	P2_APPROVED_BASELINE	CATALOG_EVIDENCE_AND_PLAN	00-p3-charter-and-preflight.md;01a-catalog-request-manifest.json;02-catalog-request-ledger.tsv;03-catalog-evidence-register.tsv;04a-catalog-profile.json;04b-catalog-scope-summary.tsv;04c-catalog-field-profile.tsv;06b-filter-source-profile.tsv	P3-CATALOG-DATA	NOT_APPLICABLE	MAPPED_CATALOG
P3T-REUSE-R-DAT-006	REUSE	R-DAT-006	project-governance/current/p2/05-reuse-and-port-matrix.md	line:64	2C38529B792798B289E515306A39F3E232B8AB3FEC3CAF4F9AC3341C360A806C	schema	P2_APPROVED_BASELINE	CATALOG_EVIDENCE_AND_PLAN	00-p3-charter-and-preflight.md;01a-catalog-request-manifest.json;02-catalog-request-ledger.tsv;03-catalog-evidence-register.tsv;04a-catalog-profile.json;04b-catalog-scope-summary.tsv;04c-catalog-field-profile.tsv;05a-delivery-raw-values.tsv;05b-meeting-raw-values.tsv;06a-section-identity-summary.tsv;06b-filter-source-profile.tsv	P3-CATALOG-DATA	NOT_APPLICABLE	MAPPED_CATALOG
P3T-REUSE-R-DAT-007	REUSE	R-DAT-007	project-governance/current/p2/05-reuse-and-port-matrix.md	line:65	2C38529B792798B289E515306A39F3E232B8AB3FEC3CAF4F9AC3341C360A806C	schema	P2_APPROVED_BASELINE	CATALOG_EVIDENCE_AND_PLAN	00-p3-charter-and-preflight.md;01a-catalog-request-manifest.json;02-catalog-request-ledger.tsv;03-catalog-evidence-register.tsv;04a-catalog-profile.json;04b-catalog-scope-summary.tsv;04c-catalog-field-profile.tsv;06b-filter-source-profile.tsv	P3-CATALOG-DATA	NOT_APPLICABLE	MAPPED_CATALOG
P3T-REUSE-R-DAT-008	REUSE	R-DAT-008	project-governance/current/p2/05-reuse-and-port-matrix.md	line:66	2C38529B792798B289E515306A39F3E232B8AB3FEC3CAF4F9AC3341C360A806C	algorithm/runtime	P2_APPROVED_BASELINE	CATALOG_EVIDENCE_AND_PLAN	00-p3-charter-and-preflight.md;01a-catalog-request-manifest.json;02-catalog-request-ledger.tsv;03-catalog-evidence-register.tsv;04a-catalog-profile.json;04b-catalog-scope-summary.tsv;04c-catalog-field-profile.tsv;05b-meeting-raw-values.tsv;06a-section-identity-summary.tsv;06b-filter-source-profile.tsv;14-open-profile-join-and-error-evidence.md;15-poller-qps-latency-and-safety-model.md;16-shared-open-contract-review-options.md;17-p3-open-review-stop-gate.md;18-open-review-decision-001.md;19-open-cache-and-notification-latency-contract.md;20-p3-open-decision-gate.md;21b-open-round2-resumption-amendment-001.json;22b-open-round2-completion.json;23a-shared-open-final-contract.md;23b-shared-open-final-contract.json	P3-CATALOG-DATA|P3-SHARED-OPEN-CONTRACT	RESOLVED_P3_SHARED_OPEN_CONTRACT	MAPPED_P3_OPEN_FROZEN
P3T-REUSE-R-DAT-009	REUSE	R-DAT-009	project-governance/current/p2/05-reuse-and-port-matrix.md	line:67	2C38529B792798B289E515306A39F3E232B8AB3FEC3CAF4F9AC3341C360A806C	product semantics	P2_APPROVED_BASELINE	LOCAL_IMPLEMENTATION_PLAN	00-p3-charter-and-preflight.md;14-open-profile-join-and-error-evidence.md;15-poller-qps-latency-and-safety-model.md;16-shared-open-contract-review-options.md;17-p3-open-review-stop-gate.md;18-open-review-decision-001.md;19-open-cache-and-notification-latency-contract.md;20-p3-open-decision-gate.md;21b-open-round2-resumption-amendment-001.json;22b-open-round2-completion.json;23a-shared-open-final-contract.md;23b-shared-open-final-contract.json	P3-LOCAL-IMPLEMENTATION|P3-SHARED-OPEN-CONTRACT	RESOLVED_P3_SHARED_OPEN_CONTRACT	MAPPED_P3_OPEN_FROZEN
P3T-REUSE-R-DAT-010	REUSE	R-DAT-010	project-governance/current/p2/05-reuse-and-port-matrix.md	line:68	2C38529B792798B289E515306A39F3E232B8AB3FEC3CAF4F9AC3341C360A806C	tests/fixtures	P2_APPROVED_BASELINE	CATALOG_EVIDENCE_AND_PLAN	00-p3-charter-and-preflight.md;01a-catalog-request-manifest.json;02-catalog-request-ledger.tsv;03-catalog-evidence-register.tsv;04a-catalog-profile.json;04b-catalog-scope-summary.tsv;04c-catalog-field-profile.tsv;06b-filter-source-profile.tsv	P3-CATALOG-DATA	NOT_APPLICABLE	MAPPED_CATALOG
P3T-REUSE-R-DAT-011	REUSE	R-DAT-011	project-governance/current/p2/05-reuse-and-port-matrix.md	line:69	2C38529B792798B289E515306A39F3E232B8AB3FEC3CAF4F9AC3341C360A806C	tests	P2_APPROVED_BASELINE	CATALOG_EVIDENCE_AND_PLAN	00-p3-charter-and-preflight.md;01a-catalog-request-manifest.json;02-catalog-request-ledger.tsv;03-catalog-evidence-register.tsv;04a-catalog-profile.json;04b-catalog-scope-summary.tsv;04c-catalog-field-profile.tsv;06a-section-identity-summary.tsv;06b-filter-source-profile.tsv;14-open-profile-join-and-error-evidence.md;15-poller-qps-latency-and-safety-model.md;16-shared-open-contract-review-options.md;17-p3-open-review-stop-gate.md;18-open-review-decision-001.md;19-open-cache-and-notification-latency-contract.md;20-p3-open-decision-gate.md;21b-open-round2-resumption-amendment-001.json;22b-open-round2-completion.json;23a-shared-open-final-contract.md;23b-shared-open-final-contract.json	P3-CATALOG-DATA|P3-SHARED-OPEN-CONTRACT	RESOLVED_P3_SHARED_OPEN_CONTRACT	MAPPED_P3_OPEN_FROZEN
P3T-REUSE-R-DAT-012	REUSE	R-DAT-012	project-governance/current/p2/05-reuse-and-port-matrix.md	line:70	2C38529B792798B289E515306A39F3E232B8AB3FEC3CAF4F9AC3341C360A806C	product contract；无安全旧schema可复用	P2_APPROVED_BASELINE	CATALOG_EVIDENCE_AND_PLAN	00-p3-charter-and-preflight.md;01a-catalog-request-manifest.json;02-catalog-request-ledger.tsv;03-catalog-evidence-register.tsv;04a-catalog-profile.json;04b-catalog-scope-summary.tsv;04c-catalog-field-profile.tsv;06b-filter-source-profile.tsv;14-open-profile-join-and-error-evidence.md;15-poller-qps-latency-and-safety-model.md;16-shared-open-contract-review-options.md;17-p3-open-review-stop-gate.md;18-open-review-decision-001.md;19-open-cache-and-notification-latency-contract.md;20-p3-open-decision-gate.md;21b-open-round2-resumption-amendment-001.json;22b-open-round2-completion.json;23a-shared-open-final-contract.md;23b-shared-open-final-contract.json	P3-CATALOG-DATA|P3-SHARED-OPEN-CONTRACT	RESOLVED_P3_SHARED_OPEN_CONTRACT	MAPPED_P3_OPEN_FROZEN
P3T-REUSE-R-RUN-001	REUSE	R-RUN-001	project-governance/current/p2/05-reuse-and-port-matrix.md	line:76	2C38529B792798B289E515306A39F3E232B8AB3FEC3CAF4F9AC3341C360A806C	user entry/error shell	P2_APPROVED_BASELINE	LOCAL_IMPLEMENTATION_PLAN	00-p3-charter-and-preflight.md	P3-LOCAL-IMPLEMENTATION	NOT_APPLICABLE	MAPPED_P3_PLAN
P3T-REUSE-R-RUN-002	REUSE	R-RUN-002	project-governance/current/p2/05-reuse-and-port-matrix.md	line:77	2C38529B792798B289E515306A39F3E232B8AB3FEC3CAF4F9AC3341C360A806C	historical launcher	P2_APPROVED_BASELINE	LOCAL_IMPLEMENTATION_PLAN	00-p3-charter-and-preflight.md	P3-LOCAL-IMPLEMENTATION	NOT_APPLICABLE	MAPPED_P3_PLAN
P3T-REUSE-R-RUN-003	REUSE	R-RUN-003	project-governance/current/p2/05-reuse-and-port-matrix.md	line:78	2C38529B792798B289E515306A39F3E232B8AB3FEC3CAF4F9AC3341C360A806C	supervision/open browser/path/error lessons	P2_APPROVED_BASELINE	LOCAL_IMPLEMENTATION_PLAN	00-p3-charter-and-preflight.md	P3-LOCAL-IMPLEMENTATION	NOT_APPLICABLE	MAPPED_P3_PLAN
P3T-REUSE-R-RUN-004	REUSE	R-RUN-004	project-governance/current/p2/05-reuse-and-port-matrix.md	line:79	2C38529B792798B289E515306A39F3E232B8AB3FEC3CAF4F9AC3341C360A806C	dependency/command evidence	P2_APPROVED_BASELINE	CATALOG_EVIDENCE_AND_PLAN	00-p3-charter-and-preflight.md;01a-catalog-request-manifest.json;02-catalog-request-ledger.tsv;03-catalog-evidence-register.tsv;04a-catalog-profile.json;04b-catalog-scope-summary.tsv;04c-catalog-field-profile.tsv;05b-meeting-raw-values.tsv;06b-filter-source-profile.tsv	P3-CATALOG-DATA	NOT_APPLICABLE	MAPPED_CATALOG
P3T-REUSE-R-RUN-005	REUSE	R-RUN-005	project-governance/current/p2/05-reuse-and-port-matrix.md	line:80	2C38529B792798B289E515306A39F3E232B8AB3FEC3CAF4F9AC3341C360A806C	build toolchain	P2_APPROVED_BASELINE	LOCAL_IMPLEMENTATION_PLAN	00-p3-charter-and-preflight.md	P3-LOCAL-IMPLEMENTATION	NOT_APPLICABLE	MAPPED_P3_PLAN
P3T-REUSE-R-RUN-006	REUSE	R-RUN-006	project-governance/current/p2/05-reuse-and-port-matrix.md	line:81	2C38529B792798B289E515306A39F3E232B8AB3FEC3CAF4F9AC3341C360A806C	packaging/security guard	P2_APPROVED_BASELINE	LOCAL_IMPLEMENTATION_PLAN	00-p3-charter-and-preflight.md;05b-meeting-raw-values.tsv	P3-LOCAL-IMPLEMENTATION	NOT_APPLICABLE	MAPPED_P3_PLAN
P3T-REUSE-R-RUN-007	REUSE	R-RUN-007	project-governance/current/p2/05-reuse-and-port-matrix.md	line:82	2C38529B792798B289E515306A39F3E232B8AB3FEC3CAF4F9AC3341C360A806C	contract/history	P2_APPROVED_BASELINE	CATALOG_EVIDENCE_AND_PLAN	00-p3-charter-and-preflight.md;01a-catalog-request-manifest.json;02-catalog-request-ledger.tsv;03-catalog-evidence-register.tsv;04a-catalog-profile.json;04b-catalog-scope-summary.tsv;04c-catalog-field-profile.tsv;05a-delivery-raw-values.tsv;06b-filter-source-profile.tsv	P3-CATALOG-DATA	NOT_APPLICABLE	MAPPED_CATALOG
P3T-REUSE-R-RUN-008	REUSE	R-RUN-008	project-governance/current/p2/05-reuse-and-port-matrix.md	line:83	2C38529B792798B289E515306A39F3E232B8AB3FEC3CAF4F9AC3341C360A806C	user docs	P2_APPROVED_BASELINE	CATALOG_EVIDENCE_AND_PLAN	00-p3-charter-and-preflight.md;01a-catalog-request-manifest.json;02-catalog-request-ledger.tsv;03-catalog-evidence-register.tsv;04a-catalog-profile.json;04b-catalog-scope-summary.tsv;04c-catalog-field-profile.tsv;06b-filter-source-profile.tsv	P3-CATALOG-DATA	NOT_APPLICABLE	MAPPED_CATALOG
P3T-REUSE-R-RUN-009	REUSE	R-RUN-009	project-governance/current/p2/05-reuse-and-port-matrix.md	line:84	2C38529B792798B289E515306A39F3E232B8AB3FEC3CAF4F9AC3341C360A806C	ops lessons	P2_APPROVED_BASELINE	LOCAL_IMPLEMENTATION_PLAN	00-p3-charter-and-preflight.md	P3-LOCAL-IMPLEMENTATION	NOT_APPLICABLE	MAPPED_P3_PLAN
P3T-REUSE-R-RUN-010	REUSE	R-RUN-010	project-governance/current/p2/05-reuse-and-port-matrix.md	line:85	2C38529B792798B289E515306A39F3E232B8AB3FEC3CAF4F9AC3341C360A806C	internal tooling/evidence	P2_APPROVED_BASELINE	LOCAL_IMPLEMENTATION_PLAN	00-p3-charter-and-preflight.md	P3-LOCAL-IMPLEMENTATION	NOT_APPLICABLE	MAPPED_P3_PLAN
P3T-REUSE-R-RUN-011	REUSE	R-RUN-011	project-governance/current/p2/05-reuse-and-port-matrix.md	line:86	2C38529B792798B289E515306A39F3E232B8AB3FEC3CAF4F9AC3341C360A806C	evidence/fixture source	P2_APPROVED_BASELINE	LOCAL_IMPLEMENTATION_PLAN	00-p3-charter-and-preflight.md	P3-LOCAL-IMPLEMENTATION	NOT_APPLICABLE	MAPPED_P3_PLAN
P3T-REUSE-R-RUN-012	REUSE	R-RUN-012	project-governance/current/p2/05-reuse-and-port-matrix.md	line:87	2C38529B792798B289E515306A39F3E232B8AB3FEC3CAF4F9AC3341C360A806C	directory metadata/failure memory	P2_APPROVED_BASELINE	LOCAL_IMPLEMENTATION_PLAN	00-p3-charter-and-preflight.md	P3-LOCAL-IMPLEMENTATION	NOT_APPLICABLE	MAPPED_P3_PLAN
P3T-REUSE-R-RUN-013	REUSE	R-RUN-013	project-governance/current/p2/05-reuse-and-port-matrix.md	line:88	2C38529B792798B289E515306A39F3E232B8AB3FEC3CAF4F9AC3341C360A806C	build/runtime state	P2_APPROVED_BASELINE	LOCAL_IMPLEMENTATION_PLAN	00-p3-charter-and-preflight.md;05b-meeting-raw-values.tsv	P3-LOCAL-IMPLEMENTATION	NOT_APPLICABLE	MAPPED_P3_PLAN
P3T-REUSE-R-UI-001	REUSE	R-UI-001	project-governance/current/p2/05-reuse-and-port-matrix.md	line:15	2C38529B792798B289E515306A39F3E232B8AB3FEC3CAF4F9AC3341C360A806C	source utility	P2_APPROVED_BASELINE	LOCAL_IMPLEMENTATION_PLAN	00-p3-charter-and-preflight.md	P3-LOCAL-IMPLEMENTATION	NOT_APPLICABLE	MAPPED_P3_PLAN
P3T-REUSE-R-UI-002	REUSE	R-UI-002	project-governance/current/p2/05-reuse-and-port-matrix.md	line:16	2C38529B792798B289E515306A39F3E232B8AB3FEC3CAF4F9AC3341C360A806C	source/entry	P2_APPROVED_BASELINE	LOCAL_IMPLEMENTATION_PLAN	00-p3-charter-and-preflight.md;06a-section-identity-summary.tsv	P3-LOCAL-IMPLEMENTATION	NOT_APPLICABLE	MAPPED_P3_PLAN
P3T-REUSE-R-UI-003	REUSE	R-UI-003	project-governance/current/p2/05-reuse-and-port-matrix.md	line:17	2C38529B792798B289E515306A39F3E232B8AB3FEC3CAF4F9AC3341C360A806C	HTTP adapter/error contract	P2_APPROVED_BASELINE	LOCAL_IMPLEMENTATION_PLAN	00-p3-charter-and-preflight.md;05b-meeting-raw-values.tsv	P3-LOCAL-IMPLEMENTATION	NOT_APPLICABLE	MAPPED_P3_PLAN
P3T-REUSE-R-UI-004	REUSE	R-UI-004	project-governance/current/p2/05-reuse-and-port-matrix.md	line:18	2C38529B792798B289E515306A39F3E232B8AB3FEC3CAF4F9AC3341C360A806C	UI/state emission/chips/sidebar	P2_APPROVED_BASELINE	CATALOG_EVIDENCE_AND_PLAN	00-p3-charter-and-preflight.md;01a-catalog-request-manifest.json;02-catalog-request-ledger.tsv;03-catalog-evidence-register.tsv;04a-catalog-profile.json;04b-catalog-scope-summary.tsv;04c-catalog-field-profile.tsv;06b-filter-source-profile.tsv	P3-CATALOG-DATA	NOT_APPLICABLE	MAPPED_CATALOG
P3T-REUSE-R-UI-005	REUSE	R-UI-005	project-governance/current/p2/05-reuse-and-port-matrix.md	line:19	2C38529B792798B289E515306A39F3E232B8AB3FEC3CAF4F9AC3341C360A806C	state/query/dirty/URL algorithms	P2_APPROVED_BASELINE	CATALOG_EVIDENCE_AND_PLAN	00-p3-charter-and-preflight.md;01a-catalog-request-manifest.json;02-catalog-request-ledger.tsv;03-catalog-evidence-register.tsv;04a-catalog-profile.json;04b-catalog-scope-summary.tsv;04c-catalog-field-profile.tsv;06a-section-identity-summary.tsv;06b-filter-source-profile.tsv	P3-CATALOG-DATA	NOT_APPLICABLE	MAPPED_CATALOG
P3T-REUSE-R-UI-006	REUSE	R-UI-006	project-governance/current/p2/05-reuse-and-port-matrix.md	line:20	2C38529B792798B289E515306A39F3E232B8AB3FEC3CAF4F9AC3341C360A806C	mapping/stable key/predicate tests	P2_APPROVED_BASELINE	CATALOG_EVIDENCE_AND_PLAN	00-p3-charter-and-preflight.md;01a-catalog-request-manifest.json;02-catalog-request-ledger.tsv;03-catalog-evidence-register.tsv;04a-catalog-profile.json;04b-catalog-scope-summary.tsv;04c-catalog-field-profile.tsv;06a-section-identity-summary.tsv;06b-filter-source-profile.tsv	P3-CATALOG-DATA	NOT_APPLICABLE	MAPPED_CATALOG
P3T-REUSE-R-UI-007	REUSE	R-UI-007	project-governance/current/p2/05-reuse-and-port-matrix.md	line:21	2C38529B792798B289E515306A39F3E232B8AB3FEC3CAF4F9AC3341C360A806C	course-card/status/pagination shell	P2_APPROVED_BASELINE	CATALOG_EVIDENCE_AND_PLAN	00-p3-charter-and-preflight.md;01a-catalog-request-manifest.json;02-catalog-request-ledger.tsv;03-catalog-evidence-register.tsv;04a-catalog-profile.json;04b-catalog-scope-summary.tsv;04c-catalog-field-profile.tsv;06a-section-identity-summary.tsv;06b-filter-source-profile.tsv	P3-CATALOG-DATA	NOT_APPLICABLE	MAPPED_CATALOG
P3T-REUSE-R-UI-008	REUSE	R-UI-008	project-governance/current/p2/05-reuse-and-port-matrix.md	line:22	2C38529B792798B289E515306A39F3E232B8AB3FEC3CAF4F9AC3341C360A806C	composition/layout/error state	P2_APPROVED_BASELINE	CATALOG_EVIDENCE_AND_PLAN	00-p3-charter-and-preflight.md;01a-catalog-request-manifest.json;02-catalog-request-ledger.tsv;03-catalog-evidence-register.tsv;04a-catalog-profile.json;04b-catalog-scope-summary.tsv;04c-catalog-field-profile.tsv;06a-section-identity-summary.tsv;06b-filter-source-profile.tsv	P3-CATALOG-DATA	NOT_APPLICABLE	MAPPED_CATALOG
P3T-REUSE-R-UI-009	REUSE	R-UI-009	project-governance/current/p2/05-reuse-and-port-matrix.md	line:23	2C38529B792798B289E515306A39F3E232B8AB3FEC3CAF4F9AC3341C360A806C	dynamic dictionary adapter	P2_APPROVED_BASELINE	CATALOG_EVIDENCE_AND_PLAN	00-p3-charter-and-preflight.md;01a-catalog-request-manifest.json;02-catalog-request-ledger.tsv;03-catalog-evidence-register.tsv;04a-catalog-profile.json;04b-catalog-scope-summary.tsv;04c-catalog-field-profile.tsv;05a-delivery-raw-values.tsv;05b-meeting-raw-values.tsv;06b-filter-source-profile.tsv	P3-CATALOG-DATA	NOT_APPLICABLE	MAPPED_CATALOG
P3T-REUSE-R-UI-010	REUSE	R-UI-010	project-governance/current/p2/05-reuse-and-port-matrix.md	line:24	2C38529B792798B289E515306A39F3E232B8AB3FEC3CAF4F9AC3341C360A806C	term parse/build algorithm	P2_APPROVED_BASELINE	CATALOG_EVIDENCE_AND_PLAN	00-p3-charter-and-preflight.md;01a-catalog-request-manifest.json;02-catalog-request-ledger.tsv;03-catalog-evidence-register.tsv;04a-catalog-profile.json;04b-catalog-scope-summary.tsv;04c-catalog-field-profile.tsv;06b-filter-source-profile.tsv	P3-CATALOG-DATA	NOT_APPLICABLE	MAPPED_CATALOG
P3T-REUSE-R-UI-011	REUSE	R-UI-011	project-governance/current/p2/05-reuse-and-port-matrix.md	line:25	2C38529B792798B289E515306A39F3E232B8AB3FEC3CAF4F9AC3341C360A806C	UI/source/asset	P2_APPROVED_BASELINE	CATALOG_EVIDENCE_AND_PLAN	00-p3-charter-and-preflight.md;01a-catalog-request-manifest.json;02-catalog-request-ledger.tsv;03-catalog-evidence-register.tsv;04a-catalog-profile.json;04b-catalog-scope-summary.tsv;04c-catalog-field-profile.tsv;06b-filter-source-profile.tsv	P3-CATALOG-DATA	NOT_APPLICABLE	MAPPED_CATALOG
P3T-REUSE-R-UI-012	REUSE	R-UI-012	project-governance/current/p2/05-reuse-and-port-matrix.md	line:26	2C38529B792798B289E515306A39F3E232B8AB3FEC3CAF4F9AC3341C360A806C	UI component	P2_APPROVED_BASELINE	CATALOG_EVIDENCE_AND_PLAN	00-p3-charter-and-preflight.md;01a-catalog-request-manifest.json;02-catalog-request-ledger.tsv;03-catalog-evidence-register.tsv;04a-catalog-profile.json;04b-catalog-scope-summary.tsv;04c-catalog-field-profile.tsv;06b-filter-source-profile.tsv	P3-CATALOG-DATA	NOT_APPLICABLE	MAPPED_CATALOG
P3T-REUSE-R-UI-013	REUSE	R-UI-013	project-governance/current/p2/05-reuse-and-port-matrix.md	line:27	2C38529B792798B289E515306A39F3E232B8AB3FEC3CAF4F9AC3341C360A806C	status/selection/error shell	P2_APPROVED_BASELINE	CATALOG_EVIDENCE_AND_PLAN	00-p3-charter-and-preflight.md;01a-catalog-request-manifest.json;02-catalog-request-ledger.tsv;03-catalog-evidence-register.tsv;04a-catalog-profile.json;04b-catalog-scope-summary.tsv;04c-catalog-field-profile.tsv;05b-meeting-raw-values.tsv;06b-filter-source-profile.tsv	P3-CATALOG-DATA	NOT_APPLICABLE	MAPPED_CATALOG
P3T-REUSE-R-UI-014	REUSE	R-UI-014	project-governance/current/p2/05-reuse-and-port-matrix.md	line:28	2C38529B792798B289E515306A39F3E232B8AB3FEC3CAF4F9AC3341C360A806C	section chooser/list/feedback UI	P2_APPROVED_BASELINE	CATALOG_EVIDENCE_AND_PLAN	00-p3-charter-and-preflight.md;01a-catalog-request-manifest.json;02-catalog-request-ledger.tsv;03-catalog-evidence-register.tsv;04a-catalog-profile.json;04b-catalog-scope-summary.tsv;04c-catalog-field-profile.tsv;06a-section-identity-summary.tsv;06b-filter-source-profile.tsv;14-open-profile-join-and-error-evidence.md;15-poller-qps-latency-and-safety-model.md;16-shared-open-contract-review-options.md;17-p3-open-review-stop-gate.md;18-open-review-decision-001.md;19-open-cache-and-notification-latency-contract.md;20-p3-open-decision-gate.md;21b-open-round2-resumption-amendment-001.json;22b-open-round2-completion.json;23a-shared-open-final-contract.md;23b-shared-open-final-contract.json	P3-CATALOG-DATA|P3-SHARED-OPEN-CONTRACT	RESOLVED_P3_SHARED_OPEN_CONTRACT	MAPPED_P3_OPEN_FROZEN
P3T-REUSE-R-UI-015	REUSE	R-UI-015	project-governance/current/p2/05-reuse-and-port-matrix.md	line:29	2C38529B792798B289E515306A39F3E232B8AB3FEC3CAF4F9AC3341C360A806C	audio/toast UI state	P2_APPROVED_BASELINE	LOCAL_IMPLEMENTATION_PLAN	00-p3-charter-and-preflight.md;05b-meeting-raw-values.tsv;14-open-profile-join-and-error-evidence.md;15-poller-qps-latency-and-safety-model.md;16-shared-open-contract-review-options.md;17-p3-open-review-stop-gate.md;18-open-review-decision-001.md;19-open-cache-and-notification-latency-contract.md;20-p3-open-decision-gate.md;21b-open-round2-resumption-amendment-001.json;22b-open-round2-completion.json;23a-shared-open-final-contract.md;23b-shared-open-final-contract.json	P3-LOCAL-IMPLEMENTATION|P3-SHARED-OPEN-CONTRACT	RESOLVED_P3_SHARED_OPEN_CONTRACT	MAPPED_P3_OPEN_FROZEN
P3T-REUSE-R-UI-016	REUSE	R-UI-016	project-governance/current/p2/05-reuse-and-port-matrix.md	line:30	2C38529B792798B289E515306A39F3E232B8AB3FEC3CAF4F9AC3341C360A806C	future algorithm/style/fixture	P2_APPROVED_BASELINE	LOCAL_IMPLEMENTATION_PLAN	00-p3-charter-and-preflight.md;05b-meeting-raw-values.tsv	P3-LOCAL-IMPLEMENTATION	NOT_APPLICABLE	MAPPED_P3_PLAN
P3T-REUSE-R-UI-017	REUSE	R-UI-017	project-governance/current/p2/05-reuse-and-port-matrix.md	line:31	2C38529B792798B289E515306A39F3E232B8AB3FEC3CAF4F9AC3341C360A806C	UI/API/types/assets	P2_APPROVED_BASELINE	LOCAL_IMPLEMENTATION_PLAN	00-p3-charter-and-preflight.md	P3-LOCAL-IMPLEMENTATION	NOT_APPLICABLE	MAPPED_P3_PLAN
P3T-REUSE-R-UI-018	REUSE	R-UI-018	project-governance/current/p2/05-reuse-and-port-matrix.md	line:32	2C38529B792798B289E515306A39F3E232B8AB3FEC3CAF4F9AC3341C360A806C	dependency	P2_APPROVED_BASELINE	LOCAL_IMPLEMENTATION_PLAN	00-p3-charter-and-preflight.md	P3-LOCAL-IMPLEMENTATION	NOT_APPLICABLE	MAPPED_P3_PLAN
P3T-REUSE-R-UI-019	REUSE	R-UI-019	project-governance/current/p2/05-reuse-and-port-matrix.md	line:33	2C38529B792798B289E515306A39F3E232B8AB3FEC3CAF4F9AC3341C360A806C	interaction intent/state groundwork	P2_APPROVED_BASELINE	CATALOG_EVIDENCE_AND_PLAN	00-p3-charter-and-preflight.md;01a-catalog-request-manifest.json;02-catalog-request-ledger.tsv;03-catalog-evidence-register.tsv;04a-catalog-profile.json;04b-catalog-scope-summary.tsv;04c-catalog-field-profile.tsv;06b-filter-source-profile.tsv	P3-CATALOG-DATA	NOT_APPLICABLE	MAPPED_CATALOG
P3T-SEM-SEM-API-001	SEM	SEM-API-001	project-governance/current/p2/02-file-semantic-matrix.md	line:15	AC9B25D036065F702106313170E4D3CE1B386DCD9F32A15E9C4638C3E9F17506	`api/src/routes/notifications.local.ts:7-58` claim DTO、通知字段	P2_APPROVED_BASELINE	CATALOG_EVIDENCE_AND_PLAN	00-p3-charter-and-preflight.md;01a-catalog-request-manifest.json;02-catalog-request-ledger.tsv;03-catalog-evidence-register.tsv;04a-catalog-profile.json;04b-catalog-scope-summary.tsv;04c-catalog-field-profile.tsv;05b-meeting-raw-values.tsv;06a-section-identity-summary.tsv;06b-filter-source-profile.tsv;14-open-profile-join-and-error-evidence.md;15-poller-qps-latency-and-safety-model.md;16-shared-open-contract-review-options.md;17-p3-open-review-stop-gate.md;18-open-review-decision-001.md;19-open-cache-and-notification-latency-contract.md;20-p3-open-decision-gate.md;21b-open-round2-resumption-amendment-001.json;22b-open-round2-completion.json;23a-shared-open-final-contract.md;23b-shared-open-final-contract.json	P3-CATALOG-DATA|P3-SHARED-OPEN-CONTRACT	RESOLVED_P3_SHARED_OPEN_CONTRACT	MAPPED_P3_OPEN_FROZEN
P3T-SEM-SEM-API-002	SEM	SEM-API-002	project-governance/current/p2/02-file-semantic-matrix.md	line:16	AC9B25D036065F702106313170E4D3CE1B386DCD9F32A15E9C4638C3E9F17506	`api/src/routes/notifications.local.ts:60-211` HTTP claim	P2_APPROVED_BASELINE	CATALOG_EVIDENCE_AND_PLAN	00-p3-charter-and-preflight.md;01a-catalog-request-manifest.json;02-catalog-request-ledger.tsv;03-catalog-evidence-register.tsv;04a-catalog-profile.json;04b-catalog-scope-summary.tsv;04c-catalog-field-profile.tsv;06b-filter-source-profile.tsv;14-open-profile-join-and-error-evidence.md;15-poller-qps-latency-and-safety-model.md;16-shared-open-contract-review-options.md;17-p3-open-review-stop-gate.md;18-open-review-decision-001.md;19-open-cache-and-notification-latency-contract.md;20-p3-open-decision-gate.md;21b-open-round2-resumption-amendment-001.json;22b-open-round2-completion.json;23a-shared-open-final-contract.md;23b-shared-open-final-contract.json	P3-CATALOG-DATA|P3-SHARED-OPEN-CONTRACT	RESOLVED_P3_SHARED_OPEN_CONTRACT	MAPPED_P3_OPEN_FROZEN
P3T-SEM-SEM-API-003	SEM	SEM-API-003	project-governance/current/p2/02-file-semantic-matrix.md	line:17	AC9B25D036065F702106313170E4D3CE1B386DCD9F32A15E9C4638C3E9F17506	`api/src/routes/subscriptions.ts:19-69,126-162` section locator 与 preferences parsing	P2_APPROVED_BASELINE	CATALOG_EVIDENCE_AND_PLAN	00-p3-charter-and-preflight.md;01a-catalog-request-manifest.json;02-catalog-request-ledger.tsv;03-catalog-evidence-register.tsv;04a-catalog-profile.json;04b-catalog-scope-summary.tsv;04c-catalog-field-profile.tsv;06a-section-identity-summary.tsv;06b-filter-source-profile.tsv;14-open-profile-join-and-error-evidence.md;15-poller-qps-latency-and-safety-model.md;16-shared-open-contract-review-options.md;17-p3-open-review-stop-gate.md;18-open-review-decision-001.md;19-open-cache-and-notification-latency-contract.md;20-p3-open-decision-gate.md;21b-open-round2-resumption-amendment-001.json;22b-open-round2-completion.json;23a-shared-open-final-contract.md;23b-shared-open-final-contract.json	P3-CATALOG-DATA|P3-SHARED-OPEN-CONTRACT	RESOLVED_P3_SHARED_OPEN_CONTRACT	MAPPED_P3_OPEN_FROZEN
P3T-SEM-SEM-API-004	SEM	SEM-API-004	project-governance/current/p2/02-file-semantic-matrix.md	line:18	AC9B25D036065F702106313170E4D3CE1B386DCD9F32A15E9C4638C3E9F17506	`api/src/routes/subscriptions.ts:168-316,382-695` create/resolve/dedupe/unsubscribe	P2_APPROVED_BASELINE	CATALOG_EVIDENCE_AND_PLAN	00-p3-charter-and-preflight.md;01a-catalog-request-manifest.json;02-catalog-request-ledger.tsv;03-catalog-evidence-register.tsv;04a-catalog-profile.json;04b-catalog-scope-summary.tsv;04c-catalog-field-profile.tsv;06b-filter-source-profile.tsv;14-open-profile-join-and-error-evidence.md;15-poller-qps-latency-and-safety-model.md;16-shared-open-contract-review-options.md;17-p3-open-review-stop-gate.md;18-open-review-decision-001.md;19-open-cache-and-notification-latency-contract.md;20-p3-open-decision-gate.md;21b-open-round2-resumption-amendment-001.json;22b-open-round2-completion.json;23a-shared-open-final-contract.md;23b-shared-open-final-contract.json	P3-CATALOG-DATA|P3-SHARED-OPEN-CONTRACT	RESOLVED_P3_SHARED_OPEN_CONTRACT	MAPPED_P3_OPEN_FROZEN
P3T-SEM-SEM-API-005	SEM	SEM-API-005	project-governance/current/p2/02-file-semantic-matrix.md	line:19	AC9B25D036065F702106313170E4D3CE1B386DCD9F32A15E9C4638C3E9F17506	`api/src/routes/subscriptions.ts:317-380,636-659` 全局 list 与 id-only cancel	P2_APPROVED_BASELINE	LOCAL_IMPLEMENTATION_PLAN	00-p3-charter-and-preflight.md	P3-LOCAL-IMPLEMENTATION	NOT_APPLICABLE	MAPPED_P3_PLAN
P3T-SEM-SEM-API-006	SEM	SEM-API-006	project-governance/current/p2/02-file-semantic-matrix.md	line:20	AC9B25D036065F702106313170E4D3CE1B386DCD9F32A15E9C4638C3E9F17506	`api/src/routes/subscriptions.ts:153-162,443-457` `maxNotifications` default/range	P2_APPROVED_BASELINE	CATALOG_EVIDENCE_AND_PLAN	00-p3-charter-and-preflight.md;01a-catalog-request-manifest.json;02-catalog-request-ledger.tsv;03-catalog-evidence-register.tsv;04a-catalog-profile.json;04b-catalog-scope-summary.tsv;04c-catalog-field-profile.tsv;06a-section-identity-summary.tsv;06b-filter-source-profile.tsv;14-open-profile-join-and-error-evidence.md;15-poller-qps-latency-and-safety-model.md;16-shared-open-contract-review-options.md;17-p3-open-review-stop-gate.md;18-open-review-decision-001.md;19-open-cache-and-notification-latency-contract.md;20-p3-open-decision-gate.md;21b-open-round2-resumption-amendment-001.json;22b-open-round2-completion.json;23a-shared-open-final-contract.md;23b-shared-open-final-contract.json	P3-CATALOG-DATA|P3-SHARED-OPEN-CONTRACT	RESOLVED_P3_SHARED_OPEN_CONTRACT	MAPPED_P3_OPEN_FROZEN
P3T-SEM-SEM-API-007	SEM	SEM-API-007	project-governance/current/p2/02-file-semantic-matrix.md	line:21	AC9B25D036065F702106313170E4D3CE1B386DCD9F32A15E9C4638C3E9F17506	`api/src/server.ts:18-82` lifecycle、trace、error envelope	P2_APPROVED_BASELINE	LOCAL_IMPLEMENTATION_PLAN	00-p3-charter-and-preflight.md	P3-LOCAL-IMPLEMENTATION	NOT_APPLICABLE	MAPPED_P3_PLAN
P3T-SEM-SEM-API-008	SEM	SEM-API-008	project-governance/current/p2/02-file-semantic-matrix.md	line:22	AC9B25D036065F702106313170E4D3CE1B386DCD9F32A15E9C4638C3E9F17506	`api/src/server.ts:83-95` route registration	P2_APPROVED_BASELINE	CATALOG_EVIDENCE_AND_PLAN	00-p3-charter-and-preflight.md;01a-catalog-request-manifest.json;02-catalog-request-ledger.tsv;03-catalog-evidence-register.tsv;04a-catalog-profile.json;04b-catalog-scope-summary.tsv;04c-catalog-field-profile.tsv;06a-section-identity-summary.tsv;06b-filter-source-profile.tsv	P3-CATALOG-DATA	NOT_APPLICABLE	MAPPED_CATALOG
P3T-SEM-SEM-API-009	SEM	SEM-API-009	project-governance/current/p2/02-file-semantic-matrix.md	line:23	AC9B25D036065F702106313170E4D3CE1B386DCD9F32A15E9C4638C3E9F17506	`api/tests/notifications.local.test.ts:1-140`	P2_APPROVED_BASELINE	CATALOG_EVIDENCE_AND_PLAN	00-p3-charter-and-preflight.md;01a-catalog-request-manifest.json;02-catalog-request-ledger.tsv;03-catalog-evidence-register.tsv;04a-catalog-profile.json;04b-catalog-scope-summary.tsv;04c-catalog-field-profile.tsv;05a-delivery-raw-values.tsv;06b-filter-source-profile.tsv	P3-CATALOG-DATA	NOT_APPLICABLE	MAPPED_CATALOG
P3T-SEM-SEM-API-010	SEM	SEM-API-010	project-governance/current/p2/02-file-semantic-matrix.md	line:24	AC9B25D036065F702106313170E4D3CE1B386DCD9F32A15E9C4638C3E9F17506	`api/tests/subscriptions.test.ts:1-361`	P2_APPROVED_BASELINE	CATALOG_EVIDENCE_AND_PLAN	00-p3-charter-and-preflight.md;01a-catalog-request-manifest.json;02-catalog-request-ledger.tsv;03-catalog-evidence-register.tsv;04a-catalog-profile.json;04b-catalog-scope-summary.tsv;04c-catalog-field-profile.tsv;06a-section-identity-summary.tsv;06b-filter-source-profile.tsv;14-open-profile-join-and-error-evidence.md;15-poller-qps-latency-and-safety-model.md;16-shared-open-contract-review-options.md;17-p3-open-review-stop-gate.md;18-open-review-decision-001.md;19-open-cache-and-notification-latency-contract.md;20-p3-open-decision-gate.md;21b-open-round2-resumption-amendment-001.json;22b-open-round2-completion.json;23a-shared-open-final-contract.md;23b-shared-open-final-contract.json	P3-CATALOG-DATA|P3-SHARED-OPEN-CONTRACT	RESOLVED_P3_SHARED_OPEN_CONTRACT	MAPPED_P3_OPEN_FROZEN
P3T-SEM-SEM-DAT-001	SEM	SEM-DAT-001	project-governance/current/p2/02-file-semantic-matrix.md	line:30	AC9B25D036065F702106313170E4D3CE1B386DCD9F32A15E9C4638C3E9F17506	`configs/fetch_pipeline.example.json:8-76` targets、timeout、retry/rate shape	P2_APPROVED_BASELINE	CATALOG_EVIDENCE_AND_PLAN	00-p3-charter-and-preflight.md;01a-catalog-request-manifest.json;02-catalog-request-ledger.tsv;03-catalog-evidence-register.tsv;04a-catalog-profile.json;04b-catalog-scope-summary.tsv;04c-catalog-field-profile.tsv;05b-meeting-raw-values.tsv;06b-filter-source-profile.tsv	P3-CATALOG-DATA	NOT_APPLICABLE	MAPPED_CATALOG
P3T-SEM-SEM-DAT-002	SEM	SEM-DAT-002	project-governance/current/p2/02-file-semantic-matrix.md	line:31	AC9B25D036065F702106313170E4D3CE1B386DCD9F32A15E9C4638C3E9F17506	`configs/fetch_pipeline.example.json:77-107` mode/resume/metrics/recency等	P2_APPROVED_BASELINE	CATALOG_EVIDENCE_AND_PLAN	00-p3-charter-and-preflight.md;01a-catalog-request-manifest.json;02-catalog-request-ledger.tsv;03-catalog-evidence-register.tsv;04a-catalog-profile.json;04b-catalog-scope-summary.tsv;04c-catalog-field-profile.tsv;06b-filter-source-profile.tsv;14-open-profile-join-and-error-evidence.md;15-poller-qps-latency-and-safety-model.md;16-shared-open-contract-review-options.md;17-p3-open-review-stop-gate.md;18-open-review-decision-001.md;19-open-cache-and-notification-latency-contract.md;20-p3-open-decision-gate.md;21b-open-round2-resumption-amendment-001.json;22b-open-round2-completion.json;23a-shared-open-final-contract.md;23b-shared-open-final-contract.json	P3-CATALOG-DATA|P3-SHARED-OPEN-CONTRACT	RESOLVED_P3_SHARED_OPEN_CONTRACT	MAPPED_P3_OPEN_FROZEN
P3T-SEM-SEM-DAT-003	SEM	SEM-DAT-003	project-governance/current/p2/02-file-semantic-matrix.md	line:32	AC9B25D036065F702106313170E4D3CE1B386DCD9F32A15E9C4638C3E9F17506	`configs/fetch_pipeline.schema.json` 已有真实消费字段	P2_APPROVED_BASELINE	CATALOG_EVIDENCE_AND_PLAN	00-p3-charter-and-preflight.md;01a-catalog-request-manifest.json;02-catalog-request-ledger.tsv;03-catalog-evidence-register.tsv;04a-catalog-profile.json;04b-catalog-scope-summary.tsv;04c-catalog-field-profile.tsv;05b-meeting-raw-values.tsv;06b-filter-source-profile.tsv;14-open-profile-join-and-error-evidence.md;15-poller-qps-latency-and-safety-model.md;16-shared-open-contract-review-options.md;17-p3-open-review-stop-gate.md;18-open-review-decision-001.md;19-open-cache-and-notification-latency-contract.md;20-p3-open-decision-gate.md;21b-open-round2-resumption-amendment-001.json;22b-open-round2-completion.json;23a-shared-open-final-contract.md;23b-shared-open-final-contract.json	P3-CATALOG-DATA|P3-SHARED-OPEN-CONTRACT	RESOLVED_P3_SHARED_OPEN_CONTRACT	MAPPED_P3_OPEN_FROZEN
P3T-SEM-SEM-DAT-004	SEM	SEM-DAT-004	project-governance/current/p2/02-file-semantic-matrix.md	line:33	AC9B25D036065F702106313170E4D3CE1B386DCD9F32A15E9C4638C3E9F17506	`configs/fetch_pipeline.schema.json` resume/queue/recency/metrics等未实现字段	P2_APPROVED_BASELINE	CATALOG_EVIDENCE_AND_PLAN	00-p3-charter-and-preflight.md;01a-catalog-request-manifest.json;02-catalog-request-ledger.tsv;03-catalog-evidence-register.tsv;04a-catalog-profile.json;04b-catalog-scope-summary.tsv;04c-catalog-field-profile.tsv;05b-meeting-raw-values.tsv;06b-filter-source-profile.tsv	P3-CATALOG-DATA	NOT_APPLICABLE	MAPPED_CATALOG
P3T-SEM-SEM-DAT-005	SEM	SEM-DAT-005	project-governance/current/p2/02-file-semantic-matrix.md	line:34	AC9B25D036065F702106313170E4D3CE1B386DCD9F32A15E9C4638C3E9F17506	`data/schema.sql:2-241,341-343` term/campus/subject/course/section/meeting/core/status/FTS	P2_APPROVED_BASELINE	CATALOG_EVIDENCE_AND_PLAN	00-p3-charter-and-preflight.md;01a-catalog-request-manifest.json;02-catalog-request-ledger.tsv;03-catalog-evidence-register.tsv;04a-catalog-profile.json;04b-catalog-scope-summary.tsv;04c-catalog-field-profile.tsv;05b-meeting-raw-values.tsv;06a-section-identity-summary.tsv;06b-filter-source-profile.tsv;14-open-profile-join-and-error-evidence.md;15-poller-qps-latency-and-safety-model.md;16-shared-open-contract-review-options.md;17-p3-open-review-stop-gate.md;18-open-review-decision-001.md;19-open-cache-and-notification-latency-contract.md;20-p3-open-decision-gate.md;21b-open-round2-resumption-amendment-001.json;22b-open-round2-completion.json;23a-shared-open-final-contract.md;23b-shared-open-final-contract.json	P3-CATALOG-DATA|P3-SHARED-OPEN-CONTRACT	RESOLVED_P3_SHARED_OPEN_CONTRACT	MAPPED_P3_OPEN_FROZEN
P3T-SEM-SEM-DAT-006	SEM	SEM-DAT-006	project-governance/current/p2/02-file-semantic-matrix.md	line:35	AC9B25D036065F702106313170E4D3CE1B386DCD9F32A15E9C4638C3E9F17506	`data/schema.sql:116-231` section identity 与 detail fields	P2_APPROVED_BASELINE	CATALOG_EVIDENCE_AND_PLAN	00-p3-charter-and-preflight.md;01a-catalog-request-manifest.json;02-catalog-request-ledger.tsv;03-catalog-evidence-register.tsv;04a-catalog-profile.json;04b-catalog-scope-summary.tsv;04c-catalog-field-profile.tsv;06a-section-identity-summary.tsv;06b-filter-source-profile.tsv	P3-CATALOG-DATA	NOT_APPLICABLE	MAPPED_CATALOG
P3T-SEM-SEM-DAT-007	SEM	SEM-DAT-007	project-governance/current/p2/02-file-semantic-matrix.md	line:36	AC9B25D036065F702106313170E4D3CE1B386DCD9F32A15E9C4638C3E9F17506	`data/schema.sql:177-198` meeting rows	P2_APPROVED_BASELINE	CATALOG_EVIDENCE_AND_PLAN	00-p3-charter-and-preflight.md;01a-catalog-request-manifest.json;02-catalog-request-ledger.tsv;03-catalog-evidence-register.tsv;04a-catalog-profile.json;04b-catalog-scope-summary.tsv;04c-catalog-field-profile.tsv;05b-meeting-raw-values.tsv;06b-filter-source-profile.tsv	P3-CATALOG-DATA	NOT_APPLICABLE	MAPPED_CATALOG
P3T-SEM-SEM-DAT-008	SEM	SEM-DAT-008	project-governance/current/p2/02-file-semantic-matrix.md	line:37	AC9B25D036065F702106313170E4D3CE1B386DCD9F32A15E9C4638C3E9F17506	`data/schema.sql:243-280` subscriptions/events	P2_APPROVED_BASELINE	CATALOG_EVIDENCE_AND_PLAN	00-p3-charter-and-preflight.md;01a-catalog-request-manifest.json;02-catalog-request-ledger.tsv;03-catalog-evidence-register.tsv;04a-catalog-profile.json;04b-catalog-scope-summary.tsv;04c-catalog-field-profile.tsv;05b-meeting-raw-values.tsv;06b-filter-source-profile.tsv;14-open-profile-join-and-error-evidence.md;15-poller-qps-latency-and-safety-model.md;16-shared-open-contract-review-options.md;17-p3-open-review-stop-gate.md;18-open-review-decision-001.md;19-open-cache-and-notification-latency-contract.md;20-p3-open-decision-gate.md;21b-open-round2-resumption-amendment-001.json;22b-open-round2-completion.json;23a-shared-open-final-contract.md;23b-shared-open-final-contract.json	P3-CATALOG-DATA|P3-SHARED-OPEN-CONTRACT	RESOLVED_P3_SHARED_OPEN_CONTRACT	MAPPED_P3_OPEN_FROZEN
P3T-SEM-SEM-DAT-009	SEM	SEM-DAT-009	project-governance/current/p2/02-file-semantic-matrix.md	line:38	AC9B25D036065F702106313170E4D3CE1B386DCD9F32A15E9C4638C3E9F17506	`data/schema.sql:281-318` snapshot/open_events	P2_APPROVED_BASELINE	CATALOG_EVIDENCE_AND_PLAN	00-p3-charter-and-preflight.md;01a-catalog-request-manifest.json;02-catalog-request-ledger.tsv;03-catalog-evidence-register.tsv;04a-catalog-profile.json;04b-catalog-scope-summary.tsv;04c-catalog-field-profile.tsv;06a-section-identity-summary.tsv;06b-filter-source-profile.tsv;14-open-profile-join-and-error-evidence.md;15-poller-qps-latency-and-safety-model.md;16-shared-open-contract-review-options.md;17-p3-open-review-stop-gate.md;18-open-review-decision-001.md;19-open-cache-and-notification-latency-contract.md;20-p3-open-decision-gate.md;21b-open-round2-resumption-amendment-001.json;22b-open-round2-completion.json;23a-shared-open-final-contract.md;23b-shared-open-final-contract.json	P3-CATALOG-DATA|P3-SHARED-OPEN-CONTRACT	RESOLVED_P3_SHARED_OPEN_CONTRACT	MAPPED_P3_OPEN_FROZEN
P3T-SEM-SEM-DAT-010	SEM	SEM-DAT-010	project-governance/current/p2/02-file-semantic-matrix.md	line:39	AC9B25D036065F702106313170E4D3CE1B386DCD9F32A15E9C4638C3E9F17506	`data/schema.sql:319-339` open_event_notifications	P2_APPROVED_BASELINE	CATALOG_EVIDENCE_AND_PLAN	00-p3-charter-and-preflight.md;01a-catalog-request-manifest.json;02-catalog-request-ledger.tsv;03-catalog-evidence-register.tsv;04a-catalog-profile.json;04b-catalog-scope-summary.tsv;04c-catalog-field-profile.tsv;06b-filter-source-profile.tsv;14-open-profile-join-and-error-evidence.md;15-poller-qps-latency-and-safety-model.md;16-shared-open-contract-review-options.md;17-p3-open-review-stop-gate.md;18-open-review-decision-001.md;19-open-cache-and-notification-latency-contract.md;20-p3-open-decision-gate.md;21b-open-round2-resumption-amendment-001.json;22b-open-round2-completion.json;23a-shared-open-final-contract.md;23b-shared-open-final-contract.json	P3-CATALOG-DATA|P3-SHARED-OPEN-CONTRACT	RESOLVED_P3_SHARED_OPEN_CONTRACT	MAPPED_P3_OPEN_FROZEN
P3T-SEM-SEM-DAT-011	SEM	SEM-DAT-011	project-governance/current/p2/02-file-semantic-matrix.md	line:40	AC9B25D036065F702106313170E4D3CE1B386DCD9F32A15E9C4638C3E9F17506	`data/migrations/001_init_schema.sql` course/data objects	P2_APPROVED_BASELINE	CATALOG_EVIDENCE_AND_PLAN	00-p3-charter-and-preflight.md;01a-catalog-request-manifest.json;02-catalog-request-ledger.tsv;03-catalog-evidence-register.tsv;04a-catalog-profile.json;04b-catalog-scope-summary.tsv;04c-catalog-field-profile.tsv;05b-meeting-raw-values.tsv;06a-section-identity-summary.tsv;06b-filter-source-profile.tsv	P3-CATALOG-DATA	NOT_APPLICABLE	MAPPED_CATALOG
P3T-SEM-SEM-DAT-012	SEM	SEM-DAT-012	project-governance/current/p2/02-file-semantic-matrix.md	line:41	AC9B25D036065F702106313170E4D3CE1B386DCD9F32A15E9C4638C3E9F17506	`data/migrations/001_init_schema.sql` personal subscription/mail objects	P2_APPROVED_BASELINE	CATALOG_EVIDENCE_AND_PLAN	00-p3-charter-and-preflight.md;01a-catalog-request-manifest.json;02-catalog-request-ledger.tsv;03-catalog-evidence-register.tsv;04a-catalog-profile.json;04b-catalog-scope-summary.tsv;04c-catalog-field-profile.tsv;06b-filter-source-profile.tsv	P3-CATALOG-DATA	NOT_APPLICABLE	MAPPED_CATALOG
P3T-SEM-SEM-DAT-013	SEM	SEM-DAT-013	project-governance/current/p2/02-file-semantic-matrix.md	line:42	AC9B25D036065F702106313170E4D3CE1B386DCD9F32A15E9C4638C3E9F17506	`data/migrations/003_open_events.sql` snapshot/status objects	P2_APPROVED_BASELINE	CATALOG_EVIDENCE_AND_PLAN	00-p3-charter-and-preflight.md;01a-catalog-request-manifest.json;02-catalog-request-ledger.tsv;03-catalog-evidence-register.tsv;04a-catalog-profile.json;04b-catalog-scope-summary.tsv;04c-catalog-field-profile.tsv;06b-filter-source-profile.tsv;14-open-profile-join-and-error-evidence.md;15-poller-qps-latency-and-safety-model.md;16-shared-open-contract-review-options.md;17-p3-open-review-stop-gate.md;18-open-review-decision-001.md;19-open-cache-and-notification-latency-contract.md;20-p3-open-decision-gate.md;21b-open-round2-resumption-amendment-001.json;22b-open-round2-completion.json;23a-shared-open-final-contract.md;23b-shared-open-final-contract.json	P3-CATALOG-DATA|P3-SHARED-OPEN-CONTRACT	RESOLVED_P3_SHARED_OPEN_CONTRACT	MAPPED_P3_OPEN_FROZEN
P3T-SEM-SEM-DAT-014	SEM	SEM-DAT-014	project-governance/current/p2/02-file-semantic-matrix.md	line:43	AC9B25D036065F702106313170E4D3CE1B386DCD9F32A15E9C4638C3E9F17506	`data/migrations/003_open_events.sql` notification fanout	P2_APPROVED_BASELINE	CATALOG_EVIDENCE_AND_PLAN	00-p3-charter-and-preflight.md;01a-catalog-request-manifest.json;02-catalog-request-ledger.tsv;03-catalog-evidence-register.tsv;04a-catalog-profile.json;04b-catalog-scope-summary.tsv;04c-catalog-field-profile.tsv;06b-filter-source-profile.tsv;14-open-profile-join-and-error-evidence.md;15-poller-qps-latency-and-safety-model.md;16-shared-open-contract-review-options.md;17-p3-open-review-stop-gate.md;18-open-review-decision-001.md;19-open-cache-and-notification-latency-contract.md;20-p3-open-decision-gate.md;21b-open-round2-resumption-amendment-001.json;22b-open-round2-completion.json;23a-shared-open-final-contract.md;23b-shared-open-final-contract.json	P3-CATALOG-DATA|P3-SHARED-OPEN-CONTRACT	RESOLVED_P3_SHARED_OPEN_CONTRACT	MAPPED_P3_OPEN_FROZEN
P3T-SEM-SEM-DAT-015	SEM	SEM-DAT-015	project-governance/current/p2/02-file-semantic-matrix.md	line:44	AC9B25D036065F702106313170E4D3CE1B386DCD9F32A15E9C4638C3E9F17506	`data/schema.sql:243-318` 可借鉴事件时间字段，但旧表含个人订阅/fanout语义	P2_APPROVED_BASELINE	CATALOG_EVIDENCE_AND_PLAN	00-p3-charter-and-preflight.md;01a-catalog-request-manifest.json;02-catalog-request-ledger.tsv;03-catalog-evidence-register.tsv;04a-catalog-profile.json;04b-catalog-scope-summary.tsv;04c-catalog-field-profile.tsv;06b-filter-source-profile.tsv	P3-CATALOG-DATA	NOT_APPLICABLE	MAPPED_CATALOG
P3T-SEM-SEM-DOC-001	SEM	SEM-DOC-001	project-governance/current/p2/02-file-semantic-matrix.md	line:50	AC9B25D036065F702106313170E4D3CE1B386DCD9F32A15E9C4638C3E9F17506	`docs/deployment_playbook.md` 本地/WSL开发命令	P2_APPROVED_BASELINE	LOCAL_IMPLEMENTATION_PLAN	00-p3-charter-and-preflight.md	P3-LOCAL-IMPLEMENTATION	NOT_APPLICABLE	MAPPED_P3_PLAN
P3T-SEM-SEM-DOC-002	SEM	SEM-DOC-002	project-governance/current/p2/02-file-semantic-matrix.md	line:51	AC9B25D036065F702106313170E4D3CE1B386DCD9F32A15E9C4638C3E9F17506	`docs/deployment_playbook.md` Linux服务/运维意图	P2_APPROVED_BASELINE	LOCAL_IMPLEMENTATION_PLAN	00-p3-charter-and-preflight.md	P3-LOCAL-IMPLEMENTATION	NOT_APPLICABLE	MAPPED_P3_PLAN
P3T-SEM-SEM-DOC-003	SEM	SEM-DOC-003	project-governance/current/p2/02-file-semantic-matrix.md	line:52	AC9B25D036065F702106313170E4D3CE1B386DCD9F32A15E9C4638C3E9F17506	`docs/notify_runbook.md` open/poller诊断	P2_APPROVED_BASELINE	LOCAL_IMPLEMENTATION_PLAN	00-p3-charter-and-preflight.md;14-open-profile-join-and-error-evidence.md;15-poller-qps-latency-and-safety-model.md;16-shared-open-contract-review-options.md;17-p3-open-review-stop-gate.md;18-open-review-decision-001.md;19-open-cache-and-notification-latency-contract.md;20-p3-open-decision-gate.md;21b-open-round2-resumption-amendment-001.json;22b-open-round2-completion.json;23a-shared-open-final-contract.md;23b-shared-open-final-contract.json	P3-LOCAL-IMPLEMENTATION|P3-SHARED-OPEN-CONTRACT	RESOLVED_P3_SHARED_OPEN_CONTRACT	MAPPED_P3_OPEN_FROZEN
P3T-SEM-SEM-DOC-004	SEM	SEM-DOC-004	project-governance/current/p2/02-file-semantic-matrix.md	line:53	AC9B25D036065F702106313170E4D3CE1B386DCD9F32A15E9C4638C3E9F17506	`docs/notify_runbook.md` persistent queue/mail/HTTP claim	P2_APPROVED_BASELINE	CATALOG_EVIDENCE_AND_PLAN	00-p3-charter-and-preflight.md;01a-catalog-request-manifest.json;02-catalog-request-ledger.tsv;03-catalog-evidence-register.tsv;04a-catalog-profile.json;04b-catalog-scope-summary.tsv;04c-catalog-field-profile.tsv;06b-filter-source-profile.tsv	P3-CATALOG-DATA	NOT_APPLICABLE	MAPPED_CATALOG
P3T-SEM-SEM-DOC-005	SEM	SEM-DOC-005	project-governance/current/p2/02-file-semantic-matrix.md	line:54	AC9B25D036065F702106313170E4D3CE1B386DCD9F32A15E9C4638C3E9F17506	`docs/open_event_spec.md` status observation/miss/resilience	P2_APPROVED_BASELINE	CATALOG_EVIDENCE_AND_PLAN	00-p3-charter-and-preflight.md;01a-catalog-request-manifest.json;02-catalog-request-ledger.tsv;03-catalog-evidence-register.tsv;04a-catalog-profile.json;04b-catalog-scope-summary.tsv;04c-catalog-field-profile.tsv;05b-meeting-raw-values.tsv;06b-filter-source-profile.tsv;14-open-profile-join-and-error-evidence.md;15-poller-qps-latency-and-safety-model.md;16-shared-open-contract-review-options.md;17-p3-open-review-stop-gate.md;18-open-review-decision-001.md;19-open-cache-and-notification-latency-contract.md;20-p3-open-decision-gate.md;21b-open-round2-resumption-amendment-001.json;22b-open-round2-completion.json;23a-shared-open-final-contract.md;23b-shared-open-final-contract.json	P3-CATALOG-DATA|P3-SHARED-OPEN-CONTRACT	RESOLVED_P3_SHARED_OPEN_CONTRACT	MAPPED_P3_OPEN_FROZEN
P3T-SEM-SEM-DOC-006	SEM	SEM-DOC-006	project-governance/current/p2/02-file-semantic-matrix.md	line:55	AC9B25D036065F702106313170E4D3CE1B386DCD9F32A15E9C4638C3E9F17506	`docs/open_event_spec.md` edge、3分钟dedupe、fanout	P2_APPROVED_BASELINE	CATALOG_EVIDENCE_AND_PLAN	00-p3-charter-and-preflight.md;01a-catalog-request-manifest.json;02-catalog-request-ledger.tsv;03-catalog-evidence-register.tsv;04a-catalog-profile.json;04b-catalog-scope-summary.tsv;04c-catalog-field-profile.tsv;05b-meeting-raw-values.tsv;06b-filter-source-profile.tsv;14-open-profile-join-and-error-evidence.md;15-poller-qps-latency-and-safety-model.md;16-shared-open-contract-review-options.md;17-p3-open-review-stop-gate.md;18-open-review-decision-001.md;19-open-cache-and-notification-latency-contract.md;20-p3-open-decision-gate.md;21b-open-round2-resumption-amendment-001.json;22b-open-round2-completion.json;23a-shared-open-final-contract.md;23b-shared-open-final-contract.json	P3-CATALOG-DATA|P3-SHARED-OPEN-CONTRACT	RESOLVED_P3_SHARED_OPEN_CONTRACT	MAPPED_P3_OPEN_FROZEN
P3T-SEM-SEM-DOC-007	SEM	SEM-DOC-007	project-governance/current/p2/02-file-semantic-matrix.md	line:56	AC9B25D036065F702106313170E4D3CE1B386DCD9F32A15E9C4638C3E9F17506	`docs/subscription_model.md` section target、max=3	P2_APPROVED_BASELINE	CATALOG_EVIDENCE_AND_PLAN	00-p3-charter-and-preflight.md;01a-catalog-request-manifest.json;02-catalog-request-ledger.tsv;03-catalog-evidence-register.tsv;04a-catalog-profile.json;04b-catalog-scope-summary.tsv;04c-catalog-field-profile.tsv;06a-section-identity-summary.tsv;06b-filter-source-profile.tsv;14-open-profile-join-and-error-evidence.md;15-poller-qps-latency-and-safety-model.md;16-shared-open-contract-review-options.md;17-p3-open-review-stop-gate.md;18-open-review-decision-001.md;19-open-cache-and-notification-latency-contract.md;20-p3-open-decision-gate.md;21b-open-round2-resumption-amendment-001.json;22b-open-round2-completion.json;23a-shared-open-final-contract.md;23b-shared-open-final-contract.json	P3-CATALOG-DATA|P3-SHARED-OPEN-CONTRACT	RESOLVED_P3_SHARED_OPEN_CONTRACT	MAPPED_P3_OPEN_FROZEN
P3T-SEM-SEM-DOC-008	SEM	SEM-DOC-008	project-governance/current/p2/02-file-semantic-matrix.md	line:57	AC9B25D036065F702106313170E4D3CE1B386DCD9F32A15E9C4638C3E9F17506	`docs/subscription_model.md` contact/email/persistent/quiet/snooze/history/waitlist	P2_APPROVED_BASELINE	CATALOG_EVIDENCE_AND_PLAN	00-p3-charter-and-preflight.md;01a-catalog-request-manifest.json;02-catalog-request-ledger.tsv;03-catalog-evidence-register.tsv;04a-catalog-profile.json;04b-catalog-scope-summary.tsv;04c-catalog-field-profile.tsv;06b-filter-source-profile.tsv	P3-CATALOG-DATA	NOT_APPLICABLE	MAPPED_CATALOG
P3T-SEM-SEM-DOC-009	SEM	SEM-DOC-009	project-governance/current/p2/02-file-semantic-matrix.md	line:58	AC9B25D036065F702106313170E4D3CE1B386DCD9F32A15E9C4638C3E9F17506	`docs/ui_flow_course_list.md` course/filter/detail状态	P2_APPROVED_BASELINE	CATALOG_EVIDENCE_AND_PLAN	00-p3-charter-and-preflight.md;01a-catalog-request-manifest.json;02-catalog-request-ledger.tsv;03-catalog-evidence-register.tsv;04a-catalog-profile.json;04b-catalog-scope-summary.tsv;04c-catalog-field-profile.tsv;06a-section-identity-summary.tsv;06b-filter-source-profile.tsv	P3-CATALOG-DATA	NOT_APPLICABLE	MAPPED_CATALOG
P3T-SEM-SEM-DOC-010	SEM	SEM-DOC-010	project-governance/current/p2/02-file-semantic-matrix.md	line:59	AC9B25D036065F702106313170E4D3CE1B386DCD9F32A15E9C4638C3E9F17506	`docs/ui_flow_course_list.md` Calendar	P2_APPROVED_BASELINE	CATALOG_EVIDENCE_AND_PLAN	00-p3-charter-and-preflight.md;01a-catalog-request-manifest.json;02-catalog-request-ledger.tsv;03-catalog-evidence-register.tsv;04a-catalog-profile.json;04b-catalog-scope-summary.tsv;04c-catalog-field-profile.tsv;05b-meeting-raw-values.tsv;06b-filter-source-profile.tsv	P3-CATALOG-DATA	NOT_APPLICABLE	MAPPED_CATALOG
P3T-SEM-SEM-DOC-011	SEM	SEM-DOC-011	project-governance/current/p2/02-file-semantic-matrix.md	line:60	AC9B25D036065F702106313170E4D3CE1B386DCD9F32A15E9C4638C3E9F17506	`docs/ui_flow_course_list.md` Compact view	P2_APPROVED_BASELINE	CATALOG_EVIDENCE_AND_PLAN	00-p3-charter-and-preflight.md;01a-catalog-request-manifest.json;02-catalog-request-ledger.tsv;03-catalog-evidence-register.tsv;04a-catalog-profile.json;04b-catalog-scope-summary.tsv;04c-catalog-field-profile.tsv;06b-filter-source-profile.tsv	P3-CATALOG-DATA	NOT_APPLICABLE	MAPPED_CATALOG
P3T-SEM-SEM-DOC-012	SEM	SEM-DOC-012	project-governance/current/p2/02-file-semantic-matrix.md	line:61	AC9B25D036065F702106313170E4D3CE1B386DCD9F32A15E9C4638C3E9F17506	`docs/ui_flow_course_list.md` share links	P2_APPROVED_BASELINE	CATALOG_EVIDENCE_AND_PLAN	00-p3-charter-and-preflight.md;01a-catalog-request-manifest.json;02-catalog-request-ledger.tsv;03-catalog-evidence-register.tsv;04a-catalog-profile.json;04b-catalog-scope-summary.tsv;04c-catalog-field-profile.tsv;05b-meeting-raw-values.tsv;06a-section-identity-summary.tsv;06b-filter-source-profile.tsv	P3-CATALOG-DATA	NOT_APPLICABLE	MAPPED_CATALOG
P3T-SEM-SEM-DOC-013	SEM	SEM-DOC-013	project-governance/current/p2/02-file-semantic-matrix.md	line:62	AC9B25D036065F702106313170E4D3CE1B386DCD9F32A15E9C4638C3E9F17506	`docs/ui_flow_course_list.md` Save view、PresetManager、unsaved preset changes	P2_APPROVED_BASELINE	CATALOG_EVIDENCE_AND_PLAN	00-p3-charter-and-preflight.md;01a-catalog-request-manifest.json;02-catalog-request-ledger.tsv;03-catalog-evidence-register.tsv;04a-catalog-profile.json;04b-catalog-scope-summary.tsv;04c-catalog-field-profile.tsv;06b-filter-source-profile.tsv	P3-CATALOG-DATA	NOT_APPLICABLE	MAPPED_CATALOG
P3T-SEM-SEM-FE-001	SEM	SEM-FE-001	project-governance/current/p2/02-file-semantic-matrix.md	line:68	AC9B25D036065F702106313170E4D3CE1B386DCD9F32A15E9C4638C3E9F17506	`frontend/package.json:11-17` React/i18n	P2_APPROVED_BASELINE	LOCAL_IMPLEMENTATION_PLAN	00-p3-charter-and-preflight.md	P3-LOCAL-IMPLEMENTATION	NOT_APPLICABLE	MAPPED_P3_PLAN
P3T-SEM-SEM-FE-002	SEM	SEM-FE-002	project-governance/current/p2/02-file-semantic-matrix.md	line:69	AC9B25D036065F702106313170E4D3CE1B386DCD9F32A15E9C4638C3E9F17506	`frontend/package.json:16,21` `react-window`及types	P2_APPROVED_BASELINE	LOCAL_IMPLEMENTATION_PLAN	00-p3-charter-and-preflight.md	P3-LOCAL-IMPLEMENTATION	NOT_APPLICABLE	MAPPED_P3_PLAN
P3T-SEM-SEM-FE-003	SEM	SEM-FE-003	project-governance/current/p2/02-file-semantic-matrix.md	line:70	AC9B25D036065F702106313170E4D3CE1B386DCD9F32A15E9C4638C3E9F17506	`frontend/package.json:6-9,18-24` Vite/TS toolchain	P2_APPROVED_BASELINE	LOCAL_IMPLEMENTATION_PLAN	00-p3-charter-and-preflight.md	P3-LOCAL-IMPLEMENTATION	NOT_APPLICABLE	MAPPED_P3_PLAN
P3T-SEM-SEM-FE-004	SEM	SEM-FE-004	project-governance/current/p2/02-file-semantic-matrix.md	line:71	AC9B25D036065F702106313170E4D3CE1B386DCD9F32A15E9C4638C3E9F17506	`frontend/package-lock.json` React/i18n/Vite图	P2_APPROVED_BASELINE	LOCAL_IMPLEMENTATION_PLAN	00-p3-charter-and-preflight.md	P3-LOCAL-IMPLEMENTATION	NOT_APPLICABLE	MAPPED_P3_PLAN
P3T-SEM-SEM-FE-005	SEM	SEM-FE-005	project-governance/current/p2/02-file-semantic-matrix.md	line:72	AC9B25D036065F702106313170E4D3CE1B386DCD9F32A15E9C4638C3E9F17506	`frontend/package-lock.json` react-window subtree	P2_APPROVED_BASELINE	LOCAL_IMPLEMENTATION_PLAN	00-p3-charter-and-preflight.md	P3-LOCAL-IMPLEMENTATION	NOT_APPLICABLE	MAPPED_P3_PLAN
P3T-SEM-SEM-FE-006	SEM	SEM-FE-006	project-governance/current/p2/02-file-semantic-matrix.md	line:73	AC9B25D036065F702106313170E4D3CE1B386DCD9F32A15E9C4638C3E9F17506	`frontend/i18n/messages.json` search/filter/course/section/language/common keys	P2_APPROVED_BASELINE	CATALOG_EVIDENCE_AND_PLAN	00-p3-charter-and-preflight.md;01a-catalog-request-manifest.json;02-catalog-request-ledger.tsv;03-catalog-evidence-register.tsv;04a-catalog-profile.json;04b-catalog-scope-summary.tsv;04c-catalog-field-profile.tsv;06a-section-identity-summary.tsv;06b-filter-source-profile.tsv	P3-CATALOG-DATA	NOT_APPLICABLE	MAPPED_CATALOG
P3T-SEM-SEM-FE-007	SEM	SEM-FE-007	project-governance/current/p2/02-file-semantic-matrix.md	line:74	AC9B25D036065F702106313170E4D3CE1B386DCD9F32A15E9C4638C3E9F17506	`frontend/i18n/messages.json:256-293,369-425,699-736,812-868` email/mail keys	P2_APPROVED_BASELINE	CATALOG_EVIDENCE_AND_PLAN	00-p3-charter-and-preflight.md;01a-catalog-request-manifest.json;02-catalog-request-ledger.tsv;03-catalog-evidence-register.tsv;04a-catalog-profile.json;04b-catalog-scope-summary.tsv;04c-catalog-field-profile.tsv;06b-filter-source-profile.tsv	P3-CATALOG-DATA	NOT_APPLICABLE	MAPPED_CATALOG
P3T-SEM-SEM-FE-008	SEM	SEM-FE-008	project-governance/current/p2/02-file-semantic-matrix.md	line:75	AC9B25D036065F702106313170E4D3CE1B386DCD9F32A15E9C4638C3E9F17506	`frontend/i18n/messages.json:215-218,426-432,658-661,869-875` Calendar/schedule keys	P2_APPROVED_BASELINE	CATALOG_EVIDENCE_AND_PLAN	00-p3-charter-and-preflight.md;01a-catalog-request-manifest.json;02-catalog-request-ledger.tsv;03-catalog-evidence-register.tsv;04a-catalog-profile.json;04b-catalog-scope-summary.tsv;04c-catalog-field-profile.tsv;05b-meeting-raw-values.tsv;06b-filter-source-profile.tsv	P3-CATALOG-DATA	NOT_APPLICABLE	MAPPED_CATALOG
P3T-SEM-SEM-FE-009	SEM	SEM-FE-009	project-governance/current/p2/02-file-semantic-matrix.md	line:76	AC9B25D036065F702106313170E4D3CE1B386DCD9F32A15E9C4638C3E9F17506	`frontend/i18n/messages.json` fetch/crawler/log keys	P2_APPROVED_BASELINE	CATALOG_EVIDENCE_AND_PLAN	00-p3-charter-and-preflight.md;01a-catalog-request-manifest.json;02-catalog-request-ledger.tsv;03-catalog-evidence-register.tsv;04a-catalog-profile.json;04b-catalog-scope-summary.tsv;04c-catalog-field-profile.tsv;05b-meeting-raw-values.tsv;06a-section-identity-summary.tsv;06b-filter-source-profile.tsv	P3-CATALOG-DATA	NOT_APPLICABLE	MAPPED_CATALOG
P3T-SEM-SEM-FE-010	SEM	SEM-FE-010	project-governance/current/p2/02-file-semantic-matrix.md	line:77	AC9B25D036065F702106313170E4D3CE1B386DCD9F32A15E9C4638C3E9F17506	`frontend/src/App.tsx:17-121` shared shell/search/language/course	P2_APPROVED_BASELINE	CATALOG_EVIDENCE_AND_PLAN	00-p3-charter-and-preflight.md;01a-catalog-request-manifest.json;02-catalog-request-ledger.tsv;03-catalog-evidence-register.tsv;04a-catalog-profile.json;04b-catalog-scope-summary.tsv;04c-catalog-field-profile.tsv;06a-section-identity-summary.tsv;06b-filter-source-profile.tsv	P3-CATALOG-DATA	NOT_APPLICABLE	MAPPED_CATALOG
P3T-SEM-SEM-FE-011	SEM	SEM-FE-011	project-governance/current/p2/02-file-semantic-matrix.md	line:78	AC9B25D036065F702106313170E4D3CE1B386DCD9F32A15E9C4638C3E9F17506	`frontend/src/App.tsx:77-84` DataFetch card	P2_APPROVED_BASELINE	CATALOG_EVIDENCE_AND_PLAN	00-p3-charter-and-preflight.md;01a-catalog-request-manifest.json;02-catalog-request-ledger.tsv;03-catalog-evidence-register.tsv;04a-catalog-profile.json;04b-catalog-scope-summary.tsv;04c-catalog-field-profile.tsv;06b-filter-source-profile.tsv	P3-CATALOG-DATA	NOT_APPLICABLE	MAPPED_CATALOG
P3T-SEM-SEM-FE-012	SEM	SEM-FE-012	project-governance/current/p2/02-file-semantic-matrix.md	line:79	AC9B25D036065F702106313170E4D3CE1B386DCD9F32A15E9C4638C3E9F17506	`frontend/src/App.tsx:12,122-125` MailSettings	P2_APPROVED_BASELINE	LOCAL_IMPLEMENTATION_PLAN	00-p3-charter-and-preflight.md	P3-LOCAL-IMPLEMENTATION	NOT_APPLICABLE	MAPPED_P3_PLAN
P3T-SEM-SEM-FE-013	SEM	SEM-FE-013	project-governance/current/p2/02-file-semantic-matrix.md	line:80	AC9B25D036065F702106313170E4D3CE1B386DCD9F32A15E9C4638C3E9F17506	`frontend/src/App.tsx:13-14,96-100,124` subscription components	P2_APPROVED_BASELINE	LOCAL_IMPLEMENTATION_PLAN	00-p3-charter-and-preflight.md	P3-LOCAL-IMPLEMENTATION	NOT_APPLICABLE	MAPPED_P3_PLAN
P3T-SEM-SEM-FE-014	SEM	SEM-FE-014	project-governance/current/p2/02-file-semantic-matrix.md	line:81	AC9B25D036065F702106313170E4D3CE1B386DCD9F32A15E9C4638C3E9F17506	`frontend/src/api/notifications.ts` HTTP claim	P2_APPROVED_BASELINE	LOCAL_IMPLEMENTATION_PLAN	00-p3-charter-and-preflight.md	P3-LOCAL-IMPLEMENTATION	NOT_APPLICABLE	MAPPED_P3_PLAN
P3T-SEM-SEM-FE-015	SEM	SEM-FE-015	project-governance/current/p2/02-file-semantic-matrix.md	line:82	AC9B25D036065F702106313170E4D3CE1B386DCD9F32A15E9C4638C3E9F17506	`frontend/src/api/subscriptions.ts` persistent HTTP CRUD	P2_APPROVED_BASELINE	LOCAL_IMPLEMENTATION_PLAN	00-p3-charter-and-preflight.md	P3-LOCAL-IMPLEMENTATION	NOT_APPLICABLE	MAPPED_P3_PLAN
P3T-SEM-SEM-FE-016	SEM	SEM-FE-016	project-governance/current/p2/02-file-semantic-matrix.md	line:83	AC9B25D036065F702106313170E4D3CE1B386DCD9F32A15E9C4638C3E9F17506	`frontend/src/api/types.ts:1-133` course/filter/fetch types	P2_APPROVED_BASELINE	CATALOG_EVIDENCE_AND_PLAN	00-p3-charter-and-preflight.md;01a-catalog-request-manifest.json;02-catalog-request-ledger.tsv;03-catalog-evidence-register.tsv;04a-catalog-profile.json;04b-catalog-scope-summary.tsv;04c-catalog-field-profile.tsv;05a-delivery-raw-values.tsv;05b-meeting-raw-values.tsv;06b-filter-source-profile.tsv	P3-CATALOG-DATA	NOT_APPLICABLE	MAPPED_CATALOG
P3T-SEM-SEM-FE-017	SEM	SEM-FE-017	project-governance/current/p2/02-file-semantic-matrix.md	line:84	AC9B25D036065F702106313170E4D3CE1B386DCD9F32A15E9C4638C3E9F17506	`frontend/src/api/types.ts:135-223` persistent subscription/local claim	P2_APPROVED_BASELINE	LOCAL_IMPLEMENTATION_PLAN	00-p3-charter-and-preflight.md;14-open-profile-join-and-error-evidence.md;15-poller-qps-latency-and-safety-model.md;16-shared-open-contract-review-options.md;17-p3-open-review-stop-gate.md;18-open-review-decision-001.md;19-open-cache-and-notification-latency-contract.md;20-p3-open-decision-gate.md;21b-open-round2-resumption-amendment-001.json;22b-open-round2-completion.json;23a-shared-open-final-contract.md;23b-shared-open-final-contract.json	P3-LOCAL-IMPLEMENTATION|P3-SHARED-OPEN-CONTRACT	RESOLVED_P3_SHARED_OPEN_CONTRACT	MAPPED_P3_OPEN_FROZEN
P3T-SEM-SEM-FE-018	SEM	SEM-FE-018	project-governance/current/p2/02-file-semantic-matrix.md	line:85	AC9B25D036065F702106313170E4D3CE1B386DCD9F32A15E9C4638C3E9F17506	`frontend/src/api/types.ts:230-290` mail admin types	P2_APPROVED_BASELINE	LOCAL_IMPLEMENTATION_PLAN	00-p3-charter-and-preflight.md	P3-LOCAL-IMPLEMENTATION	NOT_APPLICABLE	MAPPED_P3_PLAN
P3T-SEM-SEM-FE-019	SEM	SEM-FE-019	project-governance/current/p2/02-file-semantic-matrix.md	line:86	AC9B25D036065F702106313170E4D3CE1B386DCD9F32A15E9C4638C3E9F17506	`frontend/src/App.tsx`与subscription组件缺少包级用户状态边界	P2_APPROVED_BASELINE	LOCAL_IMPLEMENTATION_PLAN	00-p3-charter-and-preflight.md	P3-LOCAL-IMPLEMENTATION	NOT_APPLICABLE	MAPPED_P3_PLAN
P3T-SEM-SEM-FE-020	SEM	SEM-FE-020	project-governance/current/p2/02-file-semantic-matrix.md	line:87	AC9B25D036065F702106313170E4D3CE1B386DCD9F32A15E9C4638C3E9F17506	`frontend/i18n/messages.json` Playground keys与`index.html` Playground title	P2_APPROVED_BASELINE	CATALOG_EVIDENCE_AND_PLAN	00-p3-charter-and-preflight.md;01a-catalog-request-manifest.json;02-catalog-request-ledger.tsv;03-catalog-evidence-register.tsv;04a-catalog-profile.json;04b-catalog-scope-summary.tsv;04c-catalog-field-profile.tsv;06a-section-identity-summary.tsv;06b-filter-source-profile.tsv	P3-CATALOG-DATA	NOT_APPLICABLE	MAPPED_CATALOG
P3T-SEM-SEM-FE-021	SEM	SEM-FE-021	project-governance/current/p2/02-file-semantic-matrix.md	line:88	AC9B25D036065F702106313170E4D3CE1B386DCD9F32A15E9C4638C3E9F17506	`FilterPanel.tsx/.css` header Reset、active chips与旧sticky/responsive layout	P2_APPROVED_BASELINE	CATALOG_EVIDENCE_AND_PLAN	00-p3-charter-and-preflight.md;01a-catalog-request-manifest.json;02-catalog-request-ledger.tsv;03-catalog-evidence-register.tsv;04a-catalog-profile.json;04b-catalog-scope-summary.tsv;04c-catalog-field-profile.tsv;06b-filter-source-profile.tsv	P3-CATALOG-DATA	NOT_APPLICABLE	MAPPED_CATALOG
P3T-SEM-SEM-FE-022	SEM	SEM-FE-022	project-governance/current/p2/02-file-semantic-matrix.md	line:89	AC9B25D036065F702106313170E4D3CE1B386DCD9F32A15E9C4638C3E9F17506	当前frontend缺失Saved views manager	P2_APPROVED_BASELINE	CATALOG_EVIDENCE_AND_PLAN	00-p3-charter-and-preflight.md;01a-catalog-request-manifest.json;02-catalog-request-ledger.tsv;03-catalog-evidence-register.tsv;04a-catalog-profile.json;04b-catalog-scope-summary.tsv;04c-catalog-field-profile.tsv;06b-filter-source-profile.tsv	P3-CATALOG-DATA	NOT_APPLICABLE	MAPPED_CATALOG
P3T-SEM-SEM-FE-023	SEM	SEM-FE-023	project-governance/current/p2/02-file-semantic-matrix.md	line:90	AC9B25D036065F702106313170E4D3CE1B386DCD9F32A15E9C4638C3E9F17506	当前i18n缺失Saved views完整状态	P2_APPROVED_BASELINE	CATALOG_EVIDENCE_AND_PLAN	00-p3-charter-and-preflight.md;01a-catalog-request-manifest.json;02-catalog-request-ledger.tsv;03-catalog-evidence-register.tsv;04a-catalog-profile.json;04b-catalog-scope-summary.tsv;04c-catalog-field-profile.tsv;06b-filter-source-profile.tsv	P3-CATALOG-DATA	NOT_APPLICABLE	MAPPED_CATALOG
P3T-SEM-SEM-FLT-001	SEM	SEM-FLT-001	project-governance/current/p2/02-file-semantic-matrix.md	line:113	AC9B25D036065F702106313170E4D3CE1B386DCD9F32A15E9C4638C3E9F17506	`courseFilters.ts:18-43` current filter state	P2_APPROVED_BASELINE	CATALOG_EVIDENCE_AND_PLAN	00-p3-charter-and-preflight.md;01a-catalog-request-manifest.json;02-catalog-request-ledger.tsv;03-catalog-evidence-register.tsv;04a-catalog-profile.json;04b-catalog-scope-summary.tsv;04c-catalog-field-profile.tsv;05a-delivery-raw-values.tsv;05b-meeting-raw-values.tsv;06a-section-identity-summary.tsv;06b-filter-source-profile.tsv	P3-CATALOG-DATA	NOT_APPLICABLE	MAPPED_CATALOG
P3T-SEM-SEM-FLT-002	SEM	SEM-FLT-002	project-governance/current/p2/02-file-semantic-matrix.md	line:114	AC9B25D036065F702106313170E4D3CE1B386DCD9F32A15E9C4638C3E9F17506	`courseFilters.ts:84-145` REST query builder	P2_APPROVED_BASELINE	CATALOG_EVIDENCE_AND_PLAN	00-p3-charter-and-preflight.md;01a-catalog-request-manifest.json;02-catalog-request-ledger.tsv;03-catalog-evidence-register.tsv;04a-catalog-profile.json;04b-catalog-scope-summary.tsv;04c-catalog-field-profile.tsv;05b-meeting-raw-values.tsv;06a-section-identity-summary.tsv;06b-filter-source-profile.tsv	P3-CATALOG-DATA	NOT_APPLICABLE	MAPPED_CATALOG
P3T-SEM-SEM-FLT-003	SEM	SEM-FLT-003	project-governance/current/p2/02-file-semantic-matrix.md	line:115	AC9B25D036065F702106313170E4D3CE1B386DCD9F32A15E9C4638C3E9F17506	`courseFilters.ts:151-299` URL serialize/parse	P2_APPROVED_BASELINE	CATALOG_EVIDENCE_AND_PLAN	00-p3-charter-and-preflight.md;01a-catalog-request-manifest.json;02-catalog-request-ledger.tsv;03-catalog-evidence-register.tsv;04a-catalog-profile.json;04b-catalog-scope-summary.tsv;04c-catalog-field-profile.tsv;06a-section-identity-summary.tsv;06b-filter-source-profile.tsv	P3-CATALOG-DATA	NOT_APPLICABLE	MAPPED_CATALOG
P3T-SEM-SEM-FLT-004	SEM	SEM-FLT-004	project-governance/current/p2/02-file-semantic-matrix.md	line:116	AC9B25D036065F702106313170E4D3CE1B386DCD9F32A15E9C4638C3E9F17506	`courseFilters.ts:1-4` calendar view注释与`uiStatus`	P2_APPROVED_BASELINE	CATALOG_EVIDENCE_AND_PLAN	00-p3-charter-and-preflight.md;01a-catalog-request-manifest.json;02-catalog-request-ledger.tsv;03-catalog-evidence-register.tsv;04a-catalog-profile.json;04b-catalog-scope-summary.tsv;04c-catalog-field-profile.tsv;06b-filter-source-profile.tsv	P3-CATALOG-DATA	NOT_APPLICABLE	MAPPED_CATALOG
P3T-SEM-SEM-FLT-005	SEM	SEM-FLT-005	project-governance/current/p2/02-file-semantic-matrix.md	line:117	AC9B25D036065F702106313170E4D3CE1B386DCD9F32A15E9C4638C3E9F17506	`courseFilters.ts` `dirtyFields`与`FilterPanel.emitState` dirty-key调用	P2_APPROVED_BASELINE	CATALOG_EVIDENCE_AND_PLAN	00-p3-charter-and-preflight.md;01a-catalog-request-manifest.json;02-catalog-request-ledger.tsv;03-catalog-evidence-register.tsv;04a-catalog-profile.json;04b-catalog-scope-summary.tsv;04c-catalog-field-profile.tsv;06b-filter-source-profile.tsv	P3-CATALOG-DATA	NOT_APPLICABLE	MAPPED_CATALOG
P3T-SEM-SEM-POLL-001	SEM	SEM-POLL-001	project-governance/current/p2/02-file-semantic-matrix.md	line:131	AC9B25D036065F702106313170E4D3CE1B386DCD9F32A15E9C4638C3E9F17506	`open_sections_poller.ts:394-610,812-1050` targets、checkpoint、poll loop、metrics	P2_APPROVED_BASELINE	CATALOG_EVIDENCE_AND_PLAN	00-p3-charter-and-preflight.md;01a-catalog-request-manifest.json;02-catalog-request-ledger.tsv;03-catalog-evidence-register.tsv;04a-catalog-profile.json;04b-catalog-scope-summary.tsv;04c-catalog-field-profile.tsv;05b-meeting-raw-values.tsv;06a-section-identity-summary.tsv;06b-filter-source-profile.tsv;14-open-profile-join-and-error-evidence.md;15-poller-qps-latency-and-safety-model.md;16-shared-open-contract-review-options.md;17-p3-open-review-stop-gate.md;18-open-review-decision-001.md;19-open-cache-and-notification-latency-contract.md;20-p3-open-decision-gate.md;21b-open-round2-resumption-amendment-001.json;22b-open-round2-completion.json;23a-shared-open-final-contract.md;23b-shared-open-final-contract.json	P3-CATALOG-DATA|P3-SHARED-OPEN-CONTRACT	RESOLVED_P3_SHARED_OPEN_CONTRACT	MAPPED_P3_OPEN_FROZEN
P3T-SEM-SEM-POLL-002	SEM	SEM-POLL-002	project-governance/current/p2/02-file-semantic-matrix.md	line:132	AC9B25D036065F702106313170E4D3CE1B386DCD9F32A15E9C4638C3E9F17506	`open_sections_poller.ts:1099-1249` status reconcile、edge/reminder/bucket	P2_APPROVED_BASELINE	CATALOG_EVIDENCE_AND_PLAN	00-p3-charter-and-preflight.md;01a-catalog-request-manifest.json;02-catalog-request-ledger.tsv;03-catalog-evidence-register.tsv;04a-catalog-profile.json;04b-catalog-scope-summary.tsv;04c-catalog-field-profile.tsv;06a-section-identity-summary.tsv;06b-filter-source-profile.tsv;14-open-profile-join-and-error-evidence.md;15-poller-qps-latency-and-safety-model.md;16-shared-open-contract-review-options.md;17-p3-open-review-stop-gate.md;18-open-review-decision-001.md;19-open-cache-and-notification-latency-contract.md;20-p3-open-decision-gate.md;21b-open-round2-resumption-amendment-001.json;22b-open-round2-completion.json;23a-shared-open-final-contract.md;23b-shared-open-final-contract.json	P3-CATALOG-DATA|P3-SHARED-OPEN-CONTRACT	RESOLVED_P3_SHARED_OPEN_CONTRACT	MAPPED_P3_OPEN_FROZEN
P3T-SEM-SEM-POLL-003	SEM	SEM-POLL-003	project-governance/current/p2/02-file-semantic-matrix.md	line:133	AC9B25D036065F702106313170E4D3CE1B386DCD9F32A15E9C4638C3E9F17506	`open_sections_poller.ts:706-748,1225-1332` persistent subscription preference/fanout	P2_APPROVED_BASELINE	CATALOG_EVIDENCE_AND_PLAN	00-p3-charter-and-preflight.md;01a-catalog-request-manifest.json;02-catalog-request-ledger.tsv;03-catalog-evidence-register.tsv;04a-catalog-profile.json;04b-catalog-scope-summary.tsv;04c-catalog-field-profile.tsv;06a-section-identity-summary.tsv;06b-filter-source-profile.tsv;14-open-profile-join-and-error-evidence.md;15-poller-qps-latency-and-safety-model.md;16-shared-open-contract-review-options.md;17-p3-open-review-stop-gate.md;18-open-review-decision-001.md;19-open-cache-and-notification-latency-contract.md;20-p3-open-decision-gate.md;21b-open-round2-resumption-amendment-001.json;22b-open-round2-completion.json;23a-shared-open-final-contract.md;23b-shared-open-final-contract.json	P3-CATALOG-DATA|P3-SHARED-OPEN-CONTRACT	RESOLVED_P3_SHARED_OPEN_CONTRACT	MAPPED_P3_OPEN_FROZEN
P3T-SEM-SEM-POLL-004	SEM	SEM-POLL-004	project-governance/current/p2/02-file-semantic-matrix.md	line:134	AC9B25D036065F702106313170E4D3CE1B386DCD9F32A15E9C4638C3E9F17506	`open_sections_poller.ts:1086-1198` empty/miss handling	P2_APPROVED_BASELINE	CATALOG_EVIDENCE_AND_PLAN	00-p3-charter-and-preflight.md;01a-catalog-request-manifest.json;02-catalog-request-ledger.tsv;03-catalog-evidence-register.tsv;04a-catalog-profile.json;04b-catalog-scope-summary.tsv;04c-catalog-field-profile.tsv;06a-section-identity-summary.tsv;06b-filter-source-profile.tsv;14-open-profile-join-and-error-evidence.md;15-poller-qps-latency-and-safety-model.md;16-shared-open-contract-review-options.md;17-p3-open-review-stop-gate.md;18-open-review-decision-001.md;19-open-cache-and-notification-latency-contract.md;20-p3-open-decision-gate.md;21b-open-round2-resumption-amendment-001.json;22b-open-round2-completion.json;23a-shared-open-final-contract.md;23b-shared-open-final-contract.json	P3-CATALOG-DATA|P3-SHARED-OPEN-CONTRACT	RESOLVED_P3_SHARED_OPEN_CONTRACT	MAPPED_P3_OPEN_FROZEN
P3T-SEM-SEM-POLL-005	SEM	SEM-POLL-005	project-governance/current/p2/02-file-semantic-matrix.md	line:135	AC9B25D036065F702106313170E4D3CE1B386DCD9F32A15E9C4638C3E9F17506	`open_sections_poller.ts:584-589,1131-1186` section status update	P2_APPROVED_BASELINE	CATALOG_EVIDENCE_AND_PLAN	00-p3-charter-and-preflight.md;01a-catalog-request-manifest.json;02-catalog-request-ledger.tsv;03-catalog-evidence-register.tsv;04a-catalog-profile.json;04b-catalog-scope-summary.tsv;04c-catalog-field-profile.tsv;06a-section-identity-summary.tsv;06b-filter-source-profile.tsv;14-open-profile-join-and-error-evidence.md;15-poller-qps-latency-and-safety-model.md;16-shared-open-contract-review-options.md;17-p3-open-review-stop-gate.md;18-open-review-decision-001.md;19-open-cache-and-notification-latency-contract.md;20-p3-open-decision-gate.md;21b-open-round2-resumption-amendment-001.json;22b-open-round2-completion.json;23a-shared-open-final-contract.md;23b-shared-open-final-contract.json	P3-CATALOG-DATA|P3-SHARED-OPEN-CONTRACT	RESOLVED_P3_SHARED_OPEN_CONTRACT	MAPPED_P3_OPEN_FROZEN
P3T-SEM-SEM-POLL-006	SEM	SEM-POLL-006	project-governance/current/p2/02-file-semantic-matrix.md	line:136	AC9B25D036065F702106313170E4D3CE1B386DCD9F32A15E9C4638C3E9F17506	`open_sections_poller.auto.test.ts` target/missing/checkpoint fixtures	P2_APPROVED_BASELINE	CATALOG_EVIDENCE_AND_PLAN	00-p3-charter-and-preflight.md;01a-catalog-request-manifest.json;02-catalog-request-ledger.tsv;03-catalog-evidence-register.tsv;04a-catalog-profile.json;04b-catalog-scope-summary.tsv;04c-catalog-field-profile.tsv;06a-section-identity-summary.tsv;06b-filter-source-profile.tsv;14-open-profile-join-and-error-evidence.md;15-poller-qps-latency-and-safety-model.md;16-shared-open-contract-review-options.md;17-p3-open-review-stop-gate.md;18-open-review-decision-001.md;19-open-cache-and-notification-latency-contract.md;20-p3-open-decision-gate.md;21b-open-round2-resumption-amendment-001.json;22b-open-round2-completion.json;23a-shared-open-final-contract.md;23b-shared-open-final-contract.json	P3-CATALOG-DATA|P3-SHARED-OPEN-CONTRACT	RESOLVED_P3_SHARED_OPEN_CONTRACT	MAPPED_P3_OPEN_FROZEN
P3T-SEM-SEM-POLL-007	SEM	SEM-POLL-007	project-governance/current/p2/02-file-semantic-matrix.md	line:137	AC9B25D036065F702106313170E4D3CE1B386DCD9F32A15E9C4638C3E9F17506	`open_sections_poller.auto.test.ts` active DB discovery/persistent resume assertions	P2_APPROVED_BASELINE	CATALOG_EVIDENCE_AND_PLAN	00-p3-charter-and-preflight.md;01a-catalog-request-manifest.json;02-catalog-request-ledger.tsv;03-catalog-evidence-register.tsv;04a-catalog-profile.json;04b-catalog-scope-summary.tsv;04c-catalog-field-profile.tsv;06a-section-identity-summary.tsv;06b-filter-source-profile.tsv;14-open-profile-join-and-error-evidence.md;15-poller-qps-latency-and-safety-model.md;16-shared-open-contract-review-options.md;17-p3-open-review-stop-gate.md;18-open-review-decision-001.md;19-open-cache-and-notification-latency-contract.md;20-p3-open-decision-gate.md;21b-open-round2-resumption-amendment-001.json;22b-open-round2-completion.json;23a-shared-open-final-contract.md;23b-shared-open-final-contract.json	P3-CATALOG-DATA|P3-SHARED-OPEN-CONTRACT	RESOLVED_P3_SHARED_OPEN_CONTRACT	MAPPED_P3_OPEN_FROZEN
P3T-SEM-SEM-RUN-001	SEM	SEM-RUN-001	project-governance/current/p2/02-file-semantic-matrix.md	line:123	AC9B25D036065F702106313170E4D3CE1B386DCD9F32A15E9C4638C3E9F17506	`package.json:10-21` scripts	P2_APPROVED_BASELINE	LOCAL_IMPLEMENTATION_PLAN	00-p3-charter-and-preflight.md	P3-LOCAL-IMPLEMENTATION	NOT_APPLICABLE	MAPPED_P3_PLAN
P3T-SEM-SEM-RUN-002	SEM	SEM-RUN-002	project-governance/current/p2/02-file-semantic-matrix.md	line:124	AC9B25D036065F702106313170E4D3CE1B386DCD9F32A15E9C4638C3E9F17506	`package.json:40-45` better-sqlite3/Fastify/Zod	P2_APPROVED_BASELINE	CATALOG_EVIDENCE_AND_PLAN	00-p3-charter-and-preflight.md;01a-catalog-request-manifest.json;02-catalog-request-ledger.tsv;03-catalog-evidence-register.tsv;04a-catalog-profile.json;04b-catalog-scope-summary.tsv;04c-catalog-field-profile.tsv;05b-meeting-raw-values.tsv;06b-filter-source-profile.tsv	P3-CATALOG-DATA	NOT_APPLICABLE	MAPPED_CATALOG
P3T-SEM-SEM-RUN-003	SEM	SEM-RUN-003	project-governance/current/p2/02-file-semantic-matrix.md	line:125	AC9B25D036065F702106313170E4D3CE1B386DCD9F32A15E9C4638C3E9F17506	`package.json` repository metadata	P2_APPROVED_BASELINE	LOCAL_IMPLEMENTATION_PLAN	00-p3-charter-and-preflight.md	P3-LOCAL-IMPLEMENTATION	NOT_APPLICABLE	MAPPED_P3_PLAN
P3T-SEM-SEM-RUN-004	SEM	SEM-RUN-004	project-governance/current/p2/02-file-semantic-matrix.md	line:126	AC9B25D036065F702106313170E4D3CE1B386DCD9F32A15E9C4638C3E9F17506	`package-lock.json` backend/runtime graph	P2_APPROVED_BASELINE	LOCAL_IMPLEMENTATION_PLAN	00-p3-charter-and-preflight.md;05b-meeting-raw-values.tsv	P3-LOCAL-IMPLEMENTATION	NOT_APPLICABLE	MAPPED_P3_PLAN
P3T-SEM-SEM-RUN-005	SEM	SEM-RUN-005	project-governance/current/p2/02-file-semantic-matrix.md	line:127	AC9B25D036065F702106313170E4D3CE1B386DCD9F32A15E9C4638C3E9F17506	`tsconfig.json` backend/scripts include	P2_APPROVED_BASELINE	LOCAL_IMPLEMENTATION_PLAN	00-p3-charter-and-preflight.md	P3-LOCAL-IMPLEMENTATION	NOT_APPLICABLE	MAPPED_P3_PLAN
P3T-SEM-SEM-RUN-006	SEM	SEM-RUN-006	project-governance/current/p2/02-file-semantic-matrix.md	line:128	AC9B25D036065F702106313170E4D3CE1B386DCD9F32A15E9C4638C3E9F17506	`oneclick_start.js:110-242,367-419,422-435,549-563` entry/config/supervision/open-browser/error	P2_APPROVED_BASELINE	LOCAL_IMPLEMENTATION_PLAN	00-p3-charter-and-preflight.md	P3-LOCAL-IMPLEMENTATION	NOT_APPLICABLE	MAPPED_P3_PLAN
P3T-SEM-SEM-RUN-007	SEM	SEM-RUN-007	project-governance/current/p2/02-file-semantic-matrix.md	line:129	AC9B25D036065F702106313170E4D3CE1B386DCD9F32A15E9C4638C3E9F17506	`oneclick_start.js:269-365,469-515` npm install/native repair/Fastify/Vite dev多进程	P2_APPROVED_BASELINE	LOCAL_IMPLEMENTATION_PLAN	00-p3-charter-and-preflight.md	P3-LOCAL-IMPLEMENTATION	NOT_APPLICABLE	MAPPED_P3_PLAN
P3T-SEM-SEM-RUN-008	SEM	SEM-RUN-008	project-governance/current/p2/02-file-semantic-matrix.md	line:130	AC9B25D036065F702106313170E4D3CE1B386DCD9F32A15E9C4638C3E9F17506	`oneclick_start.js:7,17-29,520-547` mail检查/dispatcher	P2_APPROVED_BASELINE	LOCAL_IMPLEMENTATION_PLAN	00-p3-charter-and-preflight.md	P3-LOCAL-IMPLEMENTATION	NOT_APPLICABLE	MAPPED_P3_PLAN
P3T-SEM-SEM-WATCH-001	SEM	SEM-WATCH-001	project-governance/current/p2/02-file-semantic-matrix.md	line:96	AC9B25D036065F702106313170E4D3CE1B386DCD9F32A15E9C4638C3E9F17506	`LocalSoundToggle.tsx:39-49` + CSS toggle/status	P2_APPROVED_BASELINE	LOCAL_IMPLEMENTATION_PLAN	00-p3-charter-and-preflight.md	P3-LOCAL-IMPLEMENTATION	NOT_APPLICABLE	MAPPED_P3_PLAN
P3T-SEM-SEM-WATCH-002	SEM	SEM-WATCH-002	project-governance/current/p2/02-file-semantic-matrix.md	line:97	AC9B25D036065F702106313170E4D3CE1B386DCD9F32A15E9C4638C3E9F17506	`LocalSoundToggle.tsx:21-29` polling文案和相关CSS	P2_APPROVED_BASELINE	LOCAL_IMPLEMENTATION_PLAN	00-p3-charter-and-preflight.md	P3-LOCAL-IMPLEMENTATION	NOT_APPLICABLE	MAPPED_P3_PLAN
P3T-SEM-SEM-WATCH-003	SEM	SEM-WATCH-003	project-governance/current/p2/02-file-semantic-matrix.md	line:98	AC9B25D036065F702106313170E4D3CE1B386DCD9F32A15E9C4638C3E9F17506	`LocalSoundToggle.tsx:85-118` toast markup/styles	P2_APPROVED_BASELINE	CATALOG_EVIDENCE_AND_PLAN	00-p3-charter-and-preflight.md;01a-catalog-request-manifest.json;02-catalog-request-ledger.tsv;03-catalog-evidence-register.tsv;04a-catalog-profile.json;04b-catalog-scope-summary.tsv;04c-catalog-field-profile.tsv;05b-meeting-raw-values.tsv;06a-section-identity-summary.tsv;06b-filter-source-profile.tsv;14-open-profile-join-and-error-evidence.md;15-poller-qps-latency-and-safety-model.md;16-shared-open-contract-review-options.md;17-p3-open-review-stop-gate.md;18-open-review-decision-001.md;19-open-cache-and-notification-latency-contract.md;20-p3-open-decision-gate.md;21b-open-round2-resumption-amendment-001.json;22b-open-round2-completion.json;23a-shared-open-final-contract.md;23b-shared-open-final-contract.json	P3-CATALOG-DATA|P3-SHARED-OPEN-CONTRACT	RESOLVED_P3_SHARED_OPEN_CONTRACT	MAPPED_P3_OPEN_FROZEN
P3T-SEM-SEM-WATCH-004	SEM	SEM-WATCH-004	project-governance/current/p2/02-file-semantic-matrix.md	line:99	AC9B25D036065F702106313170E4D3CE1B386DCD9F32A15E9C4638C3E9F17506	`SubscribeButton.tsx:26-102,166-216` section/feedback壳 + CSS	P2_APPROVED_BASELINE	CATALOG_EVIDENCE_AND_PLAN	00-p3-charter-and-preflight.md;01a-catalog-request-manifest.json;02-catalog-request-ledger.tsv;03-catalog-evidence-register.tsv;04a-catalog-profile.json;04b-catalog-scope-summary.tsv;04c-catalog-field-profile.tsv;06a-section-identity-summary.tsv;06b-filter-source-profile.tsv	P3-CATALOG-DATA	NOT_APPLICABLE	MAPPED_CATALOG
P3T-SEM-SEM-WATCH-005	SEM	SEM-WATCH-005	project-governance/current/p2/02-file-semantic-matrix.md	line:100	AC9B25D036065F702106313170E4D3CE1B386DCD9F32A15E9C4638C3E9F17506	`SubscribeButton.tsx:103-165,217-337` email/token/persistent flow + CSS	P2_APPROVED_BASELINE	LOCAL_IMPLEMENTATION_PLAN	00-p3-charter-and-preflight.md	P3-LOCAL-IMPLEMENTATION	NOT_APPLICABLE	MAPPED_P3_PLAN
P3T-SEM-SEM-WATCH-006	SEM	SEM-WATCH-006	project-governance/current/p2/02-file-semantic-matrix.md	line:101	AC9B25D036065F702106313170E4D3CE1B386DCD9F32A15E9C4638C3E9F17506	`SubscriptionCenter.tsx` section selection/feedback/local sound shell + CSS	P2_APPROVED_BASELINE	CATALOG_EVIDENCE_AND_PLAN	00-p3-charter-and-preflight.md;01a-catalog-request-manifest.json;02-catalog-request-ledger.tsv;03-catalog-evidence-register.tsv;04a-catalog-profile.json;04b-catalog-scope-summary.tsv;04c-catalog-field-profile.tsv;06a-section-identity-summary.tsv;06b-filter-source-profile.tsv;14-open-profile-join-and-error-evidence.md;15-poller-qps-latency-and-safety-model.md;16-shared-open-contract-review-options.md;17-p3-open-review-stop-gate.md;18-open-review-decision-001.md;19-open-cache-and-notification-latency-contract.md;20-p3-open-decision-gate.md;21b-open-round2-resumption-amendment-001.json;22b-open-round2-completion.json;23a-shared-open-final-contract.md;23b-shared-open-final-contract.json	P3-CATALOG-DATA|P3-SHARED-OPEN-CONTRACT	RESOLVED_P3_SHARED_OPEN_CONTRACT	MAPPED_P3_OPEN_FROZEN
P3T-SEM-SEM-WATCH-007	SEM	SEM-WATCH-007	project-governance/current/p2/02-file-semantic-matrix.md	line:102	AC9B25D036065F702106313170E4D3CE1B386DCD9F32A15E9C4638C3E9F17506	`SubscriptionCenter.tsx:22-123,157-217` email contact branches + CSS	P2_APPROVED_BASELINE	CATALOG_EVIDENCE_AND_PLAN	00-p3-charter-and-preflight.md;01a-catalog-request-manifest.json;02-catalog-request-ledger.tsv;03-catalog-evidence-register.tsv;04a-catalog-profile.json;04b-catalog-scope-summary.tsv;04c-catalog-field-profile.tsv;06b-filter-source-profile.tsv	P3-CATALOG-DATA	NOT_APPLICABLE	MAPPED_CATALOG
P3T-SEM-SEM-WATCH-008	SEM	SEM-WATCH-008	project-governance/current/p2/02-file-semantic-matrix.md	line:103	AC9B25D036065F702106313170E4D3CE1B386DCD9F32A15E9C4638C3E9F17506	`SubscriptionManager.tsx:10-160` list/refresh/remove shell + CSS	P2_APPROVED_BASELINE	CATALOG_EVIDENCE_AND_PLAN	00-p3-charter-and-preflight.md;01a-catalog-request-manifest.json;02-catalog-request-ledger.tsv;03-catalog-evidence-register.tsv;04a-catalog-profile.json;04b-catalog-scope-summary.tsv;04c-catalog-field-profile.tsv;06b-filter-source-profile.tsv	P3-CATALOG-DATA	NOT_APPLICABLE	MAPPED_CATALOG
P3T-SEM-SEM-WATCH-009	SEM	SEM-WATCH-009	project-governance/current/p2/02-file-semantic-matrix.md	line:104	AC9B25D036065F702106313170E4D3CE1B386DCD9F32A15E9C4638C3E9F17506	`SubscriptionManager.tsx:95-128` email channel展示 + CSS modifier	P2_APPROVED_BASELINE	LOCAL_IMPLEMENTATION_PLAN	00-p3-charter-and-preflight.md;14-open-profile-join-and-error-evidence.md;15-poller-qps-latency-and-safety-model.md;16-shared-open-contract-review-options.md;17-p3-open-review-stop-gate.md;18-open-review-decision-001.md;19-open-cache-and-notification-latency-contract.md;20-p3-open-decision-gate.md;21b-open-round2-resumption-amendment-001.json;22b-open-round2-completion.json;23a-shared-open-final-contract.md;23b-shared-open-final-contract.json	P3-LOCAL-IMPLEMENTATION|P3-SHARED-OPEN-CONTRACT	RESOLVED_P3_SHARED_OPEN_CONTRACT	MAPPED_P3_OPEN_FROZEN
P3T-SEM-SEM-WATCH-010	SEM	SEM-WATCH-010	project-governance/current/p2/02-file-semantic-matrix.md	line:105	AC9B25D036065F702106313170E4D3CE1B386DCD9F32A15E9C4638C3E9F17506	`useLocalSoundNotifications.ts:111-175` AudioContext、oscillator、toast state	P2_APPROVED_BASELINE	LOCAL_IMPLEMENTATION_PLAN	00-p3-charter-and-preflight.md;05b-meeting-raw-values.tsv;14-open-profile-join-and-error-evidence.md;15-poller-qps-latency-and-safety-model.md;16-shared-open-contract-review-options.md;17-p3-open-review-stop-gate.md;18-open-review-decision-001.md;19-open-cache-and-notification-latency-contract.md;20-p3-open-decision-gate.md;21b-open-round2-resumption-amendment-001.json;22b-open-round2-completion.json;23a-shared-open-final-contract.md;23b-shared-open-final-contract.json	P3-LOCAL-IMPLEMENTATION|P3-SHARED-OPEN-CONTRACT	RESOLVED_P3_SHARED_OPEN_CONTRACT	MAPPED_P3_OPEN_FROZEN
P3T-SEM-SEM-WATCH-011	SEM	SEM-WATCH-011	project-governance/current/p2/02-file-semantic-matrix.md	line:106	AC9B25D036065F702106313170E4D3CE1B386DCD9F32A15E9C4638C3E9F17506	`useLocalSoundNotifications.ts:7-11,58-102,177-223` device、enabled storage、7s claim	P2_APPROVED_BASELINE	CATALOG_EVIDENCE_AND_PLAN	00-p3-charter-and-preflight.md;01a-catalog-request-manifest.json;02-catalog-request-ledger.tsv;03-catalog-evidence-register.tsv;04a-catalog-profile.json;04b-catalog-scope-summary.tsv;04c-catalog-field-profile.tsv;06b-filter-source-profile.tsv	P3-CATALOG-DATA	NOT_APPLICABLE	MAPPED_CATALOG
P3T-SEM-SEM-WATCH-012	SEM	SEM-WATCH-012	project-governance/current/p2/02-file-semantic-matrix.md	line:107	AC9B25D036065F702106313170E4D3CE1B386DCD9F32A15E9C4638C3E9F17506	`useLocalSoundNotifications.ts:161-173` batch播放	P2_APPROVED_BASELINE	LOCAL_IMPLEMENTATION_PLAN	00-p3-charter-and-preflight.md;14-open-profile-join-and-error-evidence.md;15-poller-qps-latency-and-safety-model.md;16-shared-open-contract-review-options.md;17-p3-open-review-stop-gate.md;18-open-review-decision-001.md;19-open-cache-and-notification-latency-contract.md;20-p3-open-decision-gate.md;21b-open-round2-resumption-amendment-001.json;22b-open-round2-completion.json;23a-shared-open-final-contract.md;23b-shared-open-final-contract.json	P3-LOCAL-IMPLEMENTATION|P3-SHARED-OPEN-CONTRACT	RESOLVED_P3_SHARED_OPEN_CONTRACT	MAPPED_P3_OPEN_FROZEN
P3T-FLT-FLT-C01	FLT	FLT-C01	project-governance/current/p2/06-filter-section-watch-contract.md	line:87	506C794912F5D8EA5A9E1805DB6B5E6BCBC9D3FF44837C1ECB33CFD02C2D1EC6	Term	P2_APPROVED_BASELINE	CATALOG_EVIDENCE_AND_FILTER_PLAN	00-p3-charter-and-preflight.md;01a-catalog-request-manifest.json;02-catalog-request-ledger.tsv;03-catalog-evidence-register.tsv;04a-catalog-profile.json;04b-catalog-scope-summary.tsv;04c-catalog-field-profile.tsv;05a-delivery-raw-values.tsv;05b-meeting-raw-values.tsv;06a-section-identity-summary.tsv;06b-filter-source-profile.tsv	P3-FILTER-QUERY	NOT_APPLICABLE	MAPPED_CATALOG
P3T-FLT-FLT-C02	FLT	FLT-C02	project-governance/current/p2/06-filter-section-watch-contract.md	line:88	506C794912F5D8EA5A9E1805DB6B5E6BCBC9D3FF44837C1ECB33CFD02C2D1EC6	Campus	P2_APPROVED_BASELINE	CATALOG_EVIDENCE_AND_FILTER_PLAN	00-p3-charter-and-preflight.md;01a-catalog-request-manifest.json;02-catalog-request-ledger.tsv;03-catalog-evidence-register.tsv;04a-catalog-profile.json;04b-catalog-scope-summary.tsv;04c-catalog-field-profile.tsv;05a-delivery-raw-values.tsv;05b-meeting-raw-values.tsv;06a-section-identity-summary.tsv;06b-filter-source-profile.tsv	P3-FILTER-QUERY	NOT_APPLICABLE	MAPPED_CATALOG
P3T-FLT-FLT-C03	FLT	FLT-C03	project-governance/current/p2/06-filter-section-watch-contract.md	line:89	506C794912F5D8EA5A9E1805DB6B5E6BCBC9D3FF44837C1ECB33CFD02C2D1EC6	Subject	P2_APPROVED_BASELINE	CATALOG_EVIDENCE_AND_FILTER_PLAN	00-p3-charter-and-preflight.md;01a-catalog-request-manifest.json;02-catalog-request-ledger.tsv;03-catalog-evidence-register.tsv;04a-catalog-profile.json;04b-catalog-scope-summary.tsv;04c-catalog-field-profile.tsv;05a-delivery-raw-values.tsv;05b-meeting-raw-values.tsv;06a-section-identity-summary.tsv;06b-filter-source-profile.tsv	P3-FILTER-QUERY	NOT_APPLICABLE	MAPPED_CATALOG
P3T-FLT-FLT-C04	FLT	FLT-C04	project-governance/current/p2/06-filter-section-watch-contract.md	line:90	506C794912F5D8EA5A9E1805DB6B5E6BCBC9D3FF44837C1ECB33CFD02C2D1EC6	Free-text search	P2_APPROVED_BASELINE	CATALOG_EVIDENCE_AND_FILTER_PLAN	00-p3-charter-and-preflight.md;01a-catalog-request-manifest.json;02-catalog-request-ledger.tsv;03-catalog-evidence-register.tsv;04a-catalog-profile.json;04b-catalog-scope-summary.tsv;04c-catalog-field-profile.tsv;05a-delivery-raw-values.tsv;05b-meeting-raw-values.tsv;06a-section-identity-summary.tsv;06b-filter-source-profile.tsv	P3-FILTER-QUERY	NOT_APPLICABLE	MAPPED_CATALOG
P3T-FLT-FLT-C05	FLT	FLT-C05	project-governance/current/p2/06-filter-section-watch-contract.md	line:91	506C794912F5D8EA5A9E1805DB6B5E6BCBC9D3FF44837C1ECB33CFD02C2D1EC6	Course number	P2_APPROVED_BASELINE	CATALOG_EVIDENCE_AND_FILTER_PLAN	00-p3-charter-and-preflight.md;01a-catalog-request-manifest.json;02-catalog-request-ledger.tsv;03-catalog-evidence-register.tsv;04a-catalog-profile.json;04b-catalog-scope-summary.tsv;04c-catalog-field-profile.tsv;05a-delivery-raw-values.tsv;05b-meeting-raw-values.tsv;06a-section-identity-summary.tsv;06b-filter-source-profile.tsv	P3-FILTER-QUERY	NOT_APPLICABLE	MAPPED_CATALOG
P3T-FLT-FLT-C06	FLT	FLT-C06	project-governance/current/p2/06-filter-section-watch-contract.md	line:92	506C794912F5D8EA5A9E1805DB6B5E6BCBC9D3FF44837C1ECB33CFD02C2D1EC6	Level	P2_APPROVED_BASELINE	CATALOG_EVIDENCE_AND_FILTER_PLAN	00-p3-charter-and-preflight.md;01a-catalog-request-manifest.json;02-catalog-request-ledger.tsv;03-catalog-evidence-register.tsv;04a-catalog-profile.json;04b-catalog-scope-summary.tsv;04c-catalog-field-profile.tsv;05a-delivery-raw-values.tsv;05b-meeting-raw-values.tsv;06a-section-identity-summary.tsv;06b-filter-source-profile.tsv	P3-FILTER-QUERY	NOT_APPLICABLE	MAPPED_CATALOG
P3T-FLT-FLT-C07	FLT	FLT-C07	project-governance/current/p2/06-filter-section-watch-contract.md	line:93	506C794912F5D8EA5A9E1805DB6B5E6BCBC9D3FF44837C1ECB33CFD02C2D1EC6	Credits	P2_APPROVED_BASELINE	CATALOG_EVIDENCE_AND_FILTER_PLAN	00-p3-charter-and-preflight.md;01a-catalog-request-manifest.json;02-catalog-request-ledger.tsv;03-catalog-evidence-register.tsv;04a-catalog-profile.json;04b-catalog-scope-summary.tsv;04c-catalog-field-profile.tsv;05a-delivery-raw-values.tsv;05b-meeting-raw-values.tsv;06a-section-identity-summary.tsv;06b-filter-source-profile.tsv	P3-FILTER-QUERY	NOT_APPLICABLE	MAPPED_CATALOG
P3T-FLT-FLT-C08	FLT	FLT-C08	project-governance/current/p2/06-filter-section-watch-contract.md	line:94	506C794912F5D8EA5A9E1805DB6B5E6BCBC9D3FF44837C1ECB33CFD02C2D1EC6	Core code	P2_APPROVED_BASELINE	CATALOG_EVIDENCE_AND_FILTER_PLAN	00-p3-charter-and-preflight.md;01a-catalog-request-manifest.json;02-catalog-request-ledger.tsv;03-catalog-evidence-register.tsv;04a-catalog-profile.json;04b-catalog-scope-summary.tsv;04c-catalog-field-profile.tsv;05a-delivery-raw-values.tsv;05b-meeting-raw-values.tsv;06a-section-identity-summary.tsv;06b-filter-source-profile.tsv	P3-FILTER-QUERY	NOT_APPLICABLE	MAPPED_CATALOG
P3T-FLT-FLT-C09	FLT	FLT-C09	project-governance/current/p2/06-filter-section-watch-contract.md	line:95	506C794912F5D8EA5A9E1805DB6B5E6BCBC9D3FF44837C1ECB33CFD02C2D1EC6	Prerequisite presence	P2_APPROVED_BASELINE	CATALOG_EVIDENCE_AND_FILTER_PLAN	00-p3-charter-and-preflight.md;01a-catalog-request-manifest.json;02-catalog-request-ledger.tsv;03-catalog-evidence-register.tsv;04a-catalog-profile.json;04b-catalog-scope-summary.tsv;04c-catalog-field-profile.tsv;05a-delivery-raw-values.tsv;05b-meeting-raw-values.tsv;06a-section-identity-summary.tsv;06b-filter-source-profile.tsv	P3-FILTER-QUERY	NOT_APPLICABLE	MAPPED_CATALOG
P3T-FLT-FLT-C10	FLT	FLT-C10	project-governance/current/p2/06-filter-section-watch-contract.md	line:96	506C794912F5D8EA5A9E1805DB6B5E6BCBC9D3FF44837C1ECB33CFD02C2D1EC6	Course campus location	P2_APPROVED_BASELINE	CATALOG_EVIDENCE_AND_FILTER_PLAN	00-p3-charter-and-preflight.md;01a-catalog-request-manifest.json;02-catalog-request-ledger.tsv;03-catalog-evidence-register.tsv;04a-catalog-profile.json;04b-catalog-scope-summary.tsv;04c-catalog-field-profile.tsv;05a-delivery-raw-values.tsv;05b-meeting-raw-values.tsv;06a-section-identity-summary.tsv;06b-filter-source-profile.tsv	P3-FILTER-QUERY	NOT_APPLICABLE	MAPPED_CATALOG
P3T-FLT-FLT-S01	FLT	FLT-S01	project-governance/current/p2/06-filter-section-watch-contract.md	line:104	506C794912F5D8EA5A9E1805DB6B5E6BCBC9D3FF44837C1ECB33CFD02C2D1EC6	Section index	P2_APPROVED_BASELINE	CATALOG_EVIDENCE_AND_FILTER_PLAN	00-p3-charter-and-preflight.md;01a-catalog-request-manifest.json;02-catalog-request-ledger.tsv;03-catalog-evidence-register.tsv;04a-catalog-profile.json;04b-catalog-scope-summary.tsv;04c-catalog-field-profile.tsv;05a-delivery-raw-values.tsv;05b-meeting-raw-values.tsv;06a-section-identity-summary.tsv;06b-filter-source-profile.tsv	P3-FILTER-QUERY	NOT_APPLICABLE	MAPPED_CATALOG
P3T-FLT-FLT-S02	FLT	FLT-S02	project-governance/current/p2/06-filter-section-watch-contract.md	line:105	506C794912F5D8EA5A9E1805DB6B5E6BCBC9D3FF44837C1ECB33CFD02C2D1EC6	Section number	P2_APPROVED_BASELINE	CATALOG_EVIDENCE_AND_FILTER_PLAN	00-p3-charter-and-preflight.md;01a-catalog-request-manifest.json;02-catalog-request-ledger.tsv;03-catalog-evidence-register.tsv;04a-catalog-profile.json;04b-catalog-scope-summary.tsv;04c-catalog-field-profile.tsv;05a-delivery-raw-values.tsv;05b-meeting-raw-values.tsv;06a-section-identity-summary.tsv;06b-filter-source-profile.tsv	P3-FILTER-QUERY	NOT_APPLICABLE	MAPPED_CATALOG
P3T-FLT-FLT-S03	FLT	FLT-S03	project-governance/current/p2/06-filter-section-watch-contract.md	line:106	506C794912F5D8EA5A9E1805DB6B5E6BCBC9D3FF44837C1ECB33CFD02C2D1EC6	Open status	P2_APPROVED_BASELINE	CATALOG_EVIDENCE_AND_FILTER_PLAN	00-p3-charter-and-preflight.md;01a-catalog-request-manifest.json;02-catalog-request-ledger.tsv;03-catalog-evidence-register.tsv;04a-catalog-profile.json;04b-catalog-scope-summary.tsv;04c-catalog-field-profile.tsv;05a-delivery-raw-values.tsv;05b-meeting-raw-values.tsv;06a-section-identity-summary.tsv;06b-filter-source-profile.tsv;14-open-profile-join-and-error-evidence.md;15-poller-qps-latency-and-safety-model.md;16-shared-open-contract-review-options.md;17-p3-open-review-stop-gate.md;18-open-review-decision-001.md;19-open-cache-and-notification-latency-contract.md;20-p3-open-decision-gate.md;21b-open-round2-resumption-amendment-001.json;22b-open-round2-completion.json;23a-shared-open-final-contract.md;23b-shared-open-final-contract.json	P3-FILTER-QUERY|P3-SHARED-OPEN-CONTRACT	RESOLVED_P3_SHARED_OPEN_CONTRACT	MAPPED_P3_OPEN_FROZEN
P3T-FLT-FLT-S04a	FLT	FLT-S04a	project-governance/current/p2/06-filter-section-watch-contract.md	line:107	506C794912F5D8EA5A9E1805DB6B5E6BCBC9D3FF44837C1ECB33CFD02C2D1EC6	Delivery modality	P2_APPROVED_BASELINE	CATALOG_EVIDENCE_AND_FILTER_PLAN	00-p3-charter-and-preflight.md;01a-catalog-request-manifest.json;02-catalog-request-ledger.tsv;03-catalog-evidence-register.tsv;04a-catalog-profile.json;04b-catalog-scope-summary.tsv;04c-catalog-field-profile.tsv;05a-delivery-raw-values.tsv;05b-meeting-raw-values.tsv;06a-section-identity-summary.tsv;06b-filter-source-profile.tsv	P3-FILTER-QUERY	NOT_APPLICABLE	MAPPED_CATALOG
P3T-FLT-FLT-S04b	FLT	FLT-S04b	project-governance/current/p2/06-filter-section-watch-contract.md	line:108	506C794912F5D8EA5A9E1805DB6B5E6BCBC9D3FF44837C1ECB33CFD02C2D1EC6	Delivery synchronicity	P2_APPROVED_BASELINE	CATALOG_EVIDENCE_AND_FILTER_PLAN	00-p3-charter-and-preflight.md;01a-catalog-request-manifest.json;02-catalog-request-ledger.tsv;03-catalog-evidence-register.tsv;04a-catalog-profile.json;04b-catalog-scope-summary.tsv;04c-catalog-field-profile.tsv;05a-delivery-raw-values.tsv;05b-meeting-raw-values.tsv;06a-section-identity-summary.tsv;06b-filter-source-profile.tsv	P3-FILTER-QUERY	NOT_APPLICABLE	MAPPED_CATALOG
P3T-FLT-FLT-S05	FLT	FLT-S05	project-governance/current/p2/06-filter-section-watch-contract.md	line:109	506C794912F5D8EA5A9E1805DB6B5E6BCBC9D3FF44837C1ECB33CFD02C2D1EC6	Instructor	P2_APPROVED_BASELINE	CATALOG_EVIDENCE_AND_FILTER_PLAN	00-p3-charter-and-preflight.md;01a-catalog-request-manifest.json;02-catalog-request-ledger.tsv;03-catalog-evidence-register.tsv;04a-catalog-profile.json;04b-catalog-scope-summary.tsv;04c-catalog-field-profile.tsv;05a-delivery-raw-values.tsv;05b-meeting-raw-values.tsv;06a-section-identity-summary.tsv;06b-filter-source-profile.tsv	P3-FILTER-QUERY	NOT_APPLICABLE	MAPPED_CATALOG
P3T-FLT-FLT-S06	FLT	FLT-S06	project-governance/current/p2/06-filter-section-watch-contract.md	line:110	506C794912F5D8EA5A9E1805DB6B5E6BCBC9D3FF44837C1ECB33CFD02C2D1EC6	Weekly/occurrence availability	P2_APPROVED_BASELINE	CATALOG_EVIDENCE_AND_FILTER_PLAN	00-p3-charter-and-preflight.md;01a-catalog-request-manifest.json;02-catalog-request-ledger.tsv;03-catalog-evidence-register.tsv;04a-catalog-profile.json;04b-catalog-scope-summary.tsv;04c-catalog-field-profile.tsv;05a-delivery-raw-values.tsv;05b-meeting-raw-values.tsv;06a-section-identity-summary.tsv;06b-filter-source-profile.tsv	P3-FILTER-QUERY	NOT_APPLICABLE	MAPPED_CATALOG
P3T-FLT-FLT-S07	FLT	FLT-S07	project-governance/current/p2/06-filter-section-watch-contract.md	line:111	506C794912F5D8EA5A9E1805DB6B5E6BCBC9D3FF44837C1ECB33CFD02C2D1EC6	Meeting campus/location	P2_APPROVED_BASELINE	CATALOG_EVIDENCE_AND_FILTER_PLAN	00-p3-charter-and-preflight.md;01a-catalog-request-manifest.json;02-catalog-request-ledger.tsv;03-catalog-evidence-register.tsv;04a-catalog-profile.json;04b-catalog-scope-summary.tsv;04c-catalog-field-profile.tsv;05a-delivery-raw-values.tsv;05b-meeting-raw-values.tsv;06a-section-identity-summary.tsv;06b-filter-source-profile.tsv	P3-FILTER-QUERY	NOT_APPLICABLE	MAPPED_CATALOG
P3T-FLT-FLT-S08	FLT	FLT-S08	project-governance/current/p2/06-filter-section-watch-contract.md	line:112	506C794912F5D8EA5A9E1805DB6B5E6BCBC9D3FF44837C1ECB33CFD02C2D1EC6	Building/room	P2_APPROVED_BASELINE	CATALOG_EVIDENCE_AND_FILTER_PLAN	00-p3-charter-and-preflight.md;01a-catalog-request-manifest.json;02-catalog-request-ledger.tsv;03-catalog-evidence-register.tsv;04a-catalog-profile.json;04b-catalog-scope-summary.tsv;04c-catalog-field-profile.tsv;05a-delivery-raw-values.tsv;05b-meeting-raw-values.tsv;06a-section-identity-summary.tsv;06b-filter-source-profile.tsv	P3-FILTER-QUERY	NOT_APPLICABLE	MAPPED_CATALOG
P3T-FLT-FLT-S09	FLT	FLT-S09	project-governance/current/p2/06-filter-section-watch-contract.md	line:113	506C794912F5D8EA5A9E1805DB6B5E6BCBC9D3FF44837C1ECB33CFD02C2D1EC6	Exam code	P2_APPROVED_BASELINE	CATALOG_EVIDENCE_AND_FILTER_PLAN	00-p3-charter-and-preflight.md;01a-catalog-request-manifest.json;02-catalog-request-ledger.tsv;03-catalog-evidence-register.tsv;04a-catalog-profile.json;04b-catalog-scope-summary.tsv;04c-catalog-field-profile.tsv;05a-delivery-raw-values.tsv;05b-meeting-raw-values.tsv;06a-section-identity-summary.tsv;06b-filter-source-profile.tsv	P3-FILTER-QUERY	NOT_APPLICABLE	MAPPED_CATALOG
P3T-FLT-FLT-S10	FLT	FLT-S10	project-governance/current/p2/06-filter-section-watch-contract.md	line:114	506C794912F5D8EA5A9E1805DB6B5E6BCBC9D3FF44837C1ECB33CFD02C2D1EC6	Special permission	P2_APPROVED_BASELINE	CATALOG_EVIDENCE_AND_FILTER_PLAN	00-p3-charter-and-preflight.md;01a-catalog-request-manifest.json;02-catalog-request-ledger.tsv;03-catalog-evidence-register.tsv;04a-catalog-profile.json;04b-catalog-scope-summary.tsv;04c-catalog-field-profile.tsv;05a-delivery-raw-values.tsv;05b-meeting-raw-values.tsv;06a-section-identity-summary.tsv;06b-filter-source-profile.tsv	P3-FILTER-QUERY	NOT_APPLICABLE	MAPPED_CATALOG
P3T-FLT-FLT-S11	FLT	FLT-S11	project-governance/current/p2/06-filter-section-watch-contract.md	line:115	506C794912F5D8EA5A9E1805DB6B5E6BCBC9D3FF44837C1ECB33CFD02C2D1EC6	Eligibility/major/minor/honors	P2_APPROVED_BASELINE	CATALOG_EVIDENCE_AND_FILTER_PLAN	00-p3-charter-and-preflight.md;01a-catalog-request-manifest.json;02-catalog-request-ledger.tsv;03-catalog-evidence-register.tsv;04a-catalog-profile.json;04b-catalog-scope-summary.tsv;04c-catalog-field-profile.tsv;05a-delivery-raw-values.tsv;05b-meeting-raw-values.tsv;06a-section-identity-summary.tsv;06b-filter-source-profile.tsv	P3-FILTER-QUERY	NOT_APPLICABLE	MAPPED_CATALOG
P3T-FILE-F001	FILE	F001	project-governance/current/p2/01-file-universe.tsv	row:F001	D8EEEA83EE427FEC534CD8B47D937F5CFE9B7FB3EB065FB7F4C1CCF57107B272	.gitignore	INTERNAL_ONLY/REUSE_WITH_FIXES/INTERNAL_TOOLING	LOCAL_IMPLEMENTATION_PLAN	00-p3-charter-and-preflight.md;05b-meeting-raw-values.tsv	P3-LOCAL-IMPLEMENTATION	NOT_APPLICABLE	MAPPED_P3_PLAN
P3T-FILE-F002	FILE	F002	project-governance/current/p2/01-file-universe.tsv	row:F002	D8EEEA83EE427FEC534CD8B47D937F5CFE9B7FB3EB065FB7F4C1CCF57107B272	api/src/config.ts	REQUIRED/PORT/BASELINE_SHARED	LOCAL_IMPLEMENTATION_PLAN	00-p3-charter-and-preflight.md;05b-meeting-raw-values.tsv	P3-LOCAL-IMPLEMENTATION	NOT_APPLICABLE	MAPPED_P3_PLAN
P3T-FILE-F003	FILE	F003	project-governance/current/p2/01-file-universe.tsv	row:F003	D8EEEA83EE427FEC534CD8B47D937F5CFE9B7FB3EB065FB7F4C1CCF57107B272	api/src/container.ts	REQUIRED/PORT/BASELINE_SHARED	LOCAL_IMPLEMENTATION_PLAN	00-p3-charter-and-preflight.md;05b-meeting-raw-values.tsv	P3-LOCAL-IMPLEMENTATION	NOT_APPLICABLE	MAPPED_P3_PLAN
P3T-FILE-F004	FILE	F004	project-governance/current/p2/01-file-universe.tsv	row:F004	D8EEEA83EE427FEC534CD8B47D937F5CFE9B7FB3EB065FB7F4C1CCF57107B272	api/src/plugins/requestLogging.ts	REQUIRED/PORT/BASELINE_SHARED	LOCAL_IMPLEMENTATION_PLAN	00-p3-charter-and-preflight.md;05b-meeting-raw-values.tsv	P3-LOCAL-IMPLEMENTATION	NOT_APPLICABLE	MAPPED_P3_PLAN
P3T-FILE-F005	FILE	F005	project-governance/current/p2/01-file-universe.tsv	row:F005	D8EEEA83EE427FEC534CD8B47D937F5CFE9B7FB3EB065FB7F4C1CCF57107B272	api/src/queries/course_search.ts	REQUIRED/PORT/BASELINE_SHARED	CATALOG_EVIDENCE_AND_PLAN	00-p3-charter-and-preflight.md;01a-catalog-request-manifest.json;02-catalog-request-ledger.tsv;03-catalog-evidence-register.tsv;04a-catalog-profile.json;04b-catalog-scope-summary.tsv;04c-catalog-field-profile.tsv;05b-meeting-raw-values.tsv;06b-filter-source-profile.tsv	P3-CATALOG-DATA	NOT_APPLICABLE	MAPPED_CATALOG
P3T-FILE-F006	FILE	F006	project-governance/current/p2/01-file-universe.tsv	row:F006	D8EEEA83EE427FEC534CD8B47D937F5CFE9B7FB3EB065FB7F4C1CCF57107B272	api/src/queries/filters.ts	REQUIRED/PORT/BASELINE_SHARED	CATALOG_EVIDENCE_AND_PLAN	00-p3-charter-and-preflight.md;01a-catalog-request-manifest.json;02-catalog-request-ledger.tsv;03-catalog-evidence-register.tsv;04a-catalog-profile.json;04b-catalog-scope-summary.tsv;04c-catalog-field-profile.tsv;05b-meeting-raw-values.tsv;06b-filter-source-profile.tsv	P3-CATALOG-DATA	NOT_APPLICABLE	MAPPED_CATALOG
P3T-FILE-F007	FILE	F007	project-governance/current/p2/01-file-universe.tsv	row:F007	D8EEEA83EE427FEC534CD8B47D937F5CFE9B7FB3EB065FB7F4C1CCF57107B272	api/src/routes/admin.ts	EXCLUDED/REMOVE/HISTORICAL_EVIDENCE	LOCAL_IMPLEMENTATION_PLAN	00-p3-charter-and-preflight.md;05b-meeting-raw-values.tsv	P3-LOCAL-IMPLEMENTATION	NOT_APPLICABLE	MAPPED_P3_PLAN
P3T-FILE-F008	FILE	F008	project-governance/current/p2/01-file-universe.tsv	row:F008	D8EEEA83EE427FEC534CD8B47D937F5CFE9B7FB3EB065FB7F4C1CCF57107B272	api/src/routes/courses.ts	REQUIRED/PORT/BASELINE_SHARED	CATALOG_EVIDENCE_AND_PLAN	00-p3-charter-and-preflight.md;01a-catalog-request-manifest.json;02-catalog-request-ledger.tsv;03-catalog-evidence-register.tsv;04a-catalog-profile.json;04b-catalog-scope-summary.tsv;04c-catalog-field-profile.tsv;05b-meeting-raw-values.tsv;06b-filter-source-profile.tsv	P3-CATALOG-DATA	NOT_APPLICABLE	MAPPED_CATALOG
P3T-FILE-F009	FILE	F009	project-governance/current/p2/01-file-universe.tsv	row:F009	D8EEEA83EE427FEC534CD8B47D937F5CFE9B7FB3EB065FB7F4C1CCF57107B272	api/src/routes/fetch.ts	REQUIRED/PORT/LOCAL_ONLY	CATALOG_EVIDENCE_AND_PLAN	00-p3-charter-and-preflight.md;01a-catalog-request-manifest.json;02-catalog-request-ledger.tsv;03-catalog-evidence-register.tsv;04a-catalog-profile.json;04b-catalog-scope-summary.tsv;04c-catalog-field-profile.tsv;05b-meeting-raw-values.tsv;06b-filter-source-profile.tsv	P3-CATALOG-DATA	NOT_APPLICABLE	MAPPED_CATALOG
P3T-FILE-F010	FILE	F010	project-governance/current/p2/01-file-universe.tsv	row:F010	D8EEEA83EE427FEC534CD8B47D937F5CFE9B7FB3EB065FB7F4C1CCF57107B272	api/src/routes/filters.ts	REQUIRED/PORT/BASELINE_SHARED	CATALOG_EVIDENCE_AND_PLAN	00-p3-charter-and-preflight.md;01a-catalog-request-manifest.json;02-catalog-request-ledger.tsv;03-catalog-evidence-register.tsv;04a-catalog-profile.json;04b-catalog-scope-summary.tsv;04c-catalog-field-profile.tsv;05b-meeting-raw-values.tsv;06b-filter-source-profile.tsv	P3-CATALOG-DATA	NOT_APPLICABLE	MAPPED_CATALOG
P3T-FILE-F011	FILE	F011	project-governance/current/p2/01-file-universe.tsv	row:F011	D8EEEA83EE427FEC534CD8B47D937F5CFE9B7FB3EB065FB7F4C1CCF57107B272	api/src/routes/health.ts	REQUIRED/PORT/BASELINE_SHARED	LOCAL_IMPLEMENTATION_PLAN	00-p3-charter-and-preflight.md;05b-meeting-raw-values.tsv	P3-LOCAL-IMPLEMENTATION	NOT_APPLICABLE	MAPPED_P3_PLAN
P3T-FILE-F012	FILE	F012	project-governance/current/p2/01-file-universe.tsv	row:F012	D8EEEA83EE427FEC534CD8B47D937F5CFE9B7FB3EB065FB7F4C1CCF57107B272	api/src/routes/notifications.local.ts	MIXED_SEE_02/SPLIT/BASELINE_SHARED	CATALOG_EVIDENCE_AND_PLAN	00-p3-charter-and-preflight.md;01a-catalog-request-manifest.json;02-catalog-request-ledger.tsv;03-catalog-evidence-register.tsv;04a-catalog-profile.json;04b-catalog-scope-summary.tsv;04c-catalog-field-profile.tsv;05b-meeting-raw-values.tsv;06a-section-identity-summary.tsv;06b-filter-source-profile.tsv;14-open-profile-join-and-error-evidence.md;15-poller-qps-latency-and-safety-model.md;16-shared-open-contract-review-options.md;17-p3-open-review-stop-gate.md;18-open-review-decision-001.md;19-open-cache-and-notification-latency-contract.md;20-p3-open-decision-gate.md;21b-open-round2-resumption-amendment-001.json;22b-open-round2-completion.json;23a-shared-open-final-contract.md;23b-shared-open-final-contract.json	P3-CATALOG-DATA|P3-SHARED-OPEN-CONTRACT	RESOLVED_P3_SHARED_OPEN_CONTRACT	MAPPED_P3_OPEN_FROZEN
P3T-FILE-F013	FILE	F013	project-governance/current/p2/01-file-universe.tsv	row:F013	D8EEEA83EE427FEC534CD8B47D937F5CFE9B7FB3EB065FB7F4C1CCF57107B272	api/src/routes/sections.ts	REQUIRED/REWRITE/BASELINE_SHARED	CATALOG_EVIDENCE_AND_PLAN	00-p3-charter-and-preflight.md;01a-catalog-request-manifest.json;02-catalog-request-ledger.tsv;03-catalog-evidence-register.tsv;04a-catalog-profile.json;04b-catalog-scope-summary.tsv;04c-catalog-field-profile.tsv;05b-meeting-raw-values.tsv;06a-section-identity-summary.tsv;06b-filter-source-profile.tsv	P3-CATALOG-DATA	NOT_APPLICABLE	MAPPED_CATALOG
P3T-FILE-F014	FILE	F014	project-governance/current/p2/01-file-universe.tsv	row:F014	D8EEEA83EE427FEC534CD8B47D937F5CFE9B7FB3EB065FB7F4C1CCF57107B272	api/src/routes/sharedSchemas.ts	REQUIRED/PORT/BASELINE_SHARED	CATALOG_EVIDENCE_AND_PLAN	00-p3-charter-and-preflight.md;01a-catalog-request-manifest.json;02-catalog-request-ledger.tsv;03-catalog-evidence-register.tsv;04a-catalog-profile.json;04b-catalog-scope-summary.tsv;04c-catalog-field-profile.tsv;05b-meeting-raw-values.tsv;06b-filter-source-profile.tsv	P3-CATALOG-DATA	NOT_APPLICABLE	MAPPED_CATALOG
P3T-FILE-F015	FILE	F015	project-governance/current/p2/01-file-universe.tsv	row:F015	D8EEEA83EE427FEC534CD8B47D937F5CFE9B7FB3EB065FB7F4C1CCF57107B272	api/src/routes/subscriptions.ts	MIXED_SEE_02/SPLIT/BASELINE_SHARED	CATALOG_EVIDENCE_AND_PLAN	00-p3-charter-and-preflight.md;01a-catalog-request-manifest.json;02-catalog-request-ledger.tsv;03-catalog-evidence-register.tsv;04a-catalog-profile.json;04b-catalog-scope-summary.tsv;04c-catalog-field-profile.tsv;05b-meeting-raw-values.tsv;06a-section-identity-summary.tsv;06b-filter-source-profile.tsv;14-open-profile-join-and-error-evidence.md;15-poller-qps-latency-and-safety-model.md;16-shared-open-contract-review-options.md;17-p3-open-review-stop-gate.md;18-open-review-decision-001.md;19-open-cache-and-notification-latency-contract.md;20-p3-open-decision-gate.md;21b-open-round2-resumption-amendment-001.json;22b-open-round2-completion.json;23a-shared-open-final-contract.md;23b-shared-open-final-contract.json	P3-CATALOG-DATA|P3-SHARED-OPEN-CONTRACT	RESOLVED_P3_SHARED_OPEN_CONTRACT	MAPPED_P3_OPEN_FROZEN
P3T-FILE-F016	FILE	F016	project-governance/current/p2/01-file-universe.tsv	row:F016	D8EEEA83EE427FEC534CD8B47D937F5CFE9B7FB3EB065FB7F4C1CCF57107B272	api/src/server.ts	MIXED_SEE_02/SPLIT/BASELINE_SHARED	LOCAL_IMPLEMENTATION_PLAN	00-p3-charter-and-preflight.md;14-open-profile-join-and-error-evidence.md;15-poller-qps-latency-and-safety-model.md;16-shared-open-contract-review-options.md;17-p3-open-review-stop-gate.md;18-open-review-decision-001.md;19-open-cache-and-notification-latency-contract.md;20-p3-open-decision-gate.md;21b-open-round2-resumption-amendment-001.json;22b-open-round2-completion.json;23a-shared-open-final-contract.md;23b-shared-open-final-contract.json	P3-LOCAL-IMPLEMENTATION|P3-SHARED-OPEN-CONTRACT	RESOLVED_P3_SHARED_OPEN_CONTRACT	MAPPED_P3_OPEN_FROZEN
P3T-FILE-F017	FILE	F017	project-governance/current/p2/01-file-universe.tsv	row:F017	D8EEEA83EE427FEC534CD8B47D937F5CFE9B7FB3EB065FB7F4C1CCF57107B272	api/src/services/fetchRunner.ts	REQUIRED/PORT/BASELINE_SHARED	LOCAL_IMPLEMENTATION_PLAN	00-p3-charter-and-preflight.md;05b-meeting-raw-values.tsv	P3-LOCAL-IMPLEMENTATION	NOT_APPLICABLE	MAPPED_P3_PLAN
P3T-FILE-F018	FILE	F018	project-governance/current/p2/01-file-universe.tsv	row:F018	D8EEEA83EE427FEC534CD8B47D937F5CFE9B7FB3EB065FB7F4C1CCF57107B272	api/src/types/fastify.d.ts	INTERNAL_ONLY/REMOVE/INTERNAL_TOOLING	LOCAL_IMPLEMENTATION_PLAN	00-p3-charter-and-preflight.md;05b-meeting-raw-values.tsv	P3-LOCAL-IMPLEMENTATION	NOT_APPLICABLE	MAPPED_P3_PLAN
P3T-FILE-F019	FILE	F019	project-governance/current/p2/01-file-universe.tsv	row:F019	D8EEEA83EE427FEC534CD8B47D937F5CFE9B7FB3EB065FB7F4C1CCF57107B272	api/tests/admin_mail_config.test.ts	EXCLUDED/REMOVE/HISTORICAL_EVIDENCE	LOCAL_IMPLEMENTATION_PLAN	00-p3-charter-and-preflight.md;05b-meeting-raw-values.tsv	P3-LOCAL-IMPLEMENTATION	NOT_APPLICABLE	MAPPED_P3_PLAN
P3T-FILE-F020	FILE	F020	project-governance/current/p2/01-file-universe.tsv	row:F020	D8EEEA83EE427FEC534CD8B47D937F5CFE9B7FB3EB065FB7F4C1CCF57107B272	api/tests/course_search.test.ts	REQUIRED/PORT/BASELINE_SHARED	CATALOG_EVIDENCE_AND_PLAN	00-p3-charter-and-preflight.md;01a-catalog-request-manifest.json;02-catalog-request-ledger.tsv;03-catalog-evidence-register.tsv;04a-catalog-profile.json;04b-catalog-scope-summary.tsv;04c-catalog-field-profile.tsv;05b-meeting-raw-values.tsv;06b-filter-source-profile.tsv	P3-CATALOG-DATA	NOT_APPLICABLE	MAPPED_CATALOG
P3T-FILE-F021	FILE	F021	project-governance/current/p2/01-file-universe.tsv	row:F021	D8EEEA83EE427FEC534CD8B47D937F5CFE9B7FB3EB065FB7F4C1CCF57107B272	api/tests/health.test.ts	REQUIRED/PORT/BASELINE_SHARED	LOCAL_IMPLEMENTATION_PLAN	00-p3-charter-and-preflight.md;05b-meeting-raw-values.tsv	P3-LOCAL-IMPLEMENTATION	NOT_APPLICABLE	MAPPED_P3_PLAN
P3T-FILE-F022	FILE	F022	project-governance/current/p2/01-file-universe.tsv	row:F022	D8EEEA83EE427FEC534CD8B47D937F5CFE9B7FB3EB065FB7F4C1CCF57107B272	api/tests/notifications.local.test.ts	MIXED_SEE_02/SPLIT/BASELINE_SHARED	CATALOG_EVIDENCE_AND_PLAN	00-p3-charter-and-preflight.md;01a-catalog-request-manifest.json;02-catalog-request-ledger.tsv;03-catalog-evidence-register.tsv;04a-catalog-profile.json;04b-catalog-scope-summary.tsv;04c-catalog-field-profile.tsv;05b-meeting-raw-values.tsv;06a-section-identity-summary.tsv;06b-filter-source-profile.tsv;14-open-profile-join-and-error-evidence.md;15-poller-qps-latency-and-safety-model.md;16-shared-open-contract-review-options.md;17-p3-open-review-stop-gate.md;18-open-review-decision-001.md;19-open-cache-and-notification-latency-contract.md;20-p3-open-decision-gate.md;21b-open-round2-resumption-amendment-001.json;22b-open-round2-completion.json;23a-shared-open-final-contract.md;23b-shared-open-final-contract.json	P3-CATALOG-DATA|P3-SHARED-OPEN-CONTRACT	RESOLVED_P3_SHARED_OPEN_CONTRACT	MAPPED_P3_OPEN_FROZEN
P3T-FILE-F023	FILE	F023	project-governance/current/p2/01-file-universe.tsv	row:F023	D8EEEA83EE427FEC534CD8B47D937F5CFE9B7FB3EB065FB7F4C1CCF57107B272	api/tests/subscriptions.test.ts	MIXED_SEE_02/SPLIT/BASELINE_SHARED	CATALOG_EVIDENCE_AND_PLAN	00-p3-charter-and-preflight.md;01a-catalog-request-manifest.json;02-catalog-request-ledger.tsv;03-catalog-evidence-register.tsv;04a-catalog-profile.json;04b-catalog-scope-summary.tsv;04c-catalog-field-profile.tsv;05b-meeting-raw-values.tsv;06a-section-identity-summary.tsv;06b-filter-source-profile.tsv;14-open-profile-join-and-error-evidence.md;15-poller-qps-latency-and-safety-model.md;16-shared-open-contract-review-options.md;17-p3-open-review-stop-gate.md;18-open-review-decision-001.md;19-open-cache-and-notification-latency-contract.md;20-p3-open-decision-gate.md;21b-open-round2-resumption-amendment-001.json;22b-open-round2-completion.json;23a-shared-open-final-contract.md;23b-shared-open-final-contract.json	P3-CATALOG-DATA|P3-SHARED-OPEN-CONTRACT	RESOLVED_P3_SHARED_OPEN_CONTRACT	MAPPED_P3_OPEN_FROZEN
P3T-FILE-F024	FILE	F024	project-governance/current/p2/01-file-universe.tsv	row:F024	D8EEEA83EE427FEC534CD8B47D937F5CFE9B7FB3EB065FB7F4C1CCF57107B272	configs/fetch_pipeline.example.json	MIXED_SEE_02/SPLIT/BASELINE_SHARED	CATALOG_EVIDENCE_AND_PLAN	00-p3-charter-and-preflight.md;01a-catalog-request-manifest.json;02-catalog-request-ledger.tsv;03-catalog-evidence-register.tsv;04a-catalog-profile.json;04b-catalog-scope-summary.tsv;04c-catalog-field-profile.tsv;06b-filter-source-profile.tsv	P3-CATALOG-DATA	NOT_APPLICABLE	MAPPED_CATALOG
P3T-FILE-F025	FILE	F025	project-governance/current/p2/01-file-universe.tsv	row:F025	D8EEEA83EE427FEC534CD8B47D937F5CFE9B7FB3EB065FB7F4C1CCF57107B272	configs/fetch_pipeline.schema.json	MIXED_SEE_02/SPLIT/BASELINE_SHARED	CATALOG_EVIDENCE_AND_PLAN	00-p3-charter-and-preflight.md;01a-catalog-request-manifest.json;02-catalog-request-ledger.tsv;03-catalog-evidence-register.tsv;04a-catalog-profile.json;04b-catalog-scope-summary.tsv;04c-catalog-field-profile.tsv;06b-filter-source-profile.tsv	P3-CATALOG-DATA	NOT_APPLICABLE	MAPPED_CATALOG
P3T-FILE-F026	FILE	F026	project-governance/current/p2/01-file-universe.tsv	row:F026	D8EEEA83EE427FEC534CD8B47D937F5CFE9B7FB3EB065FB7F4C1CCF57107B272	configs/mail_sender.example.json	EXCLUDED/REMOVE/HISTORICAL_EVIDENCE	LOCAL_IMPLEMENTATION_PLAN	00-p3-charter-and-preflight.md	P3-LOCAL-IMPLEMENTATION	NOT_APPLICABLE	MAPPED_P3_PLAN
P3T-FILE-F027	FILE	F027	project-governance/current/p2/01-file-universe.tsv	row:F027	D8EEEA83EE427FEC534CD8B47D937F5CFE9B7FB3EB065FB7F4C1CCF57107B272	configs/templates/email/open-seat/en-US.html	EXCLUDED/REMOVE/HISTORICAL_EVIDENCE	LOCAL_IMPLEMENTATION_PLAN	00-p3-charter-and-preflight.md	P3-LOCAL-IMPLEMENTATION	NOT_APPLICABLE	MAPPED_P3_PLAN
P3T-FILE-F028	FILE	F028	project-governance/current/p2/01-file-universe.tsv	row:F028	D8EEEA83EE427FEC534CD8B47D937F5CFE9B7FB3EB065FB7F4C1CCF57107B272	configs/templates/email/open-seat/en-US.txt	EXCLUDED/REMOVE/HISTORICAL_EVIDENCE	LOCAL_IMPLEMENTATION_PLAN	00-p3-charter-and-preflight.md	P3-LOCAL-IMPLEMENTATION	NOT_APPLICABLE	MAPPED_P3_PLAN
P3T-FILE-F029	FILE	F029	project-governance/current/p2/01-file-universe.tsv	row:F029	D8EEEA83EE427FEC534CD8B47D937F5CFE9B7FB3EB065FB7F4C1CCF57107B272	configs/templates/email/open-seat/zh-CN.html	EXCLUDED/REMOVE/HISTORICAL_EVIDENCE	LOCAL_IMPLEMENTATION_PLAN	00-p3-charter-and-preflight.md	P3-LOCAL-IMPLEMENTATION	NOT_APPLICABLE	MAPPED_P3_PLAN
P3T-FILE-F030	FILE	F030	project-governance/current/p2/01-file-universe.tsv	row:F030	D8EEEA83EE427FEC534CD8B47D937F5CFE9B7FB3EB065FB7F4C1CCF57107B272	configs/templates/email/open-seat/zh-CN.txt	EXCLUDED/REMOVE/HISTORICAL_EVIDENCE	LOCAL_IMPLEMENTATION_PLAN	00-p3-charter-and-preflight.md	P3-LOCAL-IMPLEMENTATION	NOT_APPLICABLE	MAPPED_P3_PLAN
P3T-FILE-F031	FILE	F031	project-governance/current/p2/01-file-universe.tsv	row:F031	D8EEEA83EE427FEC534CD8B47D937F5CFE9B7FB3EB065FB7F4C1CCF57107B272	configs/templates/email/verification/en-US.html	EXCLUDED/REMOVE/HISTORICAL_EVIDENCE	LOCAL_IMPLEMENTATION_PLAN	00-p3-charter-and-preflight.md	P3-LOCAL-IMPLEMENTATION	NOT_APPLICABLE	MAPPED_P3_PLAN
P3T-FILE-F032	FILE	F032	project-governance/current/p2/01-file-universe.tsv	row:F032	D8EEEA83EE427FEC534CD8B47D937F5CFE9B7FB3EB065FB7F4C1CCF57107B272	configs/templates/email/verification/en-US.txt	EXCLUDED/REMOVE/HISTORICAL_EVIDENCE	LOCAL_IMPLEMENTATION_PLAN	00-p3-charter-and-preflight.md	P3-LOCAL-IMPLEMENTATION	NOT_APPLICABLE	MAPPED_P3_PLAN
P3T-FILE-F033	FILE	F033	project-governance/current/p2/01-file-universe.tsv	row:F033	D8EEEA83EE427FEC534CD8B47D937F5CFE9B7FB3EB065FB7F4C1CCF57107B272	configs/templates/email/verification/zh-CN.html	EXCLUDED/REMOVE/HISTORICAL_EVIDENCE	LOCAL_IMPLEMENTATION_PLAN	00-p3-charter-and-preflight.md	P3-LOCAL-IMPLEMENTATION	NOT_APPLICABLE	MAPPED_P3_PLAN
P3T-FILE-F034	FILE	F034	project-governance/current/p2/01-file-universe.tsv	row:F034	D8EEEA83EE427FEC534CD8B47D937F5CFE9B7FB3EB065FB7F4C1CCF57107B272	configs/templates/email/verification/zh-CN.txt	EXCLUDED/REMOVE/HISTORICAL_EVIDENCE	LOCAL_IMPLEMENTATION_PLAN	00-p3-charter-and-preflight.md	P3-LOCAL-IMPLEMENTATION	NOT_APPLICABLE	MAPPED_P3_PLAN
P3T-FILE-F035	FILE	F035	project-governance/current/p2/01-file-universe.tsv	row:F035	D8EEEA83EE427FEC534CD8B47D937F5CFE9B7FB3EB065FB7F4C1CCF57107B272	data/migrations/001_init_schema.sql	MIXED_SEE_02/SPLIT/BASELINE_SHARED	CATALOG_EVIDENCE_AND_PLAN	00-p3-charter-and-preflight.md;01a-catalog-request-manifest.json;02-catalog-request-ledger.tsv;03-catalog-evidence-register.tsv;04a-catalog-profile.json;04b-catalog-scope-summary.tsv;04c-catalog-field-profile.tsv;06a-section-identity-summary.tsv;06b-filter-source-profile.tsv	P3-CATALOG-DATA	NOT_APPLICABLE	MAPPED_CATALOG
P3T-FILE-F036	FILE	F036	project-governance/current/p2/01-file-universe.tsv	row:F036	D8EEEA83EE427FEC534CD8B47D937F5CFE9B7FB3EB065FB7F4C1CCF57107B272	data/migrations/002_relax_section_index_scope.sql	REQUIRED/PORT/BASELINE_SHARED	CATALOG_EVIDENCE_AND_PLAN	00-p3-charter-and-preflight.md;01a-catalog-request-manifest.json;02-catalog-request-ledger.tsv;03-catalog-evidence-register.tsv;04a-catalog-profile.json;04b-catalog-scope-summary.tsv;04c-catalog-field-profile.tsv;06a-section-identity-summary.tsv;06b-filter-source-profile.tsv	P3-CATALOG-DATA	NOT_APPLICABLE	MAPPED_CATALOG
P3T-FILE-F037	FILE	F037	project-governance/current/p2/01-file-universe.tsv	row:F037	D8EEEA83EE427FEC534CD8B47D937F5CFE9B7FB3EB065FB7F4C1CCF57107B272	data/migrations/003_open_events.sql	MIXED_SEE_02/SPLIT/BASELINE_SHARED	CATALOG_EVIDENCE_AND_PLAN	00-p3-charter-and-preflight.md;01a-catalog-request-manifest.json;02-catalog-request-ledger.tsv;03-catalog-evidence-register.tsv;04a-catalog-profile.json;04b-catalog-scope-summary.tsv;04c-catalog-field-profile.tsv;06a-section-identity-summary.tsv;06b-filter-source-profile.tsv	P3-CATALOG-DATA	NOT_APPLICABLE	MAPPED_CATALOG
P3T-FILE-F038	FILE	F038	project-governance/current/p2/01-file-universe.tsv	row:F038	D8EEEA83EE427FEC534CD8B47D937F5CFE9B7FB3EB065FB7F4C1CCF57107B272	data/migrations/004_course_campus_locations.sql	REQUIRED/PORT/BASELINE_SHARED	CATALOG_EVIDENCE_AND_PLAN	00-p3-charter-and-preflight.md;01a-catalog-request-manifest.json;02-catalog-request-ledger.tsv;03-catalog-evidence-register.tsv;04a-catalog-profile.json;04b-catalog-scope-summary.tsv;04c-catalog-field-profile.tsv;06a-section-identity-summary.tsv;06b-filter-source-profile.tsv	P3-CATALOG-DATA	NOT_APPLICABLE	MAPPED_CATALOG
P3T-FILE-F039	FILE	F039	project-governance/current/p2/01-file-universe.tsv	row:F039	D8EEEA83EE427FEC534CD8B47D937F5CFE9B7FB3EB065FB7F4C1CCF57107B272	data/schema.sql	MIXED_SEE_02/SPLIT/BASELINE_SHARED	CATALOG_EVIDENCE_AND_PLAN	00-p3-charter-and-preflight.md;01a-catalog-request-manifest.json;02-catalog-request-ledger.tsv;03-catalog-evidence-register.tsv;04a-catalog-profile.json;04b-catalog-scope-summary.tsv;04c-catalog-field-profile.tsv;06a-section-identity-summary.tsv;06b-filter-source-profile.tsv	P3-CATALOG-DATA	NOT_APPLICABLE	MAPPED_CATALOG
P3T-FILE-F040	FILE	F040	project-governance/current/p2/01-file-universe.tsv	row:F040	D8EEEA83EE427FEC534CD8B47D937F5CFE9B7FB3EB065FB7F4C1CCF57107B272	docs/data_load_runbook.md	REQUIRED/REWRITE/BASELINE_SHARED	LOCAL_IMPLEMENTATION_PLAN	00-p3-charter-and-preflight.md;05b-meeting-raw-values.tsv	P3-LOCAL-IMPLEMENTATION	NOT_APPLICABLE	MAPPED_P3_PLAN
P3T-FILE-F041	FILE	F041	project-governance/current/p2/01-file-universe.tsv	row:F041	D8EEEA83EE427FEC534CD8B47D937F5CFE9B7FB3EB065FB7F4C1CCF57107B272	docs/data_refresh_strategy.md	REQUIRED/REWRITE/BASELINE_SHARED	CATALOG_EVIDENCE_AND_PLAN	00-p3-charter-and-preflight.md;01a-catalog-request-manifest.json;02-catalog-request-ledger.tsv;03-catalog-evidence-register.tsv;04a-catalog-profile.json;04b-catalog-scope-summary.tsv;04c-catalog-field-profile.tsv;05b-meeting-raw-values.tsv;06b-filter-source-profile.tsv	P3-CATALOG-DATA	NOT_APPLICABLE	MAPPED_CATALOG
P3T-FILE-F042	FILE	F042	project-governance/current/p2/01-file-universe.tsv	row:F042	D8EEEA83EE427FEC534CD8B47D937F5CFE9B7FB3EB065FB7F4C1CCF57107B272	docs/deployment_playbook.md	MIXED_SEE_02/SPLIT/PUBLIC_DELTA	LOCAL_IMPLEMENTATION_PLAN	00-p3-charter-and-preflight.md;05b-meeting-raw-values.tsv	P3-LOCAL-IMPLEMENTATION	NOT_APPLICABLE	MAPPED_P3_PLAN
P3T-FILE-F043	FILE	F043	project-governance/current/p2/01-file-universe.tsv	row:F043	D8EEEA83EE427FEC534CD8B47D937F5CFE9B7FB3EB065FB7F4C1CCF57107B272	docs/fetch_pipeline.md	REQUIRED/REWRITE/BASELINE_SHARED	LOCAL_IMPLEMENTATION_PLAN	00-p3-charter-and-preflight.md;05b-meeting-raw-values.tsv	P3-LOCAL-IMPLEMENTATION	NOT_APPLICABLE	MAPPED_P3_PLAN
P3T-FILE-F044	FILE	F044	project-governance/current/p2/01-file-universe.tsv	row:F044	D8EEEA83EE427FEC534CD8B47D937F5CFE9B7FB3EB065FB7F4C1CCF57107B272	docs/i18n_key_map.md	REQUIRED/REWRITE/BASELINE_SHARED	LOCAL_IMPLEMENTATION_PLAN	00-p3-charter-and-preflight.md;05b-meeting-raw-values.tsv	P3-LOCAL-IMPLEMENTATION	NOT_APPLICABLE	MAPPED_P3_PLAN
P3T-FILE-F045	FILE	F045	project-governance/current/p2/01-file-universe.tsv	row:F045	D8EEEA83EE427FEC534CD8B47D937F5CFE9B7FB3EB065FB7F4C1CCF57107B272	docs/local_data_model.md	REQUIRED/REWRITE/BASELINE_SHARED	LOCAL_IMPLEMENTATION_PLAN	00-p3-charter-and-preflight.md;05b-meeting-raw-values.tsv	P3-LOCAL-IMPLEMENTATION	NOT_APPLICABLE	MAPPED_P3_PLAN
P3T-FILE-F046	FILE	F046	project-governance/current/p2/01-file-universe.tsv	row:F046	D8EEEA83EE427FEC534CD8B47D937F5CFE9B7FB3EB065FB7F4C1CCF57107B272	docs/mail_sender_contract.md	EXCLUDED/REMOVE/HISTORICAL_EVIDENCE	LOCAL_IMPLEMENTATION_PLAN	00-p3-charter-and-preflight.md;05b-meeting-raw-values.tsv	P3-LOCAL-IMPLEMENTATION	NOT_APPLICABLE	MAPPED_P3_PLAN
P3T-FILE-F047	FILE	F047	project-governance/current/p2/01-file-universe.tsv	row:F047	D8EEEA83EE427FEC534CD8B47D937F5CFE9B7FB3EB065FB7F4C1CCF57107B272	docs/mail_sender_usage.md	EXCLUDED/REMOVE/HISTORICAL_EVIDENCE	LOCAL_IMPLEMENTATION_PLAN	00-p3-charter-and-preflight.md;05b-meeting-raw-values.tsv	P3-LOCAL-IMPLEMENTATION	NOT_APPLICABLE	MAPPED_P3_PLAN
P3T-FILE-F048	FILE	F048	project-governance/current/p2/01-file-universe.tsv	row:F048	D8EEEA83EE427FEC534CD8B47D937F5CFE9B7FB3EB065FB7F4C1CCF57107B272	docs/mail_worker_contract.md	EXCLUDED/REMOVE/HISTORICAL_EVIDENCE	LOCAL_IMPLEMENTATION_PLAN	00-p3-charter-and-preflight.md;05b-meeting-raw-values.tsv	P3-LOCAL-IMPLEMENTATION	NOT_APPLICABLE	MAPPED_P3_PLAN
P3T-FILE-F049	FILE	F049	project-governance/current/p2/01-file-universe.tsv	row:F049	D8EEEA83EE427FEC534CD8B47D937F5CFE9B7FB3EB065FB7F4C1CCF57107B272	docs/notify_runbook.md	MIXED_SEE_02/SPLIT/BASELINE_SHARED	LOCAL_IMPLEMENTATION_PLAN	00-p3-charter-and-preflight.md;05b-meeting-raw-values.tsv	P3-LOCAL-IMPLEMENTATION	NOT_APPLICABLE	MAPPED_P3_PLAN
P3T-FILE-F050	FILE	F050	project-governance/current/p2/01-file-universe.tsv	row:F050	D8EEEA83EE427FEC534CD8B47D937F5CFE9B7FB3EB065FB7F4C1CCF57107B272	docs/oneclick.md	REQUIRED/REWRITE/LOCAL_ONLY	LOCAL_IMPLEMENTATION_PLAN	00-p3-charter-and-preflight.md;05b-meeting-raw-values.tsv	P3-LOCAL-IMPLEMENTATION	NOT_APPLICABLE	MAPPED_P3_PLAN
P3T-FILE-F051	FILE	F051	project-governance/current/p2/01-file-universe.tsv	row:F051	D8EEEA83EE427FEC534CD8B47D937F5CFE9B7FB3EB065FB7F4C1CCF57107B272	docs/open_event_spec.md	MIXED_SEE_02/SPLIT/BASELINE_SHARED	LOCAL_IMPLEMENTATION_PLAN	00-p3-charter-and-preflight.md;05b-meeting-raw-values.tsv	P3-LOCAL-IMPLEMENTATION	NOT_APPLICABLE	MAPPED_P3_PLAN
P3T-FILE-F052	FILE	F052	project-governance/current/p2/01-file-universe.tsv	row:F052	D8EEEA83EE427FEC534CD8B47D937F5CFE9B7FB3EB065FB7F4C1CCF57107B272	docs/query_api_contract.md	REQUIRED/REWRITE/BASELINE_SHARED	CATALOG_EVIDENCE_AND_PLAN	00-p3-charter-and-preflight.md;01a-catalog-request-manifest.json;02-catalog-request-ledger.tsv;03-catalog-evidence-register.tsv;04a-catalog-profile.json;04b-catalog-scope-summary.tsv;04c-catalog-field-profile.tsv;05b-meeting-raw-values.tsv;06b-filter-source-profile.tsv	P3-CATALOG-DATA	NOT_APPLICABLE	MAPPED_CATALOG
P3T-FILE-F053	FILE	F053	project-governance/current/p2/01-file-universe.tsv	row:F053	D8EEEA83EE427FEC534CD8B47D937F5CFE9B7FB3EB065FB7F4C1CCF57107B272	docs/quickstart.md	REQUIRED/REWRITE/LOCAL_ONLY	LOCAL_IMPLEMENTATION_PLAN	00-p3-charter-and-preflight.md;05b-meeting-raw-values.tsv	P3-LOCAL-IMPLEMENTATION	NOT_APPLICABLE	MAPPED_P3_PLAN
P3T-FILE-F054	FILE	F054	project-governance/current/p2/01-file-universe.tsv	row:F054	D8EEEA83EE427FEC534CD8B47D937F5CFE9B7FB3EB065FB7F4C1CCF57107B272	docs/soc_api_notes.md	INTERNAL_ONLY/OUT_OF_SCOPE/HISTORICAL_EVIDENCE	CATALOG_EVIDENCE_AND_PLAN	00-p3-charter-and-preflight.md;01a-catalog-request-manifest.json;02-catalog-request-ledger.tsv;03-catalog-evidence-register.tsv;04a-catalog-profile.json;04b-catalog-scope-summary.tsv;04c-catalog-field-profile.tsv;05b-meeting-raw-values.tsv;06b-filter-source-profile.tsv	P3-CATALOG-DATA	NOT_APPLICABLE	MAPPED_CATALOG
P3T-FILE-F055	FILE	F055	project-governance/current/p2/01-file-universe.tsv	row:F055	D8EEEA83EE427FEC534CD8B47D937F5CFE9B7FB3EB065FB7F4C1CCF57107B272	docs/soc_field_matrix.csv	INTERNAL_ONLY/REUSE_WITH_FIXES/HISTORICAL_EVIDENCE	CATALOG_EVIDENCE_AND_PLAN	00-p3-charter-and-preflight.md;01a-catalog-request-manifest.json;02-catalog-request-ledger.tsv;03-catalog-evidence-register.tsv;04a-catalog-profile.json;04b-catalog-scope-summary.tsv;04c-catalog-field-profile.tsv;05b-meeting-raw-values.tsv;06b-filter-source-profile.tsv	P3-CATALOG-DATA	NOT_APPLICABLE	MAPPED_CATALOG
P3T-FILE-F056	FILE	F056	project-governance/current/p2/01-file-universe.tsv	row:F056	D8EEEA83EE427FEC534CD8B47D937F5CFE9B7FB3EB065FB7F4C1CCF57107B272	docs/soc_rate_limit.courses_stress.json	INTERNAL_ONLY/REUSE_WITH_FIXES/HISTORICAL_EVIDENCE	CATALOG_EVIDENCE_AND_PLAN	00-p3-charter-and-preflight.md;01a-catalog-request-manifest.json;02-catalog-request-ledger.tsv;03-catalog-evidence-register.tsv;04a-catalog-profile.json;04b-catalog-scope-summary.tsv;04c-catalog-field-profile.tsv;05b-meeting-raw-values.tsv;06b-filter-source-profile.tsv	P3-CATALOG-DATA	NOT_APPLICABLE	MAPPED_CATALOG
P3T-FILE-F057	FILE	F057	project-governance/current/p2/01-file-universe.tsv	row:F057	D8EEEA83EE427FEC534CD8B47D937F5CFE9B7FB3EB065FB7F4C1CCF57107B272	docs/soc_rate_limit.courses_stress2.json	INTERNAL_ONLY/REUSE_WITH_FIXES/HISTORICAL_EVIDENCE	CATALOG_EVIDENCE_AND_PLAN	00-p3-charter-and-preflight.md;01a-catalog-request-manifest.json;02-catalog-request-ledger.tsv;03-catalog-evidence-register.tsv;04a-catalog-profile.json;04b-catalog-scope-summary.tsv;04c-catalog-field-profile.tsv;05b-meeting-raw-values.tsv;06b-filter-source-profile.tsv	P3-CATALOG-DATA	NOT_APPLICABLE	MAPPED_CATALOG
P3T-FILE-F058	FILE	F058	project-governance/current/p2/01-file-universe.tsv	row:F058	D8EEEA83EE427FEC534CD8B47D937F5CFE9B7FB3EB065FB7F4C1CCF57107B272	docs/soc_rate_limit.latest.json	INTERNAL_ONLY/REUSE_WITH_FIXES/HISTORICAL_EVIDENCE	CATALOG_EVIDENCE_AND_PLAN	00-p3-charter-and-preflight.md;01a-catalog-request-manifest.json;02-catalog-request-ledger.tsv;03-catalog-evidence-register.tsv;04a-catalog-profile.json;04b-catalog-scope-summary.tsv;04c-catalog-field-profile.tsv;05b-meeting-raw-values.tsv;06b-filter-source-profile.tsv	P3-CATALOG-DATA	NOT_APPLICABLE	MAPPED_CATALOG
P3T-FILE-F059	FILE	F059	project-governance/current/p2/01-file-universe.tsv	row:F059	D8EEEA83EE427FEC534CD8B47D937F5CFE9B7FB3EB065FB7F4C1CCF57107B272	docs/soc_rate_limit.md	INTERNAL_ONLY/REUSE_WITH_FIXES/HISTORICAL_EVIDENCE	CATALOG_EVIDENCE_AND_PLAN	00-p3-charter-and-preflight.md;01a-catalog-request-manifest.json;02-catalog-request-ledger.tsv;03-catalog-evidence-register.tsv;04a-catalog-profile.json;04b-catalog-scope-summary.tsv;04c-catalog-field-profile.tsv;05b-meeting-raw-values.tsv;06b-filter-source-profile.tsv	P3-CATALOG-DATA	NOT_APPLICABLE	MAPPED_CATALOG
P3T-FILE-F060	FILE	F060	project-governance/current/p2/01-file-universe.tsv	row:F060	D8EEEA83EE427FEC534CD8B47D937F5CFE9B7FB3EB065FB7F4C1CCF57107B272	docs/soc_rate_limit.openSections_blitz.json	INTERNAL_ONLY/REUSE_WITH_FIXES/HISTORICAL_EVIDENCE	CATALOG_EVIDENCE_AND_PLAN	00-p3-charter-and-preflight.md;01a-catalog-request-manifest.json;02-catalog-request-ledger.tsv;03-catalog-evidence-register.tsv;04a-catalog-profile.json;04b-catalog-scope-summary.tsv;04c-catalog-field-profile.tsv;05b-meeting-raw-values.tsv;06a-section-identity-summary.tsv;06b-filter-source-profile.tsv;14-open-profile-join-and-error-evidence.md;15-poller-qps-latency-and-safety-model.md;16-shared-open-contract-review-options.md;17-p3-open-review-stop-gate.md;18-open-review-decision-001.md;19-open-cache-and-notification-latency-contract.md;20-p3-open-decision-gate.md;21b-open-round2-resumption-amendment-001.json;22b-open-round2-completion.json;23a-shared-open-final-contract.md;23b-shared-open-final-contract.json	P3-CATALOG-DATA|P3-SHARED-OPEN-CONTRACT	RESOLVED_P3_SHARED_OPEN_CONTRACT	MAPPED_P3_OPEN_FROZEN
P3T-FILE-F061	FILE	F061	project-governance/current/p2/01-file-universe.tsv	row:F061	D8EEEA83EE427FEC534CD8B47D937F5CFE9B7FB3EB065FB7F4C1CCF57107B272	docs/subscription_model.md	MIXED_SEE_02/SPLIT/BASELINE_SHARED	LOCAL_IMPLEMENTATION_PLAN	00-p3-charter-and-preflight.md;05b-meeting-raw-values.tsv	P3-LOCAL-IMPLEMENTATION	NOT_APPLICABLE	MAPPED_P3_PLAN
P3T-FILE-F062	FILE	F062	project-governance/current/p2/01-file-universe.tsv	row:F062	D8EEEA83EE427FEC534CD8B47D937F5CFE9B7FB3EB065FB7F4C1CCF57107B272	docs/ui_flow_course_list.md	MIXED_SEE_02/SPLIT/BASELINE_SHARED	CATALOG_EVIDENCE_AND_PLAN	00-p3-charter-and-preflight.md;01a-catalog-request-manifest.json;02-catalog-request-ledger.tsv;03-catalog-evidence-register.tsv;04a-catalog-profile.json;04b-catalog-scope-summary.tsv;04c-catalog-field-profile.tsv;05b-meeting-raw-values.tsv;06a-section-identity-summary.tsv;06b-filter-source-profile.tsv	P3-CATALOG-DATA	NOT_APPLICABLE	MAPPED_CATALOG
P3T-FILE-F063	FILE	F063	project-governance/current/p2/01-file-universe.tsv	row:F063	D8EEEA83EE427FEC534CD8B47D937F5CFE9B7FB3EB065FB7F4C1CCF57107B272	frontend/i18n/messages.json	MIXED_SEE_02/SPLIT/BASELINE_SHARED	LOCAL_IMPLEMENTATION_PLAN	00-p3-charter-and-preflight.md;05b-meeting-raw-values.tsv	P3-LOCAL-IMPLEMENTATION	NOT_APPLICABLE	MAPPED_P3_PLAN
P3T-FILE-F064	FILE	F064	project-governance/current/p2/01-file-universe.tsv	row:F064	D8EEEA83EE427FEC534CD8B47D937F5CFE9B7FB3EB065FB7F4C1CCF57107B272	frontend/index.html	REQUIRED/REUSE_WITH_FIXES/BASELINE_SHARED	LOCAL_IMPLEMENTATION_PLAN	00-p3-charter-and-preflight.md;05b-meeting-raw-values.tsv;06a-section-identity-summary.tsv	P3-LOCAL-IMPLEMENTATION	NOT_APPLICABLE	MAPPED_P3_PLAN
P3T-FILE-F065	FILE	F065	project-governance/current/p2/01-file-universe.tsv	row:F065	D8EEEA83EE427FEC534CD8B47D937F5CFE9B7FB3EB065FB7F4C1CCF57107B272	frontend/package.json	MIXED_SEE_02/SPLIT/BASELINE_SHARED	LOCAL_IMPLEMENTATION_PLAN	00-p3-charter-and-preflight.md;05b-meeting-raw-values.tsv	P3-LOCAL-IMPLEMENTATION	NOT_APPLICABLE	MAPPED_P3_PLAN
P3T-FILE-F066	FILE	F066	project-governance/current/p2/01-file-universe.tsv	row:F066	D8EEEA83EE427FEC534CD8B47D937F5CFE9B7FB3EB065FB7F4C1CCF57107B272	frontend/package-lock.json	MIXED_SEE_02/SPLIT/BASELINE_SHARED	LOCAL_IMPLEMENTATION_PLAN	00-p3-charter-and-preflight.md;05b-meeting-raw-values.tsv	P3-LOCAL-IMPLEMENTATION	NOT_APPLICABLE	MAPPED_P3_PLAN
P3T-FILE-F067	FILE	F067	project-governance/current/p2/01-file-universe.tsv	row:F067	D8EEEA83EE427FEC534CD8B47D937F5CFE9B7FB3EB065FB7F4C1CCF57107B272	frontend/README.md	REQUIRED/REUSE_WITH_FIXES/BASELINE_SHARED	LOCAL_IMPLEMENTATION_PLAN	00-p3-charter-and-preflight.md;05b-meeting-raw-values.tsv	P3-LOCAL-IMPLEMENTATION	NOT_APPLICABLE	MAPPED_P3_PLAN
P3T-FILE-F068	FILE	F068	project-governance/current/p2/01-file-universe.tsv	row:F068	D8EEEA83EE427FEC534CD8B47D937F5CFE9B7FB3EB065FB7F4C1CCF57107B272	frontend/src/api/admin.ts	EXCLUDED/REMOVE/HISTORICAL_EVIDENCE	LOCAL_IMPLEMENTATION_PLAN	00-p3-charter-and-preflight.md	P3-LOCAL-IMPLEMENTATION	NOT_APPLICABLE	MAPPED_P3_PLAN
P3T-FILE-F069	FILE	F069	project-governance/current/p2/01-file-universe.tsv	row:F069	D8EEEA83EE427FEC534CD8B47D937F5CFE9B7FB3EB065FB7F4C1CCF57107B272	frontend/src/api/client.ts	REQUIRED/REUSE_WITH_FIXES/BASELINE_SHARED	LOCAL_IMPLEMENTATION_PLAN	00-p3-charter-and-preflight.md;05b-meeting-raw-values.tsv	P3-LOCAL-IMPLEMENTATION	NOT_APPLICABLE	MAPPED_P3_PLAN
P3T-FILE-F070	FILE	F070	project-governance/current/p2/01-file-universe.tsv	row:F070	D8EEEA83EE427FEC534CD8B47D937F5CFE9B7FB3EB065FB7F4C1CCF57107B272	frontend/src/api/fetchJobs.ts	REQUIRED/REWRITE/LOCAL_ONLY	CATALOG_EVIDENCE_AND_PLAN	00-p3-charter-and-preflight.md;01a-catalog-request-manifest.json;02-catalog-request-ledger.tsv;03-catalog-evidence-register.tsv;04a-catalog-profile.json;04b-catalog-scope-summary.tsv;04c-catalog-field-profile.tsv;06b-filter-source-profile.tsv	P3-CATALOG-DATA	NOT_APPLICABLE	MAPPED_CATALOG
P3T-FILE-F071	FILE	F071	project-governance/current/p2/01-file-universe.tsv	row:F071	D8EEEA83EE427FEC534CD8B47D937F5CFE9B7FB3EB065FB7F4C1CCF57107B272	frontend/src/api/filters.ts	REQUIRED/REUSE_WITH_FIXES/BASELINE_SHARED	CATALOG_EVIDENCE_AND_PLAN	00-p3-charter-and-preflight.md;01a-catalog-request-manifest.json;02-catalog-request-ledger.tsv;03-catalog-evidence-register.tsv;04a-catalog-profile.json;04b-catalog-scope-summary.tsv;04c-catalog-field-profile.tsv;05b-meeting-raw-values.tsv;06b-filter-source-profile.tsv	P3-CATALOG-DATA	NOT_APPLICABLE	MAPPED_CATALOG
P3T-FILE-F072	FILE	F072	project-governance/current/p2/01-file-universe.tsv	row:F072	D8EEEA83EE427FEC534CD8B47D937F5CFE9B7FB3EB065FB7F4C1CCF57107B272	frontend/src/api/notifications.ts	MIXED_SEE_02/SPLIT/BASELINE_SHARED	LOCAL_IMPLEMENTATION_PLAN	00-p3-charter-and-preflight.md	P3-LOCAL-IMPLEMENTATION	NOT_APPLICABLE	MAPPED_P3_PLAN
P3T-FILE-F073	FILE	F073	project-governance/current/p2/01-file-universe.tsv	row:F073	D8EEEA83EE427FEC534CD8B47D937F5CFE9B7FB3EB065FB7F4C1CCF57107B272	frontend/src/api/subscriptions.ts	MIXED_SEE_02/SPLIT/BASELINE_SHARED	LOCAL_IMPLEMENTATION_PLAN	00-p3-charter-and-preflight.md	P3-LOCAL-IMPLEMENTATION	NOT_APPLICABLE	MAPPED_P3_PLAN
P3T-FILE-F074	FILE	F074	project-governance/current/p2/01-file-universe.tsv	row:F074	D8EEEA83EE427FEC534CD8B47D937F5CFE9B7FB3EB065FB7F4C1CCF57107B272	frontend/src/api/types.ts	MIXED_SEE_02/SPLIT/BASELINE_SHARED	LOCAL_IMPLEMENTATION_PLAN	00-p3-charter-and-preflight.md;05b-meeting-raw-values.tsv	P3-LOCAL-IMPLEMENTATION	NOT_APPLICABLE	MAPPED_P3_PLAN
P3T-FILE-F075	FILE	F075	project-governance/current/p2/01-file-universe.tsv	row:F075	D8EEEA83EE427FEC534CD8B47D937F5CFE9B7FB3EB065FB7F4C1CCF57107B272	frontend/src/App.css	REQUIRED/REUSE_WITH_FIXES/BASELINE_SHARED	LOCAL_IMPLEMENTATION_PLAN	00-p3-charter-and-preflight.md;05b-meeting-raw-values.tsv	P3-LOCAL-IMPLEMENTATION	NOT_APPLICABLE	MAPPED_P3_PLAN
P3T-FILE-F076	FILE	F076	project-governance/current/p2/01-file-universe.tsv	row:F076	D8EEEA83EE427FEC534CD8B47D937F5CFE9B7FB3EB065FB7F4C1CCF57107B272	frontend/src/App.tsx	MIXED_SEE_02/SPLIT/BASELINE_SHARED	LOCAL_IMPLEMENTATION_PLAN	00-p3-charter-and-preflight.md;05b-meeting-raw-values.tsv	P3-LOCAL-IMPLEMENTATION	NOT_APPLICABLE	MAPPED_P3_PLAN
P3T-FILE-F077	FILE	F077	project-governance/current/p2/01-file-universe.tsv	row:F077	D8EEEA83EE427FEC534CD8B47D937F5CFE9B7FB3EB065FB7F4C1CCF57107B272	frontend/src/components/CourseList.css	REQUIRED/REUSE_WITH_FIXES/BASELINE_SHARED	CATALOG_EVIDENCE_AND_PLAN	00-p3-charter-and-preflight.md;01a-catalog-request-manifest.json;02-catalog-request-ledger.tsv;03-catalog-evidence-register.tsv;04a-catalog-profile.json;04b-catalog-scope-summary.tsv;04c-catalog-field-profile.tsv;05b-meeting-raw-values.tsv;06b-filter-source-profile.tsv	P3-CATALOG-DATA	NOT_APPLICABLE	MAPPED_CATALOG
P3T-FILE-F078	FILE	F078	project-governance/current/p2/01-file-universe.tsv	row:F078	D8EEEA83EE427FEC534CD8B47D937F5CFE9B7FB3EB065FB7F4C1CCF57107B272	frontend/src/components/CourseList.tsx	REQUIRED/REUSE_WITH_FIXES/BASELINE_SHARED	CATALOG_EVIDENCE_AND_PLAN	00-p3-charter-and-preflight.md;01a-catalog-request-manifest.json;02-catalog-request-ledger.tsv;03-catalog-evidence-register.tsv;04a-catalog-profile.json;04b-catalog-scope-summary.tsv;04c-catalog-field-profile.tsv;05b-meeting-raw-values.tsv;06b-filter-source-profile.tsv	P3-CATALOG-DATA	NOT_APPLICABLE	MAPPED_CATALOG
P3T-FILE-F079	FILE	F079	project-governance/current/p2/01-file-universe.tsv	row:F079	D8EEEA83EE427FEC534CD8B47D937F5CFE9B7FB3EB065FB7F4C1CCF57107B272	frontend/src/components/DataFetchCard.css	REQUIRED/REWRITE/LOCAL_ONLY	CATALOG_EVIDENCE_AND_PLAN	00-p3-charter-and-preflight.md;01a-catalog-request-manifest.json;02-catalog-request-ledger.tsv;03-catalog-evidence-register.tsv;04a-catalog-profile.json;04b-catalog-scope-summary.tsv;04c-catalog-field-profile.tsv;06b-filter-source-profile.tsv	P3-CATALOG-DATA	NOT_APPLICABLE	MAPPED_CATALOG
P3T-FILE-F080	FILE	F080	project-governance/current/p2/01-file-universe.tsv	row:F080	D8EEEA83EE427FEC534CD8B47D937F5CFE9B7FB3EB065FB7F4C1CCF57107B272	frontend/src/components/DataFetchCard.tsx	REQUIRED/REWRITE/LOCAL_ONLY	CATALOG_EVIDENCE_AND_PLAN	00-p3-charter-and-preflight.md;01a-catalog-request-manifest.json;02-catalog-request-ledger.tsv;03-catalog-evidence-register.tsv;04a-catalog-profile.json;04b-catalog-scope-summary.tsv;04c-catalog-field-profile.tsv;06b-filter-source-profile.tsv	P3-CATALOG-DATA	NOT_APPLICABLE	MAPPED_CATALOG
P3T-FILE-F081	FILE	F081	project-governance/current/p2/01-file-universe.tsv	row:F081	D8EEEA83EE427FEC534CD8B47D937F5CFE9B7FB3EB065FB7F4C1CCF57107B272	frontend/src/components/FilterPanel.css	REQUIRED/REUSE_WITH_FIXES/BASELINE_SHARED	CATALOG_EVIDENCE_AND_PLAN	00-p3-charter-and-preflight.md;01a-catalog-request-manifest.json;02-catalog-request-ledger.tsv;03-catalog-evidence-register.tsv;04a-catalog-profile.json;04b-catalog-scope-summary.tsv;04c-catalog-field-profile.tsv;05b-meeting-raw-values.tsv;06b-filter-source-profile.tsv	P3-CATALOG-DATA	NOT_APPLICABLE	MAPPED_CATALOG
P3T-FILE-F082	FILE	F082	project-governance/current/p2/01-file-universe.tsv	row:F082	D8EEEA83EE427FEC534CD8B47D937F5CFE9B7FB3EB065FB7F4C1CCF57107B272	frontend/src/components/FilterPanel.tsx	REQUIRED/REUSE_WITH_FIXES/BASELINE_SHARED	CATALOG_EVIDENCE_AND_PLAN	00-p3-charter-and-preflight.md;01a-catalog-request-manifest.json;02-catalog-request-ledger.tsv;03-catalog-evidence-register.tsv;04a-catalog-profile.json;04b-catalog-scope-summary.tsv;04c-catalog-field-profile.tsv;05b-meeting-raw-values.tsv;06b-filter-source-profile.tsv	P3-CATALOG-DATA	NOT_APPLICABLE	MAPPED_CATALOG
P3T-FILE-F083	FILE	F083	project-governance/current/p2/01-file-universe.tsv	row:F083	D8EEEA83EE427FEC534CD8B47D937F5CFE9B7FB3EB065FB7F4C1CCF57107B272	frontend/src/components/LanguageSwitcher.css	REQUIRED/REUSE_WITH_FIXES/BASELINE_SHARED	LOCAL_IMPLEMENTATION_PLAN	00-p3-charter-and-preflight.md;05b-meeting-raw-values.tsv	P3-LOCAL-IMPLEMENTATION	NOT_APPLICABLE	MAPPED_P3_PLAN
P3T-FILE-F084	FILE	F084	project-governance/current/p2/01-file-universe.tsv	row:F084	D8EEEA83EE427FEC534CD8B47D937F5CFE9B7FB3EB065FB7F4C1CCF57107B272	frontend/src/components/LanguageSwitcher.tsx	REQUIRED/REUSE_WITH_FIXES/BASELINE_SHARED	LOCAL_IMPLEMENTATION_PLAN	00-p3-charter-and-preflight.md;05b-meeting-raw-values.tsv	P3-LOCAL-IMPLEMENTATION	NOT_APPLICABLE	MAPPED_P3_PLAN
P3T-FILE-F085	FILE	F085	project-governance/current/p2/01-file-universe.tsv	row:F085	D8EEEA83EE427FEC534CD8B47D937F5CFE9B7FB3EB065FB7F4C1CCF57107B272	frontend/src/components/LocalSoundToggle.css	MIXED_SEE_02/SPLIT/BASELINE_SHARED	LOCAL_IMPLEMENTATION_PLAN	00-p3-charter-and-preflight.md	P3-LOCAL-IMPLEMENTATION	NOT_APPLICABLE	MAPPED_P3_PLAN
P3T-FILE-F086	FILE	F086	project-governance/current/p2/01-file-universe.tsv	row:F086	D8EEEA83EE427FEC534CD8B47D937F5CFE9B7FB3EB065FB7F4C1CCF57107B272	frontend/src/components/LocalSoundToggle.tsx	MIXED_SEE_02/SPLIT/BASELINE_SHARED	LOCAL_IMPLEMENTATION_PLAN	00-p3-charter-and-preflight.md	P3-LOCAL-IMPLEMENTATION	NOT_APPLICABLE	MAPPED_P3_PLAN
P3T-FILE-F087	FILE	F087	project-governance/current/p2/01-file-universe.tsv	row:F087	D8EEEA83EE427FEC534CD8B47D937F5CFE9B7FB3EB065FB7F4C1CCF57107B272	frontend/src/components/MailSettingsPanel.css	EXCLUDED/REMOVE/HISTORICAL_EVIDENCE	LOCAL_IMPLEMENTATION_PLAN	00-p3-charter-and-preflight.md	P3-LOCAL-IMPLEMENTATION	NOT_APPLICABLE	MAPPED_P3_PLAN
P3T-FILE-F088	FILE	F088	project-governance/current/p2/01-file-universe.tsv	row:F088	D8EEEA83EE427FEC534CD8B47D937F5CFE9B7FB3EB065FB7F4C1CCF57107B272	frontend/src/components/MailSettingsPanel.tsx	EXCLUDED/REMOVE/HISTORICAL_EVIDENCE	LOCAL_IMPLEMENTATION_PLAN	00-p3-charter-and-preflight.md	P3-LOCAL-IMPLEMENTATION	NOT_APPLICABLE	MAPPED_P3_PLAN
P3T-FILE-F089	FILE	F089	project-governance/current/p2/01-file-universe.tsv	row:F089	D8EEEA83EE427FEC534CD8B47D937F5CFE9B7FB3EB065FB7F4C1CCF57107B272	frontend/src/components/SchedulePreview.css	FUTURE/DEFER/FUTURE	LOCAL_IMPLEMENTATION_PLAN	00-p3-charter-and-preflight.md	P3-LOCAL-IMPLEMENTATION	NOT_APPLICABLE	MAPPED_P3_PLAN
P3T-FILE-F090	FILE	F090	project-governance/current/p2/01-file-universe.tsv	row:F090	D8EEEA83EE427FEC534CD8B47D937F5CFE9B7FB3EB065FB7F4C1CCF57107B272	frontend/src/components/SchedulePreview.tsx	FUTURE/DEFER/FUTURE	LOCAL_IMPLEMENTATION_PLAN	00-p3-charter-and-preflight.md	P3-LOCAL-IMPLEMENTATION	NOT_APPLICABLE	MAPPED_P3_PLAN
P3T-FILE-F091	FILE	F091	project-governance/current/p2/01-file-universe.tsv	row:F091	D8EEEA83EE427FEC534CD8B47D937F5CFE9B7FB3EB065FB7F4C1CCF57107B272	frontend/src/components/SubscribeButton.css	MIXED_SEE_02/SPLIT/BASELINE_SHARED	LOCAL_IMPLEMENTATION_PLAN	00-p3-charter-and-preflight.md	P3-LOCAL-IMPLEMENTATION	NOT_APPLICABLE	MAPPED_P3_PLAN
P3T-FILE-F092	FILE	F092	project-governance/current/p2/01-file-universe.tsv	row:F092	D8EEEA83EE427FEC534CD8B47D937F5CFE9B7FB3EB065FB7F4C1CCF57107B272	frontend/src/components/SubscribeButton.tsx	MIXED_SEE_02/SPLIT/BASELINE_SHARED	LOCAL_IMPLEMENTATION_PLAN	00-p3-charter-and-preflight.md	P3-LOCAL-IMPLEMENTATION	NOT_APPLICABLE	MAPPED_P3_PLAN
P3T-FILE-F093	FILE	F093	project-governance/current/p2/01-file-universe.tsv	row:F093	D8EEEA83EE427FEC534CD8B47D937F5CFE9B7FB3EB065FB7F4C1CCF57107B272	frontend/src/components/SubscriptionCenter.css	MIXED_SEE_02/SPLIT/BASELINE_SHARED	LOCAL_IMPLEMENTATION_PLAN	00-p3-charter-and-preflight.md	P3-LOCAL-IMPLEMENTATION	NOT_APPLICABLE	MAPPED_P3_PLAN
P3T-FILE-F094	FILE	F094	project-governance/current/p2/01-file-universe.tsv	row:F094	D8EEEA83EE427FEC534CD8B47D937F5CFE9B7FB3EB065FB7F4C1CCF57107B272	frontend/src/components/SubscriptionCenter.tsx	MIXED_SEE_02/SPLIT/BASELINE_SHARED	LOCAL_IMPLEMENTATION_PLAN	00-p3-charter-and-preflight.md	P3-LOCAL-IMPLEMENTATION	NOT_APPLICABLE	MAPPED_P3_PLAN
P3T-FILE-F095	FILE	F095	project-governance/current/p2/01-file-universe.tsv	row:F095	D8EEEA83EE427FEC534CD8B47D937F5CFE9B7FB3EB065FB7F4C1CCF57107B272	frontend/src/components/SubscriptionManager.css	MIXED_SEE_02/SPLIT/BASELINE_SHARED	LOCAL_IMPLEMENTATION_PLAN	00-p3-charter-and-preflight.md	P3-LOCAL-IMPLEMENTATION	NOT_APPLICABLE	MAPPED_P3_PLAN
P3T-FILE-F096	FILE	F096	project-governance/current/p2/01-file-universe.tsv	row:F096	D8EEEA83EE427FEC534CD8B47D937F5CFE9B7FB3EB065FB7F4C1CCF57107B272	frontend/src/components/SubscriptionManager.tsx	MIXED_SEE_02/SPLIT/BASELINE_SHARED	LOCAL_IMPLEMENTATION_PLAN	00-p3-charter-and-preflight.md	P3-LOCAL-IMPLEMENTATION	NOT_APPLICABLE	MAPPED_P3_PLAN
P3T-FILE-F097	FILE	F097	project-governance/current/p2/01-file-universe.tsv	row:F097	D8EEEA83EE427FEC534CD8B47D937F5CFE9B7FB3EB065FB7F4C1CCF57107B272	frontend/src/components/TagChip.css	REQUIRED/REUSE_WITH_FIXES/BASELINE_SHARED	LOCAL_IMPLEMENTATION_PLAN	00-p3-charter-and-preflight.md;05b-meeting-raw-values.tsv	P3-LOCAL-IMPLEMENTATION	NOT_APPLICABLE	MAPPED_P3_PLAN
P3T-FILE-F098	FILE	F098	project-governance/current/p2/01-file-universe.tsv	row:F098	D8EEEA83EE427FEC534CD8B47D937F5CFE9B7FB3EB065FB7F4C1CCF57107B272	frontend/src/components/TagChip.tsx	REQUIRED/REUSE_WITH_FIXES/BASELINE_SHARED	LOCAL_IMPLEMENTATION_PLAN	00-p3-charter-and-preflight.md;05b-meeting-raw-values.tsv	P3-LOCAL-IMPLEMENTATION	NOT_APPLICABLE	MAPPED_P3_PLAN
P3T-FILE-F099	FILE	F099	project-governance/current/p2/01-file-universe.tsv	row:F099	D8EEEA83EE427FEC534CD8B47D937F5CFE9B7FB3EB065FB7F4C1CCF57107B272	frontend/src/data/fallbackDictionary.ts	REQUIRED/REUSE_WITH_FIXES/BASELINE_SHARED	CATALOG_EVIDENCE_AND_PLAN	00-p3-charter-and-preflight.md;01a-catalog-request-manifest.json;02-catalog-request-ledger.tsv;03-catalog-evidence-register.tsv;04a-catalog-profile.json;04b-catalog-scope-summary.tsv;04c-catalog-field-profile.tsv;05b-meeting-raw-values.tsv;06b-filter-source-profile.tsv	P3-CATALOG-DATA	NOT_APPLICABLE	MAPPED_CATALOG
P3T-FILE-F100	FILE	F100	project-governance/current/p2/01-file-universe.tsv	row:F100	D8EEEA83EE427FEC534CD8B47D937F5CFE9B7FB3EB065FB7F4C1CCF57107B272	frontend/src/dev/ComponentPlayground.tsx	INTERNAL_ONLY/SPLIT/INTERNAL_TOOLING	LOCAL_IMPLEMENTATION_PLAN	00-p3-charter-and-preflight.md	P3-LOCAL-IMPLEMENTATION	NOT_APPLICABLE	MAPPED_P3_PLAN
P3T-FILE-F101	FILE	F101	project-governance/current/p2/01-file-universe.tsv	row:F101	D8EEEA83EE427FEC534CD8B47D937F5CFE9B7FB3EB065FB7F4C1CCF57107B272	frontend/src/dev/mockData.ts	INTERNAL_ONLY/SPLIT/INTERNAL_TOOLING	LOCAL_IMPLEMENTATION_PLAN	00-p3-charter-and-preflight.md	P3-LOCAL-IMPLEMENTATION	NOT_APPLICABLE	MAPPED_P3_PLAN
P3T-FILE-F102	FILE	F102	project-governance/current/p2/01-file-universe.tsv	row:F102	D8EEEA83EE427FEC534CD8B47D937F5CFE9B7FB3EB065FB7F4C1CCF57107B272	frontend/src/hooks/useCourseQuery.ts	REQUIRED/REUSE_WITH_FIXES/BASELINE_SHARED	CATALOG_EVIDENCE_AND_PLAN	00-p3-charter-and-preflight.md;01a-catalog-request-manifest.json;02-catalog-request-ledger.tsv;03-catalog-evidence-register.tsv;04a-catalog-profile.json;04b-catalog-scope-summary.tsv;04c-catalog-field-profile.tsv;05b-meeting-raw-values.tsv;06b-filter-source-profile.tsv	P3-CATALOG-DATA	NOT_APPLICABLE	MAPPED_CATALOG
P3T-FILE-F103	FILE	F103	project-governance/current/p2/01-file-universe.tsv	row:F103	D8EEEA83EE427FEC534CD8B47D937F5CFE9B7FB3EB065FB7F4C1CCF57107B272	frontend/src/hooks/useFiltersDictionary.ts	REQUIRED/REUSE_WITH_FIXES/BASELINE_SHARED	CATALOG_EVIDENCE_AND_PLAN	00-p3-charter-and-preflight.md;01a-catalog-request-manifest.json;02-catalog-request-ledger.tsv;03-catalog-evidence-register.tsv;04a-catalog-profile.json;04b-catalog-scope-summary.tsv;04c-catalog-field-profile.tsv;05b-meeting-raw-values.tsv;06b-filter-source-profile.tsv	P3-CATALOG-DATA	NOT_APPLICABLE	MAPPED_CATALOG
P3T-FILE-F104	FILE	F104	project-governance/current/p2/01-file-universe.tsv	row:F104	D8EEEA83EE427FEC534CD8B47D937F5CFE9B7FB3EB065FB7F4C1CCF57107B272	frontend/src/hooks/useLocalSoundNotifications.ts	MIXED_SEE_02/SPLIT/BASELINE_SHARED	LOCAL_IMPLEMENTATION_PLAN	00-p3-charter-and-preflight.md	P3-LOCAL-IMPLEMENTATION	NOT_APPLICABLE	MAPPED_P3_PLAN
P3T-FILE-F105	FILE	F105	project-governance/current/p2/01-file-universe.tsv	row:F105	D8EEEA83EE427FEC534CD8B47D937F5CFE9B7FB3EB065FB7F4C1CCF57107B272	frontend/src/i18n/index.ts	REQUIRED/REUSE_WITH_FIXES/BASELINE_SHARED	LOCAL_IMPLEMENTATION_PLAN	00-p3-charter-and-preflight.md;05b-meeting-raw-values.tsv;06a-section-identity-summary.tsv	P3-LOCAL-IMPLEMENTATION	NOT_APPLICABLE	MAPPED_P3_PLAN
P3T-FILE-F106	FILE	F106	project-governance/current/p2/01-file-universe.tsv	row:F106	D8EEEA83EE427FEC534CD8B47D937F5CFE9B7FB3EB065FB7F4C1CCF57107B272	frontend/src/i18n/types.d.ts	REQUIRED/REUSE_WITH_FIXES/BASELINE_SHARED	LOCAL_IMPLEMENTATION_PLAN	00-p3-charter-and-preflight.md;05b-meeting-raw-values.tsv	P3-LOCAL-IMPLEMENTATION	NOT_APPLICABLE	MAPPED_P3_PLAN
P3T-FILE-F107	FILE	F107	project-governance/current/p2/01-file-universe.tsv	row:F107	D8EEEA83EE427FEC534CD8B47D937F5CFE9B7FB3EB065FB7F4C1CCF57107B272	frontend/src/index.css	REQUIRED/REUSE_WITH_FIXES/BASELINE_SHARED	LOCAL_IMPLEMENTATION_PLAN	00-p3-charter-and-preflight.md;05b-meeting-raw-values.tsv;06a-section-identity-summary.tsv	P3-LOCAL-IMPLEMENTATION	NOT_APPLICABLE	MAPPED_P3_PLAN
P3T-FILE-F108	FILE	F108	project-governance/current/p2/01-file-universe.tsv	row:F108	D8EEEA83EE427FEC534CD8B47D937F5CFE9B7FB3EB065FB7F4C1CCF57107B272	frontend/src/main.tsx	REQUIRED/REUSE_WITH_FIXES/BASELINE_SHARED	LOCAL_IMPLEMENTATION_PLAN	00-p3-charter-and-preflight.md;05b-meeting-raw-values.tsv	P3-LOCAL-IMPLEMENTATION	NOT_APPLICABLE	MAPPED_P3_PLAN
P3T-FILE-F109	FILE	F109	project-governance/current/p2/01-file-universe.tsv	row:F109	D8EEEA83EE427FEC534CD8B47D937F5CFE9B7FB3EB065FB7F4C1CCF57107B272	frontend/src/state/courseFilters.ts	MIXED_SEE_02/SPLIT/BASELINE_SHARED	CATALOG_EVIDENCE_AND_PLAN	00-p3-charter-and-preflight.md;01a-catalog-request-manifest.json;02-catalog-request-ledger.tsv;03-catalog-evidence-register.tsv;04a-catalog-profile.json;04b-catalog-scope-summary.tsv;04c-catalog-field-profile.tsv;05b-meeting-raw-values.tsv;06b-filter-source-profile.tsv	P3-CATALOG-DATA	NOT_APPLICABLE	MAPPED_CATALOG
P3T-FILE-F110	FILE	F110	project-governance/current/p2/01-file-universe.tsv	row:F110	D8EEEA83EE427FEC534CD8B47D937F5CFE9B7FB3EB065FB7F4C1CCF57107B272	frontend/src/utils/classNames.ts	REQUIRED/REUSE_WITH_FIXES/BASELINE_SHARED	LOCAL_IMPLEMENTATION_PLAN	00-p3-charter-and-preflight.md;05b-meeting-raw-values.tsv	P3-LOCAL-IMPLEMENTATION	NOT_APPLICABLE	MAPPED_P3_PLAN
P3T-FILE-F111	FILE	F111	project-governance/current/p2/01-file-universe.tsv	row:F111	D8EEEA83EE427FEC534CD8B47D937F5CFE9B7FB3EB065FB7F4C1CCF57107B272	frontend/src/utils/term.ts	REQUIRED/REUSE_WITH_FIXES/BASELINE_SHARED	LOCAL_IMPLEMENTATION_PLAN	00-p3-charter-and-preflight.md;05b-meeting-raw-values.tsv	P3-LOCAL-IMPLEMENTATION	NOT_APPLICABLE	MAPPED_P3_PLAN
P3T-FILE-F112	FILE	F112	project-governance/current/p2/01-file-universe.tsv	row:F112	D8EEEA83EE427FEC534CD8B47D937F5CFE9B7FB3EB065FB7F4C1CCF57107B272	frontend/src/vite-env.d.ts	REQUIRED/REUSE_WITH_FIXES/BASELINE_SHARED	LOCAL_IMPLEMENTATION_PLAN	00-p3-charter-and-preflight.md;05b-meeting-raw-values.tsv	P3-LOCAL-IMPLEMENTATION	NOT_APPLICABLE	MAPPED_P3_PLAN
P3T-FILE-F113	FILE	F113	project-governance/current/p2/01-file-universe.tsv	row:F113	D8EEEA83EE427FEC534CD8B47D937F5CFE9B7FB3EB065FB7F4C1CCF57107B272	frontend/tsconfig.json	INTERNAL_ONLY/REUSE_WITH_FIXES/INTERNAL_TOOLING	LOCAL_IMPLEMENTATION_PLAN	00-p3-charter-and-preflight.md;05b-meeting-raw-values.tsv	P3-LOCAL-IMPLEMENTATION	NOT_APPLICABLE	MAPPED_P3_PLAN
P3T-FILE-F114	FILE	F114	project-governance/current/p2/01-file-universe.tsv	row:F114	D8EEEA83EE427FEC534CD8B47D937F5CFE9B7FB3EB065FB7F4C1CCF57107B272	frontend/tsconfig.node.json	INTERNAL_ONLY/REUSE_WITH_FIXES/INTERNAL_TOOLING	LOCAL_IMPLEMENTATION_PLAN	00-p3-charter-and-preflight.md;05b-meeting-raw-values.tsv	P3-LOCAL-IMPLEMENTATION	NOT_APPLICABLE	MAPPED_P3_PLAN
P3T-FILE-F115	FILE	F115	project-governance/current/p2/01-file-universe.tsv	row:F115	D8EEEA83EE427FEC534CD8B47D937F5CFE9B7FB3EB065FB7F4C1CCF57107B272	frontend/vite.config.ts	INTERNAL_ONLY/REUSE_WITH_FIXES/INTERNAL_TOOLING	LOCAL_IMPLEMENTATION_PLAN	00-p3-charter-and-preflight.md;05b-meeting-raw-values.tsv	P3-LOCAL-IMPLEMENTATION	NOT_APPLICABLE	MAPPED_P3_PLAN
P3T-FILE-F116	FILE	F116	project-governance/current/p2/01-file-universe.tsv	row:F116	D8EEEA83EE427FEC534CD8B47D937F5CFE9B7FB3EB065FB7F4C1CCF57107B272	notifications/mail/config.ts	EXCLUDED/REMOVE/HISTORICAL_EVIDENCE	LOCAL_IMPLEMENTATION_PLAN	00-p3-charter-and-preflight.md;05b-meeting-raw-values.tsv	P3-LOCAL-IMPLEMENTATION	NOT_APPLICABLE	MAPPED_P3_PLAN
P3T-FILE-F117	FILE	F117	project-governance/current/p2/01-file-universe.tsv	row:F117	D8EEEA83EE427FEC534CD8B47D937F5CFE9B7FB3EB065FB7F4C1CCF57107B272	notifications/mail/providers/sendgrid.ts	EXCLUDED/REMOVE/HISTORICAL_EVIDENCE	LOCAL_IMPLEMENTATION_PLAN	00-p3-charter-and-preflight.md;05b-meeting-raw-values.tsv	P3-LOCAL-IMPLEMENTATION	NOT_APPLICABLE	MAPPED_P3_PLAN
P3T-FILE-F118	FILE	F118	project-governance/current/p2/01-file-universe.tsv	row:F118	D8EEEA83EE427FEC534CD8B47D937F5CFE9B7FB3EB065FB7F4C1CCF57107B272	notifications/mail/retry_policy.ts	EXCLUDED/REMOVE/HISTORICAL_EVIDENCE	LOCAL_IMPLEMENTATION_PLAN	00-p3-charter-and-preflight.md;05b-meeting-raw-values.tsv	P3-LOCAL-IMPLEMENTATION	NOT_APPLICABLE	MAPPED_P3_PLAN
P3T-FILE-F119	FILE	F119	project-governance/current/p2/01-file-universe.tsv	row:F119	D8EEEA83EE427FEC534CD8B47D937F5CFE9B7FB3EB065FB7F4C1CCF57107B272	notifications/mail/template_checker.ts	EXCLUDED/REMOVE/HISTORICAL_EVIDENCE	LOCAL_IMPLEMENTATION_PLAN	00-p3-charter-and-preflight.md;05b-meeting-raw-values.tsv	P3-LOCAL-IMPLEMENTATION	NOT_APPLICABLE	MAPPED_P3_PLAN
P3T-FILE-F120	FILE	F120	project-governance/current/p2/01-file-universe.tsv	row:F120	D8EEEA83EE427FEC534CD8B47D937F5CFE9B7FB3EB065FB7F4C1CCF57107B272	notifications/mail/template_loader.ts	EXCLUDED/REMOVE/HISTORICAL_EVIDENCE	LOCAL_IMPLEMENTATION_PLAN	00-p3-charter-and-preflight.md;05b-meeting-raw-values.tsv	P3-LOCAL-IMPLEMENTATION	NOT_APPLICABLE	MAPPED_P3_PLAN
P3T-FILE-F121	FILE	F121	project-governance/current/p2/01-file-universe.tsv	row:F121	D8EEEA83EE427FEC534CD8B47D937F5CFE9B7FB3EB065FB7F4C1CCF57107B272	notifications/mail/tests/config.test.ts	EXCLUDED/REMOVE/HISTORICAL_EVIDENCE	LOCAL_IMPLEMENTATION_PLAN	00-p3-charter-and-preflight.md;05b-meeting-raw-values.tsv	P3-LOCAL-IMPLEMENTATION	NOT_APPLICABLE	MAPPED_P3_PLAN
P3T-FILE-F122	FILE	F122	project-governance/current/p2/01-file-universe.tsv	row:F122	D8EEEA83EE427FEC534CD8B47D937F5CFE9B7FB3EB065FB7F4C1CCF57107B272	notifications/mail/tests/provider.test.ts	EXCLUDED/REMOVE/HISTORICAL_EVIDENCE	LOCAL_IMPLEMENTATION_PLAN	00-p3-charter-and-preflight.md;05b-meeting-raw-values.tsv	P3-LOCAL-IMPLEMENTATION	NOT_APPLICABLE	MAPPED_P3_PLAN
P3T-FILE-F123	FILE	F123	project-governance/current/p2/01-file-universe.tsv	row:F123	D8EEEA83EE427FEC534CD8B47D937F5CFE9B7FB3EB065FB7F4C1CCF57107B272	notifications/mail/tests/retry_policy.test.ts	EXCLUDED/REMOVE/HISTORICAL_EVIDENCE	LOCAL_IMPLEMENTATION_PLAN	00-p3-charter-and-preflight.md;05b-meeting-raw-values.tsv	P3-LOCAL-IMPLEMENTATION	NOT_APPLICABLE	MAPPED_P3_PLAN
P3T-FILE-F124	FILE	F124	project-governance/current/p2/01-file-universe.tsv	row:F124	D8EEEA83EE427FEC534CD8B47D937F5CFE9B7FB3EB065FB7F4C1CCF57107B272	notifications/mail/tests/template_checker.test.ts	EXCLUDED/REMOVE/HISTORICAL_EVIDENCE	LOCAL_IMPLEMENTATION_PLAN	00-p3-charter-and-preflight.md;05b-meeting-raw-values.tsv	P3-LOCAL-IMPLEMENTATION	NOT_APPLICABLE	MAPPED_P3_PLAN
P3T-FILE-F125	FILE	F125	project-governance/current/p2/01-file-universe.tsv	row:F125	D8EEEA83EE427FEC534CD8B47D937F5CFE9B7FB3EB065FB7F4C1CCF57107B272	notifications/mail/types.ts	EXCLUDED/REMOVE/HISTORICAL_EVIDENCE	LOCAL_IMPLEMENTATION_PLAN	00-p3-charter-and-preflight.md;05b-meeting-raw-values.tsv	P3-LOCAL-IMPLEMENTATION	NOT_APPLICABLE	MAPPED_P3_PLAN
P3T-FILE-F126	FILE	F126	project-governance/current/p2/01-file-universe.tsv	row:F126	D8EEEA83EE427FEC534CD8B47D937F5CFE9B7FB3EB065FB7F4C1CCF57107B272	package.json	MIXED_SEE_02/SPLIT/INTERNAL_TOOLING	LOCAL_IMPLEMENTATION_PLAN	00-p3-charter-and-preflight.md	P3-LOCAL-IMPLEMENTATION	NOT_APPLICABLE	MAPPED_P3_PLAN
P3T-FILE-F127	FILE	F127	project-governance/current/p2/01-file-universe.tsv	row:F127	D8EEEA83EE427FEC534CD8B47D937F5CFE9B7FB3EB065FB7F4C1CCF57107B272	package-lock.json	MIXED_SEE_02/SPLIT/INTERNAL_TOOLING	LOCAL_IMPLEMENTATION_PLAN	00-p3-charter-and-preflight.md	P3-LOCAL-IMPLEMENTATION	NOT_APPLICABLE	MAPPED_P3_PLAN
P3T-FILE-F128	FILE	F128	project-governance/current/p2/01-file-universe.tsv	row:F128	D8EEEA83EE427FEC534CD8B47D937F5CFE9B7FB3EB065FB7F4C1CCF57107B272	README.md	REQUIRED/REWRITE/LOCAL_ONLY	LOCAL_IMPLEMENTATION_PLAN	00-p3-charter-and-preflight.md;05b-meeting-raw-values.tsv	P3-LOCAL-IMPLEMENTATION	NOT_APPLICABLE	MAPPED_P3_PLAN
P3T-FILE-F129	FILE	F129	project-governance/current/p2/01-file-universe.tsv	row:F129	D8EEEA83EE427FEC534CD8B47D937F5CFE9B7FB3EB065FB7F4C1CCF57107B272	reports/field_validation.md	INTERNAL_ONLY/EXTRACT/HISTORICAL_EVIDENCE	LOCAL_IMPLEMENTATION_PLAN	00-p3-charter-and-preflight.md;05b-meeting-raw-values.tsv	P3-LOCAL-IMPLEMENTATION	NOT_APPLICABLE	MAPPED_P3_PLAN
P3T-FILE-F130	FILE	F130	project-governance/current/p2/01-file-universe.tsv	row:F130	D8EEEA83EE427FEC534CD8B47D937F5CFE9B7FB3EB065FB7F4C1CCF57107B272	reports/field_validation_details.mdpart	INTERNAL_ONLY/EXTRACT/HISTORICAL_EVIDENCE	LOCAL_IMPLEMENTATION_PLAN	00-p3-charter-and-preflight.md;05b-meeting-raw-values.tsv	P3-LOCAL-IMPLEMENTATION	NOT_APPLICABLE	MAPPED_P3_PLAN
P3T-FILE-F131	FILE	F131	project-governance/current/p2/01-file-universe.tsv	row:F131	D8EEEA83EE427FEC534CD8B47D937F5CFE9B7FB3EB065FB7F4C1CCF57107B272	reports/field_validation_samples.json	INTERNAL_ONLY/EXTRACT/HISTORICAL_EVIDENCE	LOCAL_IMPLEMENTATION_PLAN	00-p3-charter-and-preflight.md;05b-meeting-raw-values.tsv	P3-LOCAL-IMPLEMENTATION	NOT_APPLICABLE	MAPPED_P3_PLAN
P3T-FILE-F132	FILE	F132	project-governance/current/p2/01-file-universe.tsv	row:F132	D8EEEA83EE427FEC534CD8B47D937F5CFE9B7FB3EB065FB7F4C1CCF57107B272	reports/fresh_install_log.md	INTERNAL_ONLY/EXTRACT/HISTORICAL_EVIDENCE	LOCAL_IMPLEMENTATION_PLAN	00-p3-charter-and-preflight.md;05b-meeting-raw-values.tsv	P3-LOCAL-IMPLEMENTATION	NOT_APPLICABLE	MAPPED_P3_PLAN
P3T-FILE-F133	FILE	F133	project-governance/current/p2/01-file-universe.tsv	row:F133	D8EEEA83EE427FEC534CD8B47D937F5CFE9B7FB3EB065FB7F4C1CCF57107B272	reports/incremental_trial.md	INTERNAL_ONLY/EXTRACT/HISTORICAL_EVIDENCE	LOCAL_IMPLEMENTATION_PLAN	00-p3-charter-and-preflight.md;05b-meeting-raw-values.tsv	P3-LOCAL-IMPLEMENTATION	NOT_APPLICABLE	MAPPED_P3_PLAN
P3T-FILE-F134	FILE	F134	project-governance/current/p2/01-file-universe.tsv	row:F134	D8EEEA83EE427FEC534CD8B47D937F5CFE9B7FB3EB065FB7F4C1CCF57107B272	reports/mail_worker_latency.md	EXCLUDED/OUT_OF_SCOPE/HISTORICAL_EVIDENCE	LOCAL_IMPLEMENTATION_PLAN	00-p3-charter-and-preflight.md;05b-meeting-raw-values.tsv	P3-LOCAL-IMPLEMENTATION	NOT_APPLICABLE	MAPPED_P3_PLAN
P3T-FILE-F135	FILE	F135	project-governance/current/p2/01-file-universe.tsv	row:F135	D8EEEA83EE427FEC534CD8B47D937F5CFE9B7FB3EB065FB7F4C1CCF57107B272	reports/poller_durability.md	INTERNAL_ONLY/EXTRACT/HISTORICAL_EVIDENCE	LOCAL_IMPLEMENTATION_PLAN	00-p3-charter-and-preflight.md;05b-meeting-raw-values.tsv;14-open-profile-join-and-error-evidence.md;15-poller-qps-latency-and-safety-model.md;16-shared-open-contract-review-options.md;17-p3-open-review-stop-gate.md;18-open-review-decision-001.md;19-open-cache-and-notification-latency-contract.md;20-p3-open-decision-gate.md;21b-open-round2-resumption-amendment-001.json;22b-open-round2-completion.json;23a-shared-open-final-contract.md;23b-shared-open-final-contract.json	P3-LOCAL-IMPLEMENTATION|P3-SHARED-OPEN-CONTRACT	RESOLVED_P3_SHARED_OPEN_CONTRACT	MAPPED_P3_OPEN_FROZEN
P3T-FILE-F136	FILE	F136	project-governance/current/p2/01-file-universe.tsv	row:F136	D8EEEA83EE427FEC534CD8B47D937F5CFE9B7FB3EB065FB7F4C1CCF57107B272	scripts/backfill_core_attributes.ts	INTERNAL_ONLY/MERGE/INTERNAL_TOOLING	CATALOG_EVIDENCE_AND_PLAN	00-p3-charter-and-preflight.md;01a-catalog-request-manifest.json;02-catalog-request-ledger.tsv;03-catalog-evidence-register.tsv;04a-catalog-profile.json;04b-catalog-scope-summary.tsv;04c-catalog-field-profile.tsv;05b-meeting-raw-values.tsv;06b-filter-source-profile.tsv	P3-CATALOG-DATA	NOT_APPLICABLE	MAPPED_CATALOG
P3T-FILE-F137	FILE	F137	project-governance/current/p2/01-file-universe.tsv	row:F137	D8EEEA83EE427FEC534CD8B47D937F5CFE9B7FB3EB065FB7F4C1CCF57107B272	scripts/fetch_soc_data.ts	REQUIRED/PORT/BASELINE_SHARED	CATALOG_EVIDENCE_AND_PLAN	00-p3-charter-and-preflight.md;01a-catalog-request-manifest.json;02-catalog-request-ledger.tsv;03-catalog-evidence-register.tsv;04a-catalog-profile.json;04b-catalog-scope-summary.tsv;04c-catalog-field-profile.tsv;05b-meeting-raw-values.tsv;06b-filter-source-profile.tsv	P3-CATALOG-DATA	NOT_APPLICABLE	MAPPED_CATALOG
P3T-FILE-F138	FILE	F138	project-governance/current/p2/01-file-universe.tsv	row:F138	D8EEEA83EE427FEC534CD8B47D937F5CFE9B7FB3EB065FB7F4C1CCF57107B272	scripts/i18n_missing_check.ts	INTERNAL_ONLY/REUSE_WITH_FIXES/INTERNAL_TOOLING	LOCAL_IMPLEMENTATION_PLAN	00-p3-charter-and-preflight.md;05b-meeting-raw-values.tsv	P3-LOCAL-IMPLEMENTATION	NOT_APPLICABLE	MAPPED_P3_PLAN
P3T-FILE-F139	FILE	F139	project-governance/current/p2/01-file-universe.tsv	row:F139	D8EEEA83EE427FEC534CD8B47D937F5CFE9B7FB3EB065FB7F4C1CCF57107B272	scripts/incremental_trial.ts	INTERNAL_ONLY/REUSE_WITH_FIXES/INTERNAL_TOOLING	LOCAL_IMPLEMENTATION_PLAN	00-p3-charter-and-preflight.md;05b-meeting-raw-values.tsv	P3-LOCAL-IMPLEMENTATION	NOT_APPLICABLE	MAPPED_P3_PLAN
P3T-FILE-F140	FILE	F140	project-governance/current/p2/01-file-universe.tsv	row:F140	D8EEEA83EE427FEC534CD8B47D937F5CFE9B7FB3EB065FB7F4C1CCF57107B272	scripts/mail_e2e_sim.ts	EXCLUDED/REMOVE/HISTORICAL_EVIDENCE	LOCAL_IMPLEMENTATION_PLAN	00-p3-charter-and-preflight.md	P3-LOCAL-IMPLEMENTATION	NOT_APPLICABLE	MAPPED_P3_PLAN
P3T-FILE-F141	FILE	F141	project-governance/current/p2/01-file-universe.tsv	row:F141	D8EEEA83EE427FEC534CD8B47D937F5CFE9B7FB3EB065FB7F4C1CCF57107B272	scripts/mail_templates.js	EXCLUDED/REMOVE/HISTORICAL_EVIDENCE	LOCAL_IMPLEMENTATION_PLAN	00-p3-charter-and-preflight.md	P3-LOCAL-IMPLEMENTATION	NOT_APPLICABLE	MAPPED_P3_PLAN
P3T-FILE-F142	FILE	F142	project-governance/current/p2/01-file-universe.tsv	row:F142	D8EEEA83EE427FEC534CD8B47D937F5CFE9B7FB3EB065FB7F4C1CCF57107B272	scripts/migrate_db.ts	REQUIRED/PORT/BASELINE_SHARED	LOCAL_IMPLEMENTATION_PLAN	00-p3-charter-and-preflight.md;05b-meeting-raw-values.tsv	P3-LOCAL-IMPLEMENTATION	NOT_APPLICABLE	MAPPED_P3_PLAN
P3T-FILE-F143	FILE	F143	project-governance/current/p2/01-file-universe.tsv	row:F143	D8EEEA83EE427FEC534CD8B47D937F5CFE9B7FB3EB065FB7F4C1CCF57107B272	scripts/oneclick_start.js	MIXED_SEE_02/SPLIT/LOCAL_ONLY	LOCAL_IMPLEMENTATION_PLAN	00-p3-charter-and-preflight.md;05b-meeting-raw-values.tsv	P3-LOCAL-IMPLEMENTATION	NOT_APPLICABLE	MAPPED_P3_PLAN
P3T-FILE-F144	FILE	F144	project-governance/current/p2/01-file-universe.tsv	row:F144	D8EEEA83EE427FEC534CD8B47D937F5CFE9B7FB3EB065FB7F4C1CCF57107B272	scripts/poller_resume_sim.ts	INTERNAL_ONLY/REUSE_WITH_FIXES/INTERNAL_TOOLING	LOCAL_IMPLEMENTATION_PLAN	00-p3-charter-and-preflight.md;05b-meeting-raw-values.tsv;14-open-profile-join-and-error-evidence.md;15-poller-qps-latency-and-safety-model.md;16-shared-open-contract-review-options.md;17-p3-open-review-stop-gate.md;18-open-review-decision-001.md;19-open-cache-and-notification-latency-contract.md;20-p3-open-decision-gate.md;21b-open-round2-resumption-amendment-001.json;22b-open-round2-completion.json;23a-shared-open-final-contract.md;23b-shared-open-final-contract.json	P3-LOCAL-IMPLEMENTATION|P3-SHARED-OPEN-CONTRACT	RESOLVED_P3_SHARED_OPEN_CONTRACT	MAPPED_P3_OPEN_FROZEN
P3T-FILE-F145	FILE	F145	project-governance/current/p2/01-file-universe.tsv	row:F145	D8EEEA83EE427FEC534CD8B47D937F5CFE9B7FB3EB065FB7F4C1CCF57107B272	scripts/run_stack.sh	INTERNAL_ONLY/EXTRACT/PUBLIC_DELTA	LOCAL_IMPLEMENTATION_PLAN	00-p3-charter-and-preflight.md	P3-LOCAL-IMPLEMENTATION	NOT_APPLICABLE	MAPPED_P3_PLAN
P3T-FILE-F146	FILE	F146	project-governance/current/p2/01-file-universe.tsv	row:F146	D8EEEA83EE427FEC534CD8B47D937F5CFE9B7FB3EB065FB7F4C1CCF57107B272	scripts/setup_local_env.sh	INTERNAL_ONLY/EXTRACT/PUBLIC_DELTA	LOCAL_IMPLEMENTATION_PLAN	00-p3-charter-and-preflight.md	P3-LOCAL-IMPLEMENTATION	NOT_APPLICABLE	MAPPED_P3_PLAN
P3T-FILE-F147	FILE	F147	project-governance/current/p2/01-file-universe.tsv	row:F147	D8EEEA83EE427FEC534CD8B47D937F5CFE9B7FB3EB065FB7F4C1CCF57107B272	scripts/soc_api_client.ts	REQUIRED/PORT/BASELINE_SHARED	CATALOG_EVIDENCE_AND_PLAN	00-p3-charter-and-preflight.md;01a-catalog-request-manifest.json;02-catalog-request-ledger.tsv;03-catalog-evidence-register.tsv;04a-catalog-profile.json;04b-catalog-scope-summary.tsv;04c-catalog-field-profile.tsv;05b-meeting-raw-values.tsv;06b-filter-source-profile.tsv	P3-CATALOG-DATA	NOT_APPLICABLE	MAPPED_CATALOG
P3T-FILE-F148	FILE	F148	project-governance/current/p2/01-file-universe.tsv	row:F148	D8EEEA83EE427FEC534CD8B47D937F5CFE9B7FB3EB065FB7F4C1CCF57107B272	scripts/soc_field_matrix.py	INTERNAL_ONLY/REUSE_WITH_FIXES/INTERNAL_TOOLING	CATALOG_EVIDENCE_AND_PLAN	00-p3-charter-and-preflight.md;01a-catalog-request-manifest.json;02-catalog-request-ledger.tsv;03-catalog-evidence-register.tsv;04a-catalog-profile.json;04b-catalog-scope-summary.tsv;04c-catalog-field-profile.tsv;05b-meeting-raw-values.tsv;06b-filter-source-profile.tsv	P3-CATALOG-DATA	NOT_APPLICABLE	MAPPED_CATALOG
P3T-FILE-F149	FILE	F149	project-governance/current/p2/01-file-universe.tsv	row:F149	D8EEEA83EE427FEC534CD8B47D937F5CFE9B7FB3EB065FB7F4C1CCF57107B272	scripts/soc_normalizer.ts	REQUIRED/PORT/BASELINE_SHARED	CATALOG_EVIDENCE_AND_PLAN	00-p3-charter-and-preflight.md;01a-catalog-request-manifest.json;02-catalog-request-ledger.tsv;03-catalog-evidence-register.tsv;04a-catalog-profile.json;04b-catalog-scope-summary.tsv;04c-catalog-field-profile.tsv;05b-meeting-raw-values.tsv;06b-filter-source-profile.tsv	P3-CATALOG-DATA	NOT_APPLICABLE	MAPPED_CATALOG
P3T-FILE-F150	FILE	F150	project-governance/current/p2/01-file-universe.tsv	row:F150	D8EEEA83EE427FEC534CD8B47D937F5CFE9B7FB3EB065FB7F4C1CCF57107B272	scripts/soc_probe.ts	INTERNAL_ONLY/REUSE_WITH_FIXES/INTERNAL_TOOLING	CATALOG_EVIDENCE_AND_PLAN	00-p3-charter-and-preflight.md;01a-catalog-request-manifest.json;02-catalog-request-ledger.tsv;03-catalog-evidence-register.tsv;04a-catalog-profile.json;04b-catalog-scope-summary.tsv;04c-catalog-field-profile.tsv;05b-meeting-raw-values.tsv;06b-filter-source-profile.tsv	P3-CATALOG-DATA	NOT_APPLICABLE	MAPPED_CATALOG
P3T-FILE-F151	FILE	F151	project-governance/current/p2/01-file-universe.tsv	row:F151	D8EEEA83EE427FEC534CD8B47D937F5CFE9B7FB3EB065FB7F4C1CCF57107B272	scripts/soc_rate_limit.ts	INTERNAL_ONLY/REUSE_WITH_FIXES/INTERNAL_TOOLING	CATALOG_EVIDENCE_AND_PLAN	00-p3-charter-and-preflight.md;01a-catalog-request-manifest.json;02-catalog-request-ledger.tsv;03-catalog-evidence-register.tsv;04a-catalog-profile.json;04b-catalog-scope-summary.tsv;04c-catalog-field-profile.tsv;05b-meeting-raw-values.tsv;06b-filter-source-profile.tsv	P3-CATALOG-DATA	NOT_APPLICABLE	MAPPED_CATALOG
P3T-FILE-F152	FILE	F152	project-governance/current/p2/01-file-universe.tsv	row:F152	D8EEEA83EE427FEC534CD8B47D937F5CFE9B7FB3EB065FB7F4C1CCF57107B272	Start-WebUI.bat	REQUIRED/REUSE_WITH_FIXES/LOCAL_ONLY	LOCAL_IMPLEMENTATION_PLAN	00-p3-charter-and-preflight.md	P3-LOCAL-IMPLEMENTATION	NOT_APPLICABLE	MAPPED_P3_PLAN
P3T-FILE-F153	FILE	F153	project-governance/current/p2/01-file-universe.tsv	row:F153	D8EEEA83EE427FEC534CD8B47D937F5CFE9B7FB3EB065FB7F4C1CCF57107B272	Start-WebUI.command	EXCLUDED/REMOVE/HISTORICAL_EVIDENCE	LOCAL_IMPLEMENTATION_PLAN	00-p3-charter-and-preflight.md	P3-LOCAL-IMPLEMENTATION	NOT_APPLICABLE	MAPPED_P3_PLAN
P3T-FILE-F154	FILE	F154	project-governance/current/p2/01-file-universe.tsv	row:F154	D8EEEA83EE427FEC534CD8B47D937F5CFE9B7FB3EB065FB7F4C1CCF57107B272	tsconfig.json	MIXED_SEE_02/SPLIT/INTERNAL_TOOLING	LOCAL_IMPLEMENTATION_PLAN	00-p3-charter-and-preflight.md	P3-LOCAL-IMPLEMENTATION	NOT_APPLICABLE	MAPPED_P3_PLAN
P3T-FILE-F155	FILE	F155	project-governance/current/p2/01-file-universe.tsv	row:F155	D8EEEA83EE427FEC534CD8B47D937F5CFE9B7FB3EB065FB7F4C1CCF57107B272	workers/mail_dispatcher.ts	EXCLUDED/REMOVE/HISTORICAL_EVIDENCE	LOCAL_IMPLEMENTATION_PLAN	00-p3-charter-and-preflight.md	P3-LOCAL-IMPLEMENTATION	NOT_APPLICABLE	MAPPED_P3_PLAN
P3T-FILE-F156	FILE	F156	project-governance/current/p2/01-file-universe.tsv	row:F156	D8EEEA83EE427FEC534CD8B47D937F5CFE9B7FB3EB065FB7F4C1CCF57107B272	workers/open_sections_poller.ts	MIXED_SEE_02/SPLIT/BASELINE_SHARED	CATALOG_EVIDENCE_AND_PLAN	00-p3-charter-and-preflight.md;01a-catalog-request-manifest.json;02-catalog-request-ledger.tsv;03-catalog-evidence-register.tsv;04a-catalog-profile.json;04b-catalog-scope-summary.tsv;04c-catalog-field-profile.tsv;06a-section-identity-summary.tsv;06b-filter-source-profile.tsv;14-open-profile-join-and-error-evidence.md;15-poller-qps-latency-and-safety-model.md;16-shared-open-contract-review-options.md;17-p3-open-review-stop-gate.md;18-open-review-decision-001.md;19-open-cache-and-notification-latency-contract.md;20-p3-open-decision-gate.md;21b-open-round2-resumption-amendment-001.json;22b-open-round2-completion.json;23a-shared-open-final-contract.md;23b-shared-open-final-contract.json	P3-CATALOG-DATA|P3-SHARED-OPEN-CONTRACT	RESOLVED_P3_SHARED_OPEN_CONTRACT	MAPPED_P3_OPEN_FROZEN
P3T-FILE-F157	FILE	F157	project-governance/current/p2/01-file-universe.tsv	row:F157	D8EEEA83EE427FEC534CD8B47D937F5CFE9B7FB3EB065FB7F4C1CCF57107B272	workers/tests/mail_dispatcher.test.ts	EXCLUDED/REMOVE/HISTORICAL_EVIDENCE	LOCAL_IMPLEMENTATION_PLAN	00-p3-charter-and-preflight.md	P3-LOCAL-IMPLEMENTATION	NOT_APPLICABLE	MAPPED_P3_PLAN
P3T-FILE-F158	FILE	F158	project-governance/current/p2/01-file-universe.tsv	row:F158	D8EEEA83EE427FEC534CD8B47D937F5CFE9B7FB3EB065FB7F4C1CCF57107B272	workers/tests/open_sections_poller.auto.test.ts	MIXED_SEE_02/SPLIT/BASELINE_SHARED	CATALOG_EVIDENCE_AND_PLAN	00-p3-charter-and-preflight.md;01a-catalog-request-manifest.json;02-catalog-request-ledger.tsv;03-catalog-evidence-register.tsv;04a-catalog-profile.json;04b-catalog-scope-summary.tsv;04c-catalog-field-profile.tsv;06a-section-identity-summary.tsv;06b-filter-source-profile.tsv;14-open-profile-join-and-error-evidence.md;15-poller-qps-latency-and-safety-model.md;16-shared-open-contract-review-options.md;17-p3-open-review-stop-gate.md;18-open-review-decision-001.md;19-open-cache-and-notification-latency-contract.md;20-p3-open-decision-gate.md;21b-open-round2-resumption-amendment-001.json;22b-open-round2-completion.json;23a-shared-open-final-contract.md;23b-shared-open-final-contract.json	P3-CATALOG-DATA|P3-SHARED-OPEN-CONTRACT	RESOLVED_P3_SHARED_OPEN_CONTRACT	MAPPED_P3_OPEN_FROZEN
