ecosystem	name	version	license_file	sha256	lock_key	evidence_status	reason
npm	@asamuzakjp/css-color	5.1.11	LICENSE	BD4539377980DD797FC6A51D90E664E52B2B2625B2158F01D4C68B5FE107EACB	npm:node_modules/@asamuzakjp/css-color	HASHED	PACKAGED_LICENSE_FILE
npm	@asamuzakjp/dom-selector	7.1.1	LICENSE	7CDF9DB3B91CC77B9EC947AD0C7126140F00E34528B67C3A58E9FC1A98055E14	npm:node_modules/@asamuzakjp/dom-selector	HASHED	PACKAGED_LICENSE_FILE
npm	@asamuzakjp/generational-cache	1.0.1	LICENSE	B4206276487160066D7006579DA64B1E104F0DB639897D5B91BABDD0DF8165E1	npm:node_modules/@asamuzakjp/generational-cache	HASHED	PACKAGED_LICENSE_FILE
npm	@asamuzakjp/nwsapi	2.3.9	LICENSE	9B0FFD74F2CDE7528141CC314ECE705490D11054805DA4A01EE6149498951B8F	npm:node_modules/@asamuzakjp/nwsapi	HASHED	PACKAGED_LICENSE_FILE
npm	@babel/code-frame	7.27.1	LICENSE	117DA2AF0D4CE0FE1C8E19B5CFF9DCD806ADF973D328D27B11D4448C4FF24F76	npm:node_modules/@babel/code-frame	HASHED	PACKAGED_LICENSE_FILE
npm	@babel/helper-validator-identifier	7.28.5	LICENSE	117DA2AF0D4CE0FE1C8E19B5CFF9DCD806ADF973D328D27B11D4448C4FF24F76	npm:node_modules/@babel/helper-validator-identifier	HASHED	PACKAGED_LICENSE_FILE
npm	@babel/runtime	7.29.7	LICENSE	117DA2AF0D4CE0FE1C8E19B5CFF9DCD806ADF973D328D27B11D4448C4FF24F76	npm:node_modules/@babel/runtime	HASHED	PACKAGED_LICENSE_FILE
npm	@bramus/specificity	2.4.2	LICENSE	AE842A63DD9BC829C95A2EC22DDA25A08E422A368B71DBCA67A45CDE7C4A4B81	npm:node_modules/@bramus/specificity	HASHED	PACKAGED_LICENSE_FILE
npm	@csstools/color-helpers	6.1.0	LICENSE.md	947E32047A166CD05F04E45938D172B412C07CBEE0B9735AFD14BAE30E02C2F6	npm:node_modules/@csstools/color-helpers	HASHED	PACKAGED_LICENSE_FILE
npm	@csstools/css-calc	3.2.1	LICENSE.md	D00D032F517721B45C56C70C46BF904EBB71AD313DF4D4DB7722266B38069665	npm:node_modules/@csstools/css-calc	HASHED	PACKAGED_LICENSE_FILE
npm	@csstools/css-color-parser	4.1.9	LICENSE.md	D00D032F517721B45C56C70C46BF904EBB71AD313DF4D4DB7722266B38069665	npm:node_modules/@csstools/css-color-parser	HASHED	PACKAGED_LICENSE_FILE
npm	@csstools/css-parser-algorithms	4.0.0	LICENSE.md	D00D032F517721B45C56C70C46BF904EBB71AD313DF4D4DB7722266B38069665	npm:node_modules/@csstools/css-parser-algorithms	HASHED	PACKAGED_LICENSE_FILE
npm	@csstools/css-syntax-patches-for-csstree	1.1.6	LICENSE.md	947E32047A166CD05F04E45938D172B412C07CBEE0B9735AFD14BAE30E02C2F6	npm:node_modules/@csstools/css-syntax-patches-for-csstree	HASHED	PACKAGED_LICENSE_FILE
npm	@csstools/css-tokenizer	4.0.0	LICENSE.md	D00D032F517721B45C56C70C46BF904EBB71AD313DF4D4DB7722266B38069665	npm:node_modules/@csstools/css-tokenizer	HASHED	PACKAGED_LICENSE_FILE
npm	@emnapi/core	1.11.1	LICENSE	2088F55C6731498410B20C95EBD345ED4A4A800BF74C0FBA4D282FD2A021DAAA	npm:node_modules/@emnapi/core	HASHED	PACKAGED_LICENSE_FILE
npm	@emnapi/runtime	1.11.1	LICENSE	2088F55C6731498410B20C95EBD345ED4A4A800BF74C0FBA4D282FD2A021DAAA	npm:node_modules/@emnapi/runtime	HASHED	PACKAGED_LICENSE_FILE
npm	@emnapi/wasi-threads	1.2.2	LICENSE	2088F55C6731498410B20C95EBD345ED4A4A800BF74C0FBA4D282FD2A021DAAA	npm:node_modules/@emnapi/wasi-threads	HASHED	PACKAGED_LICENSE_FILE
npm	@exodus/bytes	1.15.1	LICENSE	DBFFD380D59504BA19FCF87FF5A1A33C37EDF66D5B09966B0AD5368AB87BC2AF	npm:node_modules/@exodus/bytes	HASHED	PACKAGED_LICENSE_FILE
npm	@jridgewell/sourcemap-codec	1.5.5	LICENSE	769D154FBDE32A915AF110B1123650BC79F4CBE675ACC66E005265BF069C6C6C	npm:node_modules/@jridgewell/sourcemap-codec	HASHED	PACKAGED_LICENSE_FILE
npm	@napi-rs/wasm-runtime	1.1.6	NO_PACKAGED_LICENSE_FILE	NOT_APPLICABLE	npm:node_modules/@napi-rs/wasm-runtime	ABSENT_WITH_EXPLICIT_DECISION	NO_LICENSE_FILE_IN_VERIFIED_PACKAGE_ARCHIVE
npm	@oxc-project/types	0.139.0	LICENSE	95CED5ECF1133FBF41D409B5555C86C344F83F3B019926057DDBC07CFDCC27B3	npm:node_modules/@oxc-project/types	HASHED	PACKAGED_LICENSE_FILE
npm	@rolldown/binding-android-arm64	1.1.5	NO_PACKAGED_LICENSE_FILE	NOT_APPLICABLE	npm:node_modules/@rolldown/binding-android-arm64	ABSENT_WITH_EXPLICIT_DECISION	NO_LICENSE_FILE_IN_VERIFIED_PACKAGE_ARCHIVE
npm	@rolldown/binding-darwin-arm64	1.1.5	NO_PACKAGED_LICENSE_FILE	NOT_APPLICABLE	npm:node_modules/@rolldown/binding-darwin-arm64	ABSENT_WITH_EXPLICIT_DECISION	NO_LICENSE_FILE_IN_VERIFIED_PACKAGE_ARCHIVE
npm	@rolldown/binding-darwin-x64	1.1.5	NO_PACKAGED_LICENSE_FILE	NOT_APPLICABLE	npm:node_modules/@rolldown/binding-darwin-x64	ABSENT_WITH_EXPLICIT_DECISION	NO_LICENSE_FILE_IN_VERIFIED_PACKAGE_ARCHIVE
npm	@rolldown/binding-freebsd-x64	1.1.5	NO_PACKAGED_LICENSE_FILE	NOT_APPLICABLE	npm:node_modules/@rolldown/binding-freebsd-x64	ABSENT_WITH_EXPLICIT_DECISION	NO_LICENSE_FILE_IN_VERIFIED_PACKAGE_ARCHIVE
npm	@rolldown/binding-linux-arm-gnueabihf	1.1.5	NO_PACKAGED_LICENSE_FILE	NOT_APPLICABLE	npm:node_modules/@rolldown/binding-linux-arm-gnueabihf	ABSENT_WITH_EXPLICIT_DECISION	NO_LICENSE_FILE_IN_VERIFIED_PACKAGE_ARCHIVE
npm	@rolldown/binding-linux-arm64-gnu	1.1.5	NO_PACKAGED_LICENSE_FILE	NOT_APPLICABLE	npm:node_modules/@rolldown/binding-linux-arm64-gnu	ABSENT_WITH_EXPLICIT_DECISION	NO_LICENSE_FILE_IN_VERIFIED_PACKAGE_ARCHIVE
npm	@rolldown/binding-linux-arm64-musl	1.1.5	NO_PACKAGED_LICENSE_FILE	NOT_APPLICABLE	npm:node_modules/@rolldown/binding-linux-arm64-musl	ABSENT_WITH_EXPLICIT_DECISION	NO_LICENSE_FILE_IN_VERIFIED_PACKAGE_ARCHIVE
npm	@rolldown/binding-linux-ppc64-gnu	1.1.5	NO_PACKAGED_LICENSE_FILE	NOT_APPLICABLE	npm:node_modules/@rolldown/binding-linux-ppc64-gnu	ABSENT_WITH_EXPLICIT_DECISION	NO_LICENSE_FILE_IN_VERIFIED_PACKAGE_ARCHIVE
npm	@rolldown/binding-linux-s390x-gnu	1.1.5	NO_PACKAGED_LICENSE_FILE	NOT_APPLICABLE	npm:node_modules/@rolldown/binding-linux-s390x-gnu	ABSENT_WITH_EXPLICIT_DECISION	NO_LICENSE_FILE_IN_VERIFIED_PACKAGE_ARCHIVE
npm	@rolldown/binding-linux-x64-gnu	1.1.5	NO_PACKAGED_LICENSE_FILE	NOT_APPLICABLE	npm:node_modules/@rolldown/binding-linux-x64-gnu	ABSENT_WITH_EXPLICIT_DECISION	NO_LICENSE_FILE_IN_VERIFIED_PACKAGE_ARCHIVE
npm	@rolldown/binding-linux-x64-musl	1.1.5	NO_PACKAGED_LICENSE_FILE	NOT_APPLICABLE	npm:node_modules/@rolldown/binding-linux-x64-musl	ABSENT_WITH_EXPLICIT_DECISION	NO_LICENSE_FILE_IN_VERIFIED_PACKAGE_ARCHIVE
npm	@rolldown/binding-openharmony-arm64	1.1.5	NO_PACKAGED_LICENSE_FILE	NOT_APPLICABLE	npm:node_modules/@rolldown/binding-openharmony-arm64	ABSENT_WITH_EXPLICIT_DECISION	NO_LICENSE_FILE_IN_VERIFIED_PACKAGE_ARCHIVE
npm	@rolldown/binding-wasm32-wasi	1.1.5	NO_PACKAGED_LICENSE_FILE	NOT_APPLICABLE	npm:node_modules/@rolldown/binding-wasm32-wasi	ABSENT_WITH_EXPLICIT_DECISION	NO_LICENSE_FILE_IN_VERIFIED_PACKAGE_ARCHIVE
npm	@rolldown/binding-win32-arm64-msvc	1.1.5	NO_PACKAGED_LICENSE_FILE	NOT_APPLICABLE	npm:node_modules/@rolldown/binding-win32-arm64-msvc	ABSENT_WITH_EXPLICIT_DECISION	NO_LICENSE_FILE_IN_VERIFIED_PACKAGE_ARCHIVE
npm	@rolldown/binding-win32-x64-msvc	1.1.5	NO_PACKAGED_LICENSE_FILE	NOT_APPLICABLE	npm:node_modules/@rolldown/binding-win32-x64-msvc	ABSENT_WITH_EXPLICIT_DECISION	NO_LICENSE_FILE_IN_VERIFIED_PACKAGE_ARCHIVE
npm	@rolldown/pluginutils	1.0.1	LICENSE	E1919B3B98B8BF6C1B99FCC60A0ED46027C97AC947432E1278446C9606F50161	npm:node_modules/@rolldown/pluginutils	HASHED	PACKAGED_LICENSE_FILE
npm	@standard-schema/spec	1.1.0	LICENSE	653B779005A3A4D64A7288C940F7B9A0E8F0B1E0375F6AA6AF9473CAF131E564	npm:node_modules/@standard-schema/spec	HASHED	PACKAGED_LICENSE_FILE
npm	@testing-library/dom	10.4.1	LICENSE	BF8FD38056B7606DECCFCADB4D8CA1C210082D8EF5513426D2650DAEDC30BED3	npm:node_modules/@testing-library/dom	HASHED	PACKAGED_LICENSE_FILE
npm	@testing-library/react	16.3.2	LICENSE	9680978280D509520D2A7B51E93FFBF7D9EC2B9DE4411A6989DABA5B659048E0	npm:node_modules/@testing-library/react	HASHED	PACKAGED_LICENSE_FILE
npm	@tybys/wasm-util	0.10.3	NO_PACKAGED_LICENSE_FILE	NOT_APPLICABLE	npm:node_modules/@tybys/wasm-util	ABSENT_WITH_EXPLICIT_DECISION	NO_LICENSE_FILE_IN_VERIFIED_PACKAGE_ARCHIVE
npm	@types/aria-query	5.0.4	LICENSE	C2CFCCB812FE482101A8F04597DFC5A9991A6B2748266C47AC91B6A5AAE15383	npm:node_modules/@types/aria-query	HASHED	PACKAGED_LICENSE_FILE
npm	@types/chai	5.2.3	LICENSE	C2CFCCB812FE482101A8F04597DFC5A9991A6B2748266C47AC91B6A5AAE15383	npm:node_modules/@types/chai	HASHED	PACKAGED_LICENSE_FILE
npm	@types/deep-eql	4.0.2	LICENSE	C2CFCCB812FE482101A8F04597DFC5A9991A6B2748266C47AC91B6A5AAE15383	npm:node_modules/@types/deep-eql	HASHED	PACKAGED_LICENSE_FILE
npm	@types/estree	1.0.9	LICENSE	C2CFCCB812FE482101A8F04597DFC5A9991A6B2748266C47AC91B6A5AAE15383	npm:node_modules/@types/estree	HASHED	PACKAGED_LICENSE_FILE
npm	@types/jsdom	28.0.3	LICENSE	C2CFCCB812FE482101A8F04597DFC5A9991A6B2748266C47AC91B6A5AAE15383	npm:node_modules/@types/jsdom	HASHED	PACKAGED_LICENSE_FILE
npm	@types/node	26.1.1	LICENSE	C2CFCCB812FE482101A8F04597DFC5A9991A6B2748266C47AC91B6A5AAE15383	npm:node_modules/@types/node	HASHED	PACKAGED_LICENSE_FILE
npm	@types/react	19.2.17	LICENSE	C2CFCCB812FE482101A8F04597DFC5A9991A6B2748266C47AC91B6A5AAE15383	npm:node_modules/@types/react	HASHED	PACKAGED_LICENSE_FILE
npm	@types/react-dom	19.2.3	LICENSE	C2CFCCB812FE482101A8F04597DFC5A9991A6B2748266C47AC91B6A5AAE15383	npm:node_modules/@types/react-dom	HASHED	PACKAGED_LICENSE_FILE
npm	@types/tough-cookie	4.0.5	LICENSE	C2CFCCB812FE482101A8F04597DFC5A9991A6B2748266C47AC91B6A5AAE15383	npm:node_modules/@types/tough-cookie	HASHED	PACKAGED_LICENSE_FILE
npm	@typescript/typescript-aix-ppc64	7.0.2	LICENSE	A7D00BFD54525BC694B6E32F64C7EBCF5E6B7AE3657BE5CC12767BCE74654A47	npm:node_modules/@typescript/typescript-aix-ppc64	HASHED	PACKAGED_LICENSE_FILE
npm	@typescript/typescript-aix-ppc64	7.0.2	NOTICE.txt	F5C708B59114507B8B27B48181B6883D106BBCA0C1634BBEE45B5E344237B66B	npm:node_modules/@typescript/typescript-aix-ppc64	HASHED	PACKAGED_LICENSE_FILE
npm	@typescript/typescript-darwin-arm64	7.0.2	LICENSE	A7D00BFD54525BC694B6E32F64C7EBCF5E6B7AE3657BE5CC12767BCE74654A47	npm:node_modules/@typescript/typescript-darwin-arm64	HASHED	PACKAGED_LICENSE_FILE
npm	@typescript/typescript-darwin-arm64	7.0.2	NOTICE.txt	F5C708B59114507B8B27B48181B6883D106BBCA0C1634BBEE45B5E344237B66B	npm:node_modules/@typescript/typescript-darwin-arm64	HASHED	PACKAGED_LICENSE_FILE
npm	@typescript/typescript-darwin-x64	7.0.2	LICENSE	A7D00BFD54525BC694B6E32F64C7EBCF5E6B7AE3657BE5CC12767BCE74654A47	npm:node_modules/@typescript/typescript-darwin-x64	HASHED	PACKAGED_LICENSE_FILE
npm	@typescript/typescript-darwin-x64	7.0.2	NOTICE.txt	F5C708B59114507B8B27B48181B6883D106BBCA0C1634BBEE45B5E344237B66B	npm:node_modules/@typescript/typescript-darwin-x64	HASHED	PACKAGED_LICENSE_FILE
npm	@typescript/typescript-freebsd-arm64	7.0.2	LICENSE	A7D00BFD54525BC694B6E32F64C7EBCF5E6B7AE3657BE5CC12767BCE74654A47	npm:node_modules/@typescript/typescript-freebsd-arm64	HASHED	PACKAGED_LICENSE_FILE
npm	@typescript/typescript-freebsd-arm64	7.0.2	NOTICE.txt	F5C708B59114507B8B27B48181B6883D106BBCA0C1634BBEE45B5E344237B66B	npm:node_modules/@typescript/typescript-freebsd-arm64	HASHED	PACKAGED_LICENSE_FILE
npm	@typescript/typescript-freebsd-x64	7.0.2	LICENSE	A7D00BFD54525BC694B6E32F64C7EBCF5E6B7AE3657BE5CC12767BCE74654A47	npm:node_modules/@typescript/typescript-freebsd-x64	HASHED	PACKAGED_LICENSE_FILE
npm	@typescript/typescript-freebsd-x64	7.0.2	NOTICE.txt	F5C708B59114507B8B27B48181B6883D106BBCA0C1634BBEE45B5E344237B66B	npm:node_modules/@typescript/typescript-freebsd-x64	HASHED	PACKAGED_LICENSE_FILE
npm	@typescript/typescript-linux-arm	7.0.2	LICENSE	A7D00BFD54525BC694B6E32F64C7EBCF5E6B7AE3657BE5CC12767BCE74654A47	npm:node_modules/@typescript/typescript-linux-arm	HASHED	PACKAGED_LICENSE_FILE
npm	@typescript/typescript-linux-arm	7.0.2	NOTICE.txt	F5C708B59114507B8B27B48181B6883D106BBCA0C1634BBEE45B5E344237B66B	npm:node_modules/@typescript/typescript-linux-arm	HASHED	PACKAGED_LICENSE_FILE
npm	@typescript/typescript-linux-arm64	7.0.2	LICENSE	A7D00BFD54525BC694B6E32F64C7EBCF5E6B7AE3657BE5CC12767BCE74654A47	npm:node_modules/@typescript/typescript-linux-arm64	HASHED	PACKAGED_LICENSE_FILE
npm	@typescript/typescript-linux-arm64	7.0.2	NOTICE.txt	F5C708B59114507B8B27B48181B6883D106BBCA0C1634BBEE45B5E344237B66B	npm:node_modules/@typescript/typescript-linux-arm64	HASHED	PACKAGED_LICENSE_FILE
npm	@typescript/typescript-linux-loong64	7.0.2	LICENSE	A7D00BFD54525BC694B6E32F64C7EBCF5E6B7AE3657BE5CC12767BCE74654A47	npm:node_modules/@typescript/typescript-linux-loong64	HASHED	PACKAGED_LICENSE_FILE
npm	@typescript/typescript-linux-loong64	7.0.2	NOTICE.txt	F5C708B59114507B8B27B48181B6883D106BBCA0C1634BBEE45B5E344237B66B	npm:node_modules/@typescript/typescript-linux-loong64	HASHED	PACKAGED_LICENSE_FILE
npm	@typescript/typescript-linux-mips64el	7.0.2	LICENSE	A7D00BFD54525BC694B6E32F64C7EBCF5E6B7AE3657BE5CC12767BCE74654A47	npm:node_modules/@typescript/typescript-linux-mips64el	HASHED	PACKAGED_LICENSE_FILE
npm	@typescript/typescript-linux-mips64el	7.0.2	NOTICE.txt	F5C708B59114507B8B27B48181B6883D106BBCA0C1634BBEE45B5E344237B66B	npm:node_modules/@typescript/typescript-linux-mips64el	HASHED	PACKAGED_LICENSE_FILE
npm	@typescript/typescript-linux-ppc64	7.0.2	LICENSE	A7D00BFD54525BC694B6E32F64C7EBCF5E6B7AE3657BE5CC12767BCE74654A47	npm:node_modules/@typescript/typescript-linux-ppc64	HASHED	PACKAGED_LICENSE_FILE
npm	@typescript/typescript-linux-ppc64	7.0.2	NOTICE.txt	F5C708B59114507B8B27B48181B6883D106BBCA0C1634BBEE45B5E344237B66B	npm:node_modules/@typescript/typescript-linux-ppc64	HASHED	PACKAGED_LICENSE_FILE
npm	@typescript/typescript-linux-riscv64	7.0.2	LICENSE	A7D00BFD54525BC694B6E32F64C7EBCF5E6B7AE3657BE5CC12767BCE74654A47	npm:node_modules/@typescript/typescript-linux-riscv64	HASHED	PACKAGED_LICENSE_FILE
npm	@typescript/typescript-linux-riscv64	7.0.2	NOTICE.txt	F5C708B59114507B8B27B48181B6883D106BBCA0C1634BBEE45B5E344237B66B	npm:node_modules/@typescript/typescript-linux-riscv64	HASHED	PACKAGED_LICENSE_FILE
npm	@typescript/typescript-linux-s390x	7.0.2	LICENSE	A7D00BFD54525BC694B6E32F64C7EBCF5E6B7AE3657BE5CC12767BCE74654A47	npm:node_modules/@typescript/typescript-linux-s390x	HASHED	PACKAGED_LICENSE_FILE
npm	@typescript/typescript-linux-s390x	7.0.2	NOTICE.txt	F5C708B59114507B8B27B48181B6883D106BBCA0C1634BBEE45B5E344237B66B	npm:node_modules/@typescript/typescript-linux-s390x	HASHED	PACKAGED_LICENSE_FILE
npm	@typescript/typescript-linux-x64	7.0.2	LICENSE	A7D00BFD54525BC694B6E32F64C7EBCF5E6B7AE3657BE5CC12767BCE74654A47	npm:node_modules/@typescript/typescript-linux-x64	HASHED	PACKAGED_LICENSE_FILE
npm	@typescript/typescript-linux-x64	7.0.2	NOTICE.txt	F5C708B59114507B8B27B48181B6883D106BBCA0C1634BBEE45B5E344237B66B	npm:node_modules/@typescript/typescript-linux-x64	HASHED	PACKAGED_LICENSE_FILE
npm	@typescript/typescript-netbsd-arm64	7.0.2	LICENSE	A7D00BFD54525BC694B6E32F64C7EBCF5E6B7AE3657BE5CC12767BCE74654A47	npm:node_modules/@typescript/typescript-netbsd-arm64	HASHED	PACKAGED_LICENSE_FILE
npm	@typescript/typescript-netbsd-arm64	7.0.2	NOTICE.txt	F5C708B59114507B8B27B48181B6883D106BBCA0C1634BBEE45B5E344237B66B	npm:node_modules/@typescript/typescript-netbsd-arm64	HASHED	PACKAGED_LICENSE_FILE
npm	@typescript/typescript-netbsd-x64	7.0.2	LICENSE	A7D00BFD54525BC694B6E32F64C7EBCF5E6B7AE3657BE5CC12767BCE74654A47	npm:node_modules/@typescript/typescript-netbsd-x64	HASHED	PACKAGED_LICENSE_FILE
npm	@typescript/typescript-netbsd-x64	7.0.2	NOTICE.txt	F5C708B59114507B8B27B48181B6883D106BBCA0C1634BBEE45B5E344237B66B	npm:node_modules/@typescript/typescript-netbsd-x64	HASHED	PACKAGED_LICENSE_FILE
npm	@typescript/typescript-openbsd-arm64	7.0.2	LICENSE	A7D00BFD54525BC694B6E32F64C7EBCF5E6B7AE3657BE5CC12767BCE74654A47	npm:node_modules/@typescript/typescript-openbsd-arm64	HASHED	PACKAGED_LICENSE_FILE
npm	@typescript/typescript-openbsd-arm64	7.0.2	NOTICE.txt	F5C708B59114507B8B27B48181B6883D106BBCA0C1634BBEE45B5E344237B66B	npm:node_modules/@typescript/typescript-openbsd-arm64	HASHED	PACKAGED_LICENSE_FILE
npm	@typescript/typescript-openbsd-x64	7.0.2	LICENSE	A7D00BFD54525BC694B6E32F64C7EBCF5E6B7AE3657BE5CC12767BCE74654A47	npm:node_modules/@typescript/typescript-openbsd-x64	HASHED	PACKAGED_LICENSE_FILE
npm	@typescript/typescript-openbsd-x64	7.0.2	NOTICE.txt	F5C708B59114507B8B27B48181B6883D106BBCA0C1634BBEE45B5E344237B66B	npm:node_modules/@typescript/typescript-openbsd-x64	HASHED	PACKAGED_LICENSE_FILE
npm	@typescript/typescript-sunos-x64	7.0.2	LICENSE	A7D00BFD54525BC694B6E32F64C7EBCF5E6B7AE3657BE5CC12767BCE74654A47	npm:node_modules/@typescript/typescript-sunos-x64	HASHED	PACKAGED_LICENSE_FILE
npm	@typescript/typescript-sunos-x64	7.0.2	NOTICE.txt	F5C708B59114507B8B27B48181B6883D106BBCA0C1634BBEE45B5E344237B66B	npm:node_modules/@typescript/typescript-sunos-x64	HASHED	PACKAGED_LICENSE_FILE
npm	@typescript/typescript-win32-arm64	7.0.2	LICENSE	A7D00BFD54525BC694B6E32F64C7EBCF5E6B7AE3657BE5CC12767BCE74654A47	npm:node_modules/@typescript/typescript-win32-arm64	HASHED	PACKAGED_LICENSE_FILE
npm	@typescript/typescript-win32-arm64	7.0.2	NOTICE.txt	F5C708B59114507B8B27B48181B6883D106BBCA0C1634BBEE45B5E344237B66B	npm:node_modules/@typescript/typescript-win32-arm64	HASHED	PACKAGED_LICENSE_FILE
npm	@typescript/typescript-win32-x64	7.0.2	LICENSE	A7D00BFD54525BC694B6E32F64C7EBCF5E6B7AE3657BE5CC12767BCE74654A47	npm:node_modules/@typescript/typescript-win32-x64	HASHED	PACKAGED_LICENSE_FILE
npm	@typescript/typescript-win32-x64	7.0.2	NOTICE.txt	F5C708B59114507B8B27B48181B6883D106BBCA0C1634BBEE45B5E344237B66B	npm:node_modules/@typescript/typescript-win32-x64	HASHED	PACKAGED_LICENSE_FILE
npm	@vitejs/plugin-react	6.0.3	LICENSE	29B68325FE026047D13E187B44C33B2ACACF7DC647DEC4583702E59F235E13B5	npm:node_modules/@vitejs/plugin-react	HASHED	PACKAGED_LICENSE_FILE
npm	@vitest/expect	4.1.10	LICENSE	04575FC5BFAE19A9B63100F8691F901A2E15A399011AC02DB435A9EF27295551	npm:node_modules/@vitest/expect	HASHED	PACKAGED_LICENSE_FILE
npm	@vitest/mocker	4.1.10	LICENSE	04575FC5BFAE19A9B63100F8691F901A2E15A399011AC02DB435A9EF27295551	npm:node_modules/@vitest/mocker	HASHED	PACKAGED_LICENSE_FILE
npm	@vitest/pretty-format	4.1.10	LICENSE	04575FC5BFAE19A9B63100F8691F901A2E15A399011AC02DB435A9EF27295551	npm:node_modules/@vitest/pretty-format	HASHED	PACKAGED_LICENSE_FILE
npm	@vitest/runner	4.1.10	LICENSE	04575FC5BFAE19A9B63100F8691F901A2E15A399011AC02DB435A9EF27295551	npm:node_modules/@vitest/runner	HASHED	PACKAGED_LICENSE_FILE
npm	@vitest/snapshot	4.1.10	LICENSE	04575FC5BFAE19A9B63100F8691F901A2E15A399011AC02DB435A9EF27295551	npm:node_modules/@vitest/snapshot	HASHED	PACKAGED_LICENSE_FILE
npm	@vitest/spy	4.1.10	LICENSE	04575FC5BFAE19A9B63100F8691F901A2E15A399011AC02DB435A9EF27295551	npm:node_modules/@vitest/spy	HASHED	PACKAGED_LICENSE_FILE
npm	@vitest/utils	4.1.10	LICENSE	04575FC5BFAE19A9B63100F8691F901A2E15A399011AC02DB435A9EF27295551	npm:node_modules/@vitest/utils	HASHED	PACKAGED_LICENSE_FILE
npm	ansi-regex	5.0.1	license	48DA2F39E100D4085767E94966B43F4FA95FF6A0698FBA57ED460914E35F94A0	npm:node_modules/ansi-regex	HASHED	PACKAGED_LICENSE_FILE
npm	ansi-styles	5.2.0	license	48DA2F39E100D4085767E94966B43F4FA95FF6A0698FBA57ED460914E35F94A0	npm:node_modules/ansi-styles	HASHED	PACKAGED_LICENSE_FILE
npm	aria-query	5.3.0	LICENSE	C8DF456C7CCBA74B959087DFF494D4AC2A12DFB0400C08B46B2494A08A000567	npm:node_modules/aria-query	HASHED	PACKAGED_LICENSE_FILE
npm	assertion-error	2.0.1	LICENSE	2130216D5AB4C02134F8247F32999FEDA0ABE1EAF028218BAEAC445C19CE4CEA	npm:node_modules/assertion-error	HASHED	PACKAGED_LICENSE_FILE
npm	axe-core	4.12.1	LICENSE	AF175B9D96EE93C21A036152E1B905B0B95304D4AE8C2C921C7609100BA8DF7E	npm:node_modules/axe-core	HASHED	PACKAGED_LICENSE_FILE
npm	axe-core	4.12.1	LICENSE-3RD-PARTY.txt	4F8563870D0FCA38BBC3E00B6F670CB7FA9F380BA9F26A7F7D1184A6B18B1653	npm:node_modules/axe-core	HASHED	PACKAGED_LICENSE_FILE
npm	better-course-schedule-planner-frontend	0.0.1	LICENSE	3AA48530C315D0B08D47CB03B2D1B31871FA79102B7EA896C5DCC51990497F95	npm:.	HASHED	PACKAGED_LICENSE_FILE
npm	bidi-js	1.0.3	LICENSE.txt	49D4D143FED599DEB502A0FE6E02F49832F87E9A3A4CD0502E469596D50FAA6D	npm:node_modules/bidi-js	HASHED	PACKAGED_LICENSE_FILE
npm	chai	6.2.2	LICENSE	B181DA80336FF9DD1043FC8BE1A764D7382363433319AA872E4D2CB5CE2A3066	npm:node_modules/chai	HASHED	PACKAGED_LICENSE_FILE
npm	convert-source-map	2.0.0	LICENSE	1FA6EE8BB95A81AE3D73A5BD074A3AC380FFEC13697051063CA1A601921B91DB	npm:node_modules/convert-source-map	HASHED	PACKAGED_LICENSE_FILE
npm	cookie	1.1.1	LICENSE	C02110EEDC16C7114F1A9BDC026C65626CE1D9C7E27FD51A8E0FEEE8A48A6858	npm:node_modules/cookie	HASHED	PACKAGED_LICENSE_FILE
npm	css-tree	3.2.1	LICENSE	719A251CECA49C057EA90A1152AF6546B767EC88E6D573BB6324454267B32C22	npm:node_modules/css-tree	HASHED	PACKAGED_LICENSE_FILE
npm	csstype	3.2.3	LICENSE	11D55BD4541C75EE7879547AC49089C489163DAE49551389713C3D026CAB383E	npm:node_modules/csstype	HASHED	PACKAGED_LICENSE_FILE
npm	data-urls	7.0.0	LICENSE.txt	528EEC83CB836A0ADDA9F8FC3D6A2A70A710D6CC0BE9A155F92212C8DF28ACFA	npm:node_modules/data-urls	HASHED	PACKAGED_LICENSE_FILE
npm	decimal.js	10.6.0	LICENCE.md	3108B546BCFF5D346923A82F48B2D252CA722F9088076DB6D145F6B67757AD6C	npm:node_modules/decimal.js	HASHED	PACKAGED_LICENSE_FILE
npm	dequal	2.0.3	license	306FA513E39B23A6E8747520DE761809D206B99800EF41907B530226574C59AE	npm:node_modules/dequal	HASHED	PACKAGED_LICENSE_FILE
npm	detect-libc	2.1.2	LICENSE	B40930BBCF80744C86C46A12BC9DA056641D722716C378F5659B9E555EF833E1	npm:node_modules/detect-libc	HASHED	PACKAGED_LICENSE_FILE
npm	dom-accessibility-api	0.5.16	LICENSE.md	0FFE67FE630169DE46DF2D29DC18F5857B4C98F0F95B0CD9E3C21FEF51F9A9B8	npm:node_modules/dom-accessibility-api	HASHED	PACKAGED_LICENSE_FILE
npm	entities	8.0.0	LICENSE	CB992345949CCD6E8394B2CD6C465F7B897C864F845937DBF64E8997F389E164	npm:node_modules/entities	HASHED	PACKAGED_LICENSE_FILE
npm	es-module-lexer	2.3.1	LICENSE	8A4B6C44EEBFB026D23719A348145A661A555568DBFDC11618FF2D0DD9306B00	npm:node_modules/es-module-lexer	HASHED	PACKAGED_LICENSE_FILE
npm	estree-walker	3.0.3	LICENSE	8A6DCBABE7179F9C8489C08A7D874D0F1E093AE7449E03756CCF87CB9D0E296E	npm:node_modules/estree-walker	HASHED	PACKAGED_LICENSE_FILE
npm	expect-type	1.4.0	LICENSE	7C6CC83C84EAA249A85BF12FE3EEDD831BB50C696E8890B5248223AE68C7B408	npm:node_modules/expect-type	HASHED	PACKAGED_LICENSE_FILE
npm	fdir	6.5.0	LICENSE	9A39F2AADAB11A3697EDD668FF2D8AD885B649737B7AB4D3BF12B34E5ADA0C86	npm:node_modules/fdir	HASHED	PACKAGED_LICENSE_FILE
npm	fsevents	2.3.2	LICENSE	2A8A5D6197BB97A018B8A190DD3ED853D750CA87C8E80C17AAD41D6C6FF448E1	npm:node_modules/fsevents	HASHED	PACKAGED_LICENSE_FILE
npm	fsevents	2.3.3	LICENSE	2A8A5D6197BB97A018B8A190DD3ED853D750CA87C8E80C17AAD41D6C6FF448E1	npm:node_modules/vite/node_modules/fsevents	HASHED	PACKAGED_LICENSE_FILE
npm	html-encoding-sniffer	6.0.0	LICENSE.txt	528EEC83CB836A0ADDA9F8FC3D6A2A70A710D6CC0BE9A155F92212C8DF28ACFA	npm:node_modules/html-encoding-sniffer	HASHED	PACKAGED_LICENSE_FILE
npm	html-parse-stringify	3.0.1	NO_PACKAGED_LICENSE_FILE	NOT_APPLICABLE	npm:node_modules/html-parse-stringify	ABSENT_WITH_EXPLICIT_DECISION	NO_LICENSE_FILE_IN_VERIFIED_PACKAGE_ARCHIVE
npm	i18next	26.3.6	LICENSE	1CD0A2B02A6CC40EF8EE16310D13EEFFDD7B5DE4A562FD3EE7C921D8EB54F60A	npm:node_modules/i18next	HASHED	PACKAGED_LICENSE_FILE
npm	is-potential-custom-element-name	1.0.1	LICENSE-MIT.txt	483ACB265F182907D1CAF6CFF9C16C96F31325ED23792832CC5D8B12D5F88C8A	npm:node_modules/is-potential-custom-element-name	HASHED	PACKAGED_LICENSE_FILE
npm	js-tokens	4.0.0	LICENSE	2213D91C606205C71EB051A199478CDC2ADDE945893404D7F1421436DD6D5CC1	npm:node_modules/js-tokens	HASHED	PACKAGED_LICENSE_FILE
npm	jsdom	29.1.1	LICENSE.txt	242D37E7CAB25CBAFC36CC973EE88F9345FDDF066AFE4F72B7AC3D9AD4E24CCE	npm:node_modules/jsdom	HASHED	PACKAGED_LICENSE_FILE
npm	lightningcss	1.32.0	LICENSE	5EBA353FE5076AC3432177F8AB1CF75E3AFCD0584251E37C3BFEAD5F447D040E	npm:node_modules/lightningcss	HASHED	PACKAGED_LICENSE_FILE
npm	lightningcss-android-arm64	1.32.0	LICENSE	5EBA353FE5076AC3432177F8AB1CF75E3AFCD0584251E37C3BFEAD5F447D040E	npm:node_modules/lightningcss-android-arm64	HASHED	PACKAGED_LICENSE_FILE
npm	lightningcss-darwin-arm64	1.32.0	LICENSE	5EBA353FE5076AC3432177F8AB1CF75E3AFCD0584251E37C3BFEAD5F447D040E	npm:node_modules/lightningcss-darwin-arm64	HASHED	PACKAGED_LICENSE_FILE
npm	lightningcss-darwin-x64	1.32.0	LICENSE	5EBA353FE5076AC3432177F8AB1CF75E3AFCD0584251E37C3BFEAD5F447D040E	npm:node_modules/lightningcss-darwin-x64	HASHED	PACKAGED_LICENSE_FILE
npm	lightningcss-freebsd-x64	1.32.0	LICENSE	5EBA353FE5076AC3432177F8AB1CF75E3AFCD0584251E37C3BFEAD5F447D040E	npm:node_modules/lightningcss-freebsd-x64	HASHED	PACKAGED_LICENSE_FILE
npm	lightningcss-linux-arm-gnueabihf	1.32.0	LICENSE	5EBA353FE5076AC3432177F8AB1CF75E3AFCD0584251E37C3BFEAD5F447D040E	npm:node_modules/lightningcss-linux-arm-gnueabihf	HASHED	PACKAGED_LICENSE_FILE
npm	lightningcss-linux-arm64-gnu	1.32.0	LICENSE	5EBA353FE5076AC3432177F8AB1CF75E3AFCD0584251E37C3BFEAD5F447D040E	npm:node_modules/lightningcss-linux-arm64-gnu	HASHED	PACKAGED_LICENSE_FILE
npm	lightningcss-linux-arm64-musl	1.32.0	LICENSE	5EBA353FE5076AC3432177F8AB1CF75E3AFCD0584251E37C3BFEAD5F447D040E	npm:node_modules/lightningcss-linux-arm64-musl	HASHED	PACKAGED_LICENSE_FILE
npm	lightningcss-linux-x64-gnu	1.32.0	LICENSE	5EBA353FE5076AC3432177F8AB1CF75E3AFCD0584251E37C3BFEAD5F447D040E	npm:node_modules/lightningcss-linux-x64-gnu	HASHED	PACKAGED_LICENSE_FILE
npm	lightningcss-linux-x64-musl	1.32.0	LICENSE	5EBA353FE5076AC3432177F8AB1CF75E3AFCD0584251E37C3BFEAD5F447D040E	npm:node_modules/lightningcss-linux-x64-musl	HASHED	PACKAGED_LICENSE_FILE
npm	lightningcss-win32-arm64-msvc	1.32.0	LICENSE	5EBA353FE5076AC3432177F8AB1CF75E3AFCD0584251E37C3BFEAD5F447D040E	npm:node_modules/lightningcss-win32-arm64-msvc	HASHED	PACKAGED_LICENSE_FILE
npm	lightningcss-win32-x64-msvc	1.32.0	LICENSE	5EBA353FE5076AC3432177F8AB1CF75E3AFCD0584251E37C3BFEAD5F447D040E	npm:node_modules/lightningcss-win32-x64-msvc	HASHED	PACKAGED_LICENSE_FILE
npm	lru-cache	11.5.2	LICENSE.md	8A1AF140FDFBF5AFD3DF27F7E662F989C5B963A300020DFAFCE42033CAE9E004	npm:node_modules/lru-cache	HASHED	PACKAGED_LICENSE_FILE
npm	lz-string	1.5.0	LICENSE	433FC9DFE659DBFB1E91EED8351F13651E97BFA3AC6D03394C3D63F61D4BBC80	npm:node_modules/lz-string	HASHED	PACKAGED_LICENSE_FILE
npm	magic-string	0.30.21	LICENSE	1CBE51B907662F6CB1492B16C359384A595180BF0E4D101603ED525E75C4E484	npm:node_modules/magic-string	HASHED	PACKAGED_LICENSE_FILE
npm	mdn-data	2.27.1	LICENSE	36FFD9DC085D529A7E60E1276D73AE5A030B020313E6C5408593A6AE2AF39673	npm:node_modules/mdn-data	HASHED	PACKAGED_LICENSE_FILE
npm	nanoid	3.3.16	LICENSE	DA4DB1480D9BEEA3483A2EDA5C53B22238D0827D57DA162B48F122E04D2D9987	npm:node_modules/nanoid	HASHED	PACKAGED_LICENSE_FILE
npm	obug	2.1.3	LICENSE	EE48679D379CA6B4493D5E231094D85F818DD9BE40B1A4F234FB7FF657EE35D9	npm:node_modules/obug	HASHED	PACKAGED_LICENSE_FILE
npm	parse5	8.0.1	LICENSE	8C535800331E1E4439835555B3F9EDC7FE9DEE2FAB0D8BBBD5A982E8B8343D4D	npm:node_modules/parse5	HASHED	PACKAGED_LICENSE_FILE
npm	pathe	2.0.3	LICENSE	52E92576851154BAD7737E90CC72818936F43665CB0E3F7428ED8EDC8CC5709B	npm:node_modules/pathe	HASHED	PACKAGED_LICENSE_FILE
npm	picocolors	1.1.1	LICENSE	6582629E2979466878F6014313DCC2F3756C9616148682227CE3063DDE310750	npm:node_modules/picocolors	HASHED	PACKAGED_LICENSE_FILE
npm	picomatch	4.0.5	LICENSE	D0CD141B0C322FDED5DFAD1D4645BB2FEDFC05B7321FE1009469638190D59EF9	npm:node_modules/picomatch	HASHED	PACKAGED_LICENSE_FILE
npm	playwright	1.61.1	LICENSE	45873D00A0DD243596DEB4AA23B2493B3D1F0671921BF2538EA431D7380220EB	npm:node_modules/playwright	HASHED	PACKAGED_LICENSE_FILE
npm	playwright	1.61.1	NOTICE	6D602191187B35B9B01D2CFFA01C8469C2C8D9DE8A96F1BF868E0F264F51C81D	npm:node_modules/playwright	HASHED	PACKAGED_LICENSE_FILE
npm	playwright-core	1.61.1	LICENSE	45873D00A0DD243596DEB4AA23B2493B3D1F0671921BF2538EA431D7380220EB	npm:node_modules/playwright-core	HASHED	PACKAGED_LICENSE_FILE
npm	playwright-core	1.61.1	NOTICE	6D602191187B35B9B01D2CFFA01C8469C2C8D9DE8A96F1BF868E0F264F51C81D	npm:node_modules/playwright-core	HASHED	PACKAGED_LICENSE_FILE
npm	postcss	8.5.19	LICENSE	5BE1F3465BBA68A626777F984878814AAF35E7EF8E9FD314D469BCF887050FB8	npm:node_modules/postcss	HASHED	PACKAGED_LICENSE_FILE
npm	pretty-format	27.5.1	LICENSE	52412D7BC7CE4157EA628BBAACB8829E0A9CB3C58F57F99176126BC8CF2BFC85	npm:node_modules/pretty-format	HASHED	PACKAGED_LICENSE_FILE
npm	punycode	2.3.1	LICENSE-MIT.txt	483ACB265F182907D1CAF6CFF9C16C96F31325ED23792832CC5D8B12D5F88C8A	npm:node_modules/punycode	HASHED	PACKAGED_LICENSE_FILE
npm	react	19.2.7	LICENSE	DA6D3703ED11CBE42BD212C725957C98DA23CBFF1998C05FA4B3D976D1A58E93	npm:node_modules/react	HASHED	PACKAGED_LICENSE_FILE
npm	react-dom	19.2.7	LICENSE	DA6D3703ED11CBE42BD212C725957C98DA23CBFF1998C05FA4B3D976D1A58E93	npm:node_modules/react-dom	HASHED	PACKAGED_LICENSE_FILE
npm	react-i18next	17.0.9	LICENSE	29B8AE456EF442E53A98DF183AD088CF98C2ECE73AA84C462330C43E665B8AB2	npm:node_modules/react-i18next	HASHED	PACKAGED_LICENSE_FILE
npm	react-is	17.0.2	LICENSE	52412D7BC7CE4157EA628BBAACB8829E0A9CB3C58F57F99176126BC8CF2BFC85	npm:node_modules/react-is	HASHED	PACKAGED_LICENSE_FILE
npm	react-router	7.18.1	LICENSE.md	77C9EE6A9C5D5782FB0C50B50D101189116314C14F7DF0A1B0D385FC96A7BA49	npm:node_modules/react-router	HASHED	PACKAGED_LICENSE_FILE
npm	react-router-dom	7.18.1	LICENSE.md	77C9EE6A9C5D5782FB0C50B50D101189116314C14F7DF0A1B0D385FC96A7BA49	npm:node_modules/react-router-dom	HASHED	PACKAGED_LICENSE_FILE
npm	require-from-string	2.0.2	license	6EE0FEB1F6EF996FF5A68600F8CF98909CF412D39EF3CDCEAEFD87D636FA1B7F	npm:node_modules/require-from-string	HASHED	PACKAGED_LICENSE_FILE
npm	rolldown	1.1.5	LICENSE	23ECFFF35A5A2E80D92142F75228912C3B1ABC4B5A8337A821FF4397E2F9F734	npm:node_modules/rolldown	HASHED	PACKAGED_LICENSE_FILE
npm	saxes	6.0.0	NO_PACKAGED_LICENSE_FILE	NOT_APPLICABLE	npm:node_modules/saxes	ABSENT_WITH_EXPLICIT_DECISION	NO_LICENSE_FILE_IN_VERIFIED_PACKAGE_ARCHIVE
npm	scheduler	0.27.0	LICENSE	DA6D3703ED11CBE42BD212C725957C98DA23CBFF1998C05FA4B3D976D1A58E93	npm:node_modules/scheduler	HASHED	PACKAGED_LICENSE_FILE
npm	set-cookie-parser	2.7.2	LICENSE	C5C6C5183A789D122F267C405F685037EFB87E27FCDE28AB1DD7378A2D2F5962	npm:node_modules/set-cookie-parser	HASHED	PACKAGED_LICENSE_FILE
npm	siginfo	2.0.0	LICENSE	3BDDDF0B9B08AAA2FE4365B803FC958ED32C0597CA0BD727BE8D9FCB8B248D18	npm:node_modules/siginfo	HASHED	PACKAGED_LICENSE_FILE
npm	source-map-js	1.2.1	LICENSE	6CB0631F71C7749763FD3DD1D5BEE52DD1070EC17F2EDC1710079AD070BD2FBD	npm:node_modules/source-map-js	HASHED	PACKAGED_LICENSE_FILE
npm	stackback	0.0.2	NO_PACKAGED_LICENSE_FILE	NOT_APPLICABLE	npm:node_modules/stackback	ABSENT_WITH_EXPLICIT_DECISION	NO_LICENSE_FILE_IN_VERIFIED_PACKAGE_ARCHIVE
npm	std-env	4.2.0	LICENCE	A6F36438E46FB911859F3B9C4CAD045BA64E1AF3D8F4512C60258FA2D7552D28	npm:node_modules/std-env	HASHED	PACKAGED_LICENSE_FILE
npm	symbol-tree	3.2.4	LICENSE	9EA1ECCDABE469767A9EDB9249A840B2461CF91B2434BF8A3E2FC1F414311CB1	npm:node_modules/symbol-tree	HASHED	PACKAGED_LICENSE_FILE
npm	tinybench	2.9.0	LICENSE	CEBC084D54E6DD99E53292DDB4BC1CDB63D9BFCD9CE438FE3AA6EB106D79E2EA	npm:node_modules/tinybench	HASHED	PACKAGED_LICENSE_FILE
npm	tinyexec	1.2.4	LICENSE	F95F668FE64081DDB4153B322E34FDD719B991285ED08177D5AD7133B7988D92	npm:node_modules/tinyexec	HASHED	PACKAGED_LICENSE_FILE
npm	tinyglobby	0.2.17	LICENSE	22C68811E174CBBFB3813D4135918DF4F540959C14D872E601D9ABE83D3CDE8F	npm:node_modules/tinyglobby	HASHED	PACKAGED_LICENSE_FILE
npm	tinyrainbow	3.1.0	LICENCE	CEBC084D54E6DD99E53292DDB4BC1CDB63D9BFCD9CE438FE3AA6EB106D79E2EA	npm:node_modules/tinyrainbow	HASHED	PACKAGED_LICENSE_FILE
npm	tldts	7.4.8	LICENSE	C64182D48160DB948B6AA97A984F1A32974CE4D2053900361264CD33853796CB	npm:node_modules/tldts	HASHED	PACKAGED_LICENSE_FILE
npm	tldts-core	7.4.8	LICENSE	C64182D48160DB948B6AA97A984F1A32974CE4D2053900361264CD33853796CB	npm:node_modules/tldts-core	HASHED	PACKAGED_LICENSE_FILE
npm	tough-cookie	6.0.2	LICENSE	22EC6791C91BA42C0516A05F4CBDDE019AAE4687F8A38C5CA7E8A69EE68F851D	npm:node_modules/tough-cookie	HASHED	PACKAGED_LICENSE_FILE
npm	tr46	6.0.0	LICENSE.md	499D6D466D064E0460427967A344E2A32FCB86EA8C6CD1A285EC4F1FA03FBA67	npm:node_modules/tr46	HASHED	PACKAGED_LICENSE_FILE
npm	tslib	2.8.1	LICENSE.txt	210B19E543130388C68654B7497E967119CE17145F66AB7D85688FBD70F08751	npm:node_modules/tslib	HASHED	PACKAGED_LICENSE_FILE
npm	typescript	7.0.2	LICENSE	A7D00BFD54525BC694B6E32F64C7EBCF5E6B7AE3657BE5CC12767BCE74654A47	npm:node_modules/typescript	HASHED	PACKAGED_LICENSE_FILE
npm	typescript	7.0.2	NOTICE.txt	F5C708B59114507B8B27B48181B6883D106BBCA0C1634BBEE45B5E344237B66B	npm:node_modules/typescript	HASHED	PACKAGED_LICENSE_FILE
npm	undici	7.28.0	LICENSE	A6DB8096B2707BC0102D256917D4D33F298BA36D8C3F25DE067A2B5BB379DB27	npm:node_modules/undici	HASHED	PACKAGED_LICENSE_FILE
npm	undici-types	7.28.0	LICENSE	A6DB8096B2707BC0102D256917D4D33F298BA36D8C3F25DE067A2B5BB379DB27	npm:node_modules/undici-types	HASHED	PACKAGED_LICENSE_FILE
npm	undici-types	8.3.0	LICENSE	A6DB8096B2707BC0102D256917D4D33F298BA36D8C3F25DE067A2B5BB379DB27	npm:node_modules/@types/node/node_modules/undici-types	HASHED	PACKAGED_LICENSE_FILE
npm	use-sync-external-store	1.6.0	LICENSE	DA6D3703ED11CBE42BD212C725957C98DA23CBFF1998C05FA4B3D976D1A58E93	npm:node_modules/use-sync-external-store	HASHED	PACKAGED_LICENSE_FILE
npm	vite	8.1.4	LICENSE.md	B1D741C26B53DE1BBC0D4D7D3365B79888F9FE511527544A8A7B8E24DEC43147	npm:node_modules/vite	HASHED	PACKAGED_LICENSE_FILE
npm	vitest	4.1.10	LICENSE.md	881D660C26831481B697E39724D4A35C9F86E07B67156D4AEB693A0B39910435	npm:node_modules/vitest	HASHED	PACKAGED_LICENSE_FILE
npm	void-elements	3.1.0	LICENSE	405A272EAEF556691AD7DDA96DB3237C9544AFE18725842A1A5B3EC308960222	npm:node_modules/void-elements	HASHED	PACKAGED_LICENSE_FILE
npm	w3c-xmlserializer	5.0.0	LICENSE.md	AB654DE803CDAA9E2819AB2E934BDF7F757E308649EC231D78E80E92425CDC34	npm:node_modules/w3c-xmlserializer	HASHED	PACKAGED_LICENSE_FILE
npm	webidl-conversions	8.0.1	LICENSE.md	A889CC4DBEE2AE172C179856B25D75B0B7A5A136E1B97109B9B590B2FF1A879C	npm:node_modules/webidl-conversions	HASHED	PACKAGED_LICENSE_FILE
npm	whatwg-mimetype	5.0.0	LICENSE.txt	528EEC83CB836A0ADDA9F8FC3D6A2A70A710D6CC0BE9A155F92212C8DF28ACFA	npm:node_modules/whatwg-mimetype	HASHED	PACKAGED_LICENSE_FILE
npm	whatwg-url	16.0.1	LICENSE.txt	DB480F236292A093E77A83C35431A8496624E1E664A3547768A9CE2BDDE39877	npm:node_modules/whatwg-url	HASHED	PACKAGED_LICENSE_FILE
npm	why-is-node-running	2.3.0	LICENSE	6A134E51AA31496C15A741592FC5D782B2DBF8D8B6B8524E15C8520AE0CD6374	npm:node_modules/why-is-node-running	HASHED	PACKAGED_LICENSE_FILE
npm	xml-name-validator	5.0.0	LICENSE.txt	A6CBA85BC92E0CFF7A450B1D873C0EAA2E9FC96BF472DF0247A26BEC77BF3FF9	npm:node_modules/xml-name-validator	HASHED	PACKAGED_LICENSE_FILE
npm	xmlchars	2.2.0	LICENSE	45D196313C2647D313CC65CA9B093D2D6974B64D35EE7346F2C60C9D518DFF2C	npm:node_modules/xmlchars	HASHED	PACKAGED_LICENSE_FILE
rust	adler2	2.0.1	LICENSE-0BSD	861399F8C21C042B110517E76DC6B63A2B334276C8CF17412FC3C8908CA8DC17	cargo:adler2@2.0.1:crates.io	HASHED	PACKAGED_LICENSE_FILE
rust	adler2	2.0.1	LICENSE-APACHE	8ADA45CD9F843ACF64E4722AE262C622A2B3B3007C7310EF36AC1061A30F6ADB	cargo:adler2@2.0.1:crates.io	HASHED	PACKAGED_LICENSE_FILE
rust	adler2	2.0.1	LICENSE-MIT	23F18E03DC49DF91622FE2A76176497404E46CED8A715D9D2B67A7446571CCA3	cargo:adler2@2.0.1:crates.io	HASHED	PACKAGED_LICENSE_FILE
rust	aho-corasick	1.1.4	COPYING	01C266BCED4A434DA0051174D6BEE16A4C82CF634E2679B6155D40D75012390F	cargo:aho-corasick@1.1.4:crates.io	HASHED	PACKAGED_LICENSE_FILE
rust	aho-corasick	1.1.4	LICENSE-MIT	0F96A83840E146E43C0EC96A22EC1F392E0680E6C1226E6F3BA87E0740AF850F	cargo:aho-corasick@1.1.4:crates.io	HASHED	PACKAGED_LICENSE_FILE
rust	aho-corasick	1.1.4	UNLICENSE	7E12E5DF4BAE12CB21581BA157CED20E1986A0508DD10D0E8A4AB9A4CF94E85C	cargo:aho-corasick@1.1.4:crates.io	HASHED	PACKAGED_LICENSE_FILE
rust	async-compression	0.4.42	LICENSE-APACHE	A60EEA817514531668D7E00765731449FE14D059D3249E0BC93B36DE45F759F2	cargo:async-compression@0.4.42:crates.io	HASHED	PACKAGED_LICENSE_FILE
rust	async-compression	0.4.42	LICENSE-MIT	88D1E3160DF48926AD3310A8EC5699B502889565908F1BE7E77CD21282C7A709	cargo:async-compression@0.4.42:crates.io	HASHED	PACKAGED_LICENSE_FILE
rust	atomic-waker	1.1.2	LICENSE-APACHE	A60EEA817514531668D7E00765731449FE14D059D3249E0BC93B36DE45F759F2	cargo:atomic-waker@1.1.2:crates.io	HASHED	PACKAGED_LICENSE_FILE
rust	atomic-waker	1.1.2	LICENSE-MIT	23F18E03DC49DF91622FE2A76176497404E46CED8A715D9D2B67A7446571CCA3	cargo:atomic-waker@1.1.2:crates.io	HASHED	PACKAGED_LICENSE_FILE
rust	atomic-waker	1.1.2	LICENSE-THIRD-PARTY	6226D0632E2E1A80C23597E964DA9812AE193C535FE058154AFB034E94167AA5	cargo:atomic-waker@1.1.2:crates.io	HASHED	PACKAGED_LICENSE_FILE
rust	autocfg	1.5.1	LICENSE-APACHE	A60EEA817514531668D7E00765731449FE14D059D3249E0BC93B36DE45F759F2	cargo:autocfg@1.5.1:crates.io	HASHED	PACKAGED_LICENSE_FILE
rust	autocfg	1.5.1	LICENSE-MIT	27995D58AD5C1145C1A8CD86244CE844886958A35EB2B78C6B772748669999AC	cargo:autocfg@1.5.1:crates.io	HASHED	PACKAGED_LICENSE_FILE
rust	aws-lc-rs	1.17.1	LICENSE	B50B376E7D24A0598488B730C3034FFCD0B58DD36C0913A24B9903A3CFD04BF7	cargo:aws-lc-rs@1.17.1:crates.io	HASHED	PACKAGED_LICENSE_FILE
rust	aws-lc-sys	0.42.0	LICENSE	728536B4160E051F86D7C9C388F704866B3D512CD7DF97AC3516C65279523C4E	cargo:aws-lc-sys@0.42.0:crates.io	HASHED	PACKAGED_LICENSE_FILE
rust	axum	0.8.9	LICENSE	6A13BC24A100A6812F053879EC51B126B103AF7CDA6DBF48C4188722DA44DA9F	cargo:axum@0.8.9:crates.io	HASHED	PACKAGED_LICENSE_FILE
rust	axum-core	0.5.6	LICENSE	008C87AFCD2E626EAF564093250BED06DD7EFB5732113264BBA3DDA8F1C556A1	cargo:axum-core@0.5.6:crates.io	HASHED	PACKAGED_LICENSE_FILE
rust	base64	0.22.1	LICENSE-APACHE	A60EEA817514531668D7E00765731449FE14D059D3249E0BC93B36DE45F759F2	cargo:base64@0.22.1:crates.io	HASHED	PACKAGED_LICENSE_FILE
rust	base64	0.22.1	LICENSE-MIT	0DD882E53DE11566D50F8E8E2D5A651BCF3FABEE4987D70F306233CF39094BA7	cargo:base64@0.22.1:crates.io	HASHED	PACKAGED_LICENSE_FILE
rust	bit-set	0.8.0	LICENSE-APACHE	8173D5C29B4F956D532781D2B86E4E30F83E6B7878DCE18C919451D6BA707C90	cargo:bit-set@0.8.0:crates.io	HASHED	PACKAGED_LICENSE_FILE
rust	bit-set	0.8.0	LICENSE-MIT	F51AC2C59A222F7476CE507CA879960E2B64EA64BB2786EEFDBEB7B0B538D1B7	cargo:bit-set@0.8.0:crates.io	HASHED	PACKAGED_LICENSE_FILE
rust	bit-vec	0.8.0	LICENSE-APACHE	8173D5C29B4F956D532781D2B86E4E30F83E6B7878DCE18C919451D6BA707C90	cargo:bit-vec@0.8.0:crates.io	HASHED	PACKAGED_LICENSE_FILE
rust	bit-vec	0.8.0	LICENSE-MIT	F51AC2C59A222F7476CE507CA879960E2B64EA64BB2786EEFDBEB7B0B538D1B7	cargo:bit-vec@0.8.0:crates.io	HASHED	PACKAGED_LICENSE_FILE
rust	bitflags	1.3.2	LICENSE-APACHE	A60EEA817514531668D7E00765731449FE14D059D3249E0BC93B36DE45F759F2	cargo:bitflags@1.3.2:crates.io	HASHED	PACKAGED_LICENSE_FILE
rust	bitflags	1.3.2	LICENSE-MIT	6485B8ED310D3F0340BF1AD1F47645069CE4069DCC6BB46C7D5C6FAF41DE1FDB	cargo:bitflags@1.3.2:crates.io	HASHED	PACKAGED_LICENSE_FILE
rust	bitflags	2.13.0	LICENSE-APACHE	A60EEA817514531668D7E00765731449FE14D059D3249E0BC93B36DE45F759F2	cargo:bitflags@2.13.0:crates.io	HASHED	PACKAGED_LICENSE_FILE
rust	bitflags	2.13.0	LICENSE-MIT	6485B8ED310D3F0340BF1AD1F47645069CE4069DCC6BB46C7D5C6FAF41DE1FDB	cargo:bitflags@2.13.0:crates.io	HASHED	PACKAGED_LICENSE_FILE
rust	block-buffer	0.10.4	LICENSE-APACHE	A9040321C3712D8FD0B09CF52B17445DE04A23A10165049AE187CD39E5C86BE5	cargo:block-buffer@0.10.4:crates.io	HASHED	PACKAGED_LICENSE_FILE
rust	block-buffer	0.10.4	LICENSE-MIT	D5C22AA3118D240E877AD41C5D9FA232F9C77D757D4AAC0C2F943AFC0A95E0EF	cargo:block-buffer@0.10.4:crates.io	HASHED	PACKAGED_LICENSE_FILE
rust	bumpalo	3.20.3	LICENSE-APACHE	A60EEA817514531668D7E00765731449FE14D059D3249E0BC93B36DE45F759F2	cargo:bumpalo@3.20.3:crates.io	HASHED	PACKAGED_LICENSE_FILE
rust	bumpalo	3.20.3	LICENSE-MIT	65F94E99DDAF4F5D1782A6DAE23F35D4293A9A01444A13135A6887017D353CEE	cargo:bumpalo@3.20.3:crates.io	HASHED	PACKAGED_LICENSE_FILE
rust	bytes	1.12.1	LICENSE	45F522CACECB1023856E46DF79CA625DFC550C94910078BD8AEC6E02880B3D42	cargo:bytes@1.12.1:crates.io	HASHED	PACKAGED_LICENSE_FILE
rust	cc	1.2.67	LICENSE-APACHE	A60EEA817514531668D7E00765731449FE14D059D3249E0BC93B36DE45F759F2	cargo:cc@1.2.67:crates.io	HASHED	PACKAGED_LICENSE_FILE
rust	cc	1.2.67	LICENSE-MIT	378F5840B258E2779C39418F3F2D7B2BA96F1C7917DD6BE0713F88305DBDA397	cargo:cc@1.2.67:crates.io	HASHED	PACKAGED_LICENSE_FILE
rust	cfg-if	1.0.4	LICENSE-APACHE	A60EEA817514531668D7E00765731449FE14D059D3249E0BC93B36DE45F759F2	cargo:cfg-if@1.0.4:crates.io	HASHED	PACKAGED_LICENSE_FILE
rust	cfg-if	1.0.4	LICENSE-MIT	378F5840B258E2779C39418F3F2D7B2BA96F1C7917DD6BE0713F88305DBDA397	cargo:cfg-if@1.0.4:crates.io	HASHED	PACKAGED_LICENSE_FILE
rust	cfg_aliases	0.2.1	LICENSE	31B94860253D8EC7B4529F51901044D3B459D6292D996504A36B1BAE3A36A812	cargo:cfg_aliases@0.2.1:crates.io	HASHED	PACKAGED_LICENSE_FILE
rust	chacha20	0.10.1	LICENSE-APACHE	A9040321C3712D8FD0B09CF52B17445DE04A23A10165049AE187CD39E5C86BE5	cargo:chacha20@0.10.1:crates.io	HASHED	PACKAGED_LICENSE_FILE
rust	chacha20	0.10.1	LICENSE-MIT	B8C6939380A400F53E11923D50FCC4DD2FA1BA8339FD9D04CDA38A0251B6C9B0	cargo:chacha20@0.10.1:crates.io	HASHED	PACKAGED_LICENSE_FILE
rust	cmake	0.1.58	LICENSE-APACHE	A60EEA817514531668D7E00765731449FE14D059D3249E0BC93B36DE45F759F2	cargo:cmake@0.1.58:crates.io	HASHED	PACKAGED_LICENSE_FILE
rust	cmake	0.1.58	LICENSE-MIT	378F5840B258E2779C39418F3F2D7B2BA96F1C7917DD6BE0713F88305DBDA397	cargo:cmake@0.1.58:crates.io	HASHED	PACKAGED_LICENSE_FILE
rust	combine	4.6.7	LICENSE	9BBC1B3DC4674A9EBB12C2A62F54FE3C08672539717F8D05828F684B6CC419A3	cargo:combine@4.6.7:crates.io	HASHED	PACKAGED_LICENSE_FILE
rust	compression-codecs	0.4.38	LICENSE-APACHE	A60EEA817514531668D7E00765731449FE14D059D3249E0BC93B36DE45F759F2	cargo:compression-codecs@0.4.38:crates.io	HASHED	PACKAGED_LICENSE_FILE
rust	compression-codecs	0.4.38	LICENSE-MIT	88D1E3160DF48926AD3310A8EC5699B502889565908F1BE7E77CD21282C7A709	cargo:compression-codecs@0.4.38:crates.io	HASHED	PACKAGED_LICENSE_FILE
rust	compression-core	0.4.32	LICENSE-APACHE	A60EEA817514531668D7E00765731449FE14D059D3249E0BC93B36DE45F759F2	cargo:compression-core@0.4.32:crates.io	HASHED	PACKAGED_LICENSE_FILE
rust	compression-core	0.4.32	LICENSE-MIT	88D1E3160DF48926AD3310A8EC5699B502889565908F1BE7E77CD21282C7A709	cargo:compression-core@0.4.32:crates.io	HASHED	PACKAGED_LICENSE_FILE
rust	core-foundation	0.10.1	LICENSE-APACHE	A60EEA817514531668D7E00765731449FE14D059D3249E0BC93B36DE45F759F2	cargo:core-foundation@0.10.1:crates.io	HASHED	PACKAGED_LICENSE_FILE
rust	core-foundation	0.10.1	LICENSE-MIT	62065228E42CAEBCA7E7D7DB1204CBB867033DE5982CA4009928915E4095F3A3	cargo:core-foundation@0.10.1:crates.io	HASHED	PACKAGED_LICENSE_FILE
rust	core-foundation-sys	0.8.7	LICENSE-APACHE	A60EEA817514531668D7E00765731449FE14D059D3249E0BC93B36DE45F759F2	cargo:core-foundation-sys@0.8.7:crates.io	HASHED	PACKAGED_LICENSE_FILE
rust	core-foundation-sys	0.8.7	LICENSE-MIT	62065228E42CAEBCA7E7D7DB1204CBB867033DE5982CA4009928915E4095F3A3	cargo:core-foundation-sys@0.8.7:crates.io	HASHED	PACKAGED_LICENSE_FILE
rust	cpufeatures	0.2.17	LICENSE-APACHE	A9040321C3712D8FD0B09CF52B17445DE04A23A10165049AE187CD39E5C86BE5	cargo:cpufeatures@0.2.17:crates.io	HASHED	PACKAGED_LICENSE_FILE
rust	cpufeatures	0.2.17	LICENSE-MIT	AE9BAA7BEEA910273C2F384C2A6B721FB7BD02BDA3436074A1072E4EE689F985	cargo:cpufeatures@0.2.17:crates.io	HASHED	PACKAGED_LICENSE_FILE
rust	cpufeatures	0.3.0	LICENSE-APACHE	A9040321C3712D8FD0B09CF52B17445DE04A23A10165049AE187CD39E5C86BE5	cargo:cpufeatures@0.3.0:crates.io	HASHED	PACKAGED_LICENSE_FILE
rust	cpufeatures	0.3.0	LICENSE-MIT	AE9BAA7BEEA910273C2F384C2A6B721FB7BD02BDA3436074A1072E4EE689F985	cargo:cpufeatures@0.3.0:crates.io	HASHED	PACKAGED_LICENSE_FILE
rust	crc32fast	1.5.0	LICENSE-APACHE	C6596EB7BE8581C18BE736C846FB9173B69ECCF6EF94C5135893EC56BD92BA08	cargo:crc32fast@1.5.0:crates.io	HASHED	PACKAGED_LICENSE_FILE
rust	crc32fast	1.5.0	LICENSE-MIT	61D383B05B87D78F94D2937E2580CCE47226D17823C0430FBCAD09596537EFCF	cargo:crc32fast@1.5.0:crates.io	HASHED	PACKAGED_LICENSE_FILE
rust	crypto-common	0.1.7	LICENSE-APACHE	A9040321C3712D8FD0B09CF52B17445DE04A23A10165049AE187CD39E5C86BE5	cargo:crypto-common@0.1.7:crates.io	HASHED	PACKAGED_LICENSE_FILE
rust	crypto-common	0.1.7	LICENSE-MIT	3521672491A3479422D5FE1ACA6645DD2984090F85DA6E5205ABFB18FB7A6897	cargo:crypto-common@0.1.7:crates.io	HASHED	PACKAGED_LICENSE_FILE
rust	data-encoding	2.11.0	LICENSE	B68AD1A3367B825447089E1F8D6829B97F47A89EB78D2F4EBAEF4672F5606186	cargo:data-encoding@2.11.0:crates.io	HASHED	PACKAGED_LICENSE_FILE
rust	defmt	1.1.1	LICENSE-APACHE	8173D5C29B4F956D532781D2B86E4E30F83E6B7878DCE18C919451D6BA707C90	cargo:defmt@1.1.1:crates.io	HASHED	PACKAGED_LICENSE_FILE
rust	defmt	1.1.1	LICENSE-MIT	2710A622A896BBA67356913D4D0492CAB5465F61B2ECCE6D880AEB483834FB50	cargo:defmt@1.1.1:crates.io	HASHED	PACKAGED_LICENSE_FILE
rust	defmt-macros	1.1.1	LICENSE-APACHE	8173D5C29B4F956D532781D2B86E4E30F83E6B7878DCE18C919451D6BA707C90	cargo:defmt-macros@1.1.1:crates.io	HASHED	PACKAGED_LICENSE_FILE
rust	defmt-macros	1.1.1	LICENSE-MIT	2710A622A896BBA67356913D4D0492CAB5465F61B2ECCE6D880AEB483834FB50	cargo:defmt-macros@1.1.1:crates.io	HASHED	PACKAGED_LICENSE_FILE
rust	defmt-parser	1.0.0	NO_PACKAGED_LICENSE_FILE	NOT_APPLICABLE	cargo:defmt-parser@1.0.0:crates.io	ABSENT_WITH_EXPLICIT_DECISION	NO_LICENSE_FILE_IN_VERIFIED_PACKAGE_ARCHIVE
rust	deranged	0.5.8	LICENSE-Apache	EDD65BDD88957A205C47D53FA499EED8865A70320F0F03F6391668CB304EA376	cargo:deranged@0.5.8:crates.io	HASHED	PACKAGED_LICENSE_FILE
rust	deranged	0.5.8	LICENSE-MIT	231C837C45EB53F108FB48929E488965BC4FCC14E9EA21D35F50E6B99D98685B	cargo:deranged@0.5.8:crates.io	HASHED	PACKAGED_LICENSE_FILE
rust	digest	0.10.7	LICENSE-APACHE	A9040321C3712D8FD0B09CF52B17445DE04A23A10165049AE187CD39E5C86BE5	cargo:digest@0.10.7:crates.io	HASHED	PACKAGED_LICENSE_FILE
rust	digest	0.10.7	LICENSE-MIT	9E0DFD2DD4173A530E238CB6ADB37AA78C34C6BC7444E0E10C1AB5D8881F63BA	cargo:digest@0.10.7:crates.io	HASHED	PACKAGED_LICENSE_FILE
rust	displaydoc	0.2.6	LICENSE-APACHE	A60EEA817514531668D7E00765731449FE14D059D3249E0BC93B36DE45F759F2	cargo:displaydoc@0.2.6:crates.io	HASHED	PACKAGED_LICENSE_FILE
rust	displaydoc	0.2.6	LICENSE-MIT	23F18E03DC49DF91622FE2A76176497404E46CED8A715D9D2B67A7446571CCA3	cargo:displaydoc@0.2.6:crates.io	HASHED	PACKAGED_LICENSE_FILE
rust	dunce	1.0.5	LICENSE	A2010F343487D3F7618AFFE54F789F5487602331C0A8D03F49E9A7C547CF0499	cargo:dunce@1.0.5:crates.io	HASHED	PACKAGED_LICENSE_FILE
rust	errno	0.3.14	LICENSE-APACHE	A60EEA817514531668D7E00765731449FE14D059D3249E0BC93B36DE45F759F2	cargo:errno@0.3.14:crates.io	HASHED	PACKAGED_LICENSE_FILE
rust	errno	0.3.14	LICENSE-MIT	8764A597675778DDFD4E25F81B08A05DBCF089AC05662DF7613FE67F150E3AA2	cargo:errno@0.3.14:crates.io	HASHED	PACKAGED_LICENSE_FILE
rust	fallible-iterator	0.3.0	LICENSE-APACHE	C6596EB7BE8581C18BE736C846FB9173B69ECCF6EF94C5135893EC56BD92BA08	cargo:fallible-iterator@0.3.0:crates.io	HASHED	PACKAGED_LICENSE_FILE
rust	fallible-iterator	0.3.0	LICENSE-MIT	0816E154B159BA255C563F7C8C7DF5BBB8CC5FC96F5AB8CF9F4743B4F41FE7EB	cargo:fallible-iterator@0.3.0:crates.io	HASHED	PACKAGED_LICENSE_FILE
rust	fallible-streaming-iterator	0.1.9	LICENSE-APACHE	C6596EB7BE8581C18BE736C846FB9173B69ECCF6EF94C5135893EC56BD92BA08	cargo:fallible-streaming-iterator@0.1.9:crates.io	HASHED	PACKAGED_LICENSE_FILE
rust	fallible-streaming-iterator	0.1.9	LICENSE-MIT	8DCEC5569A9BE5B0E086C80FAED6F1AEFA670AF0EC29CECC2F714303096887E0	cargo:fallible-streaming-iterator@0.1.9:crates.io	HASHED	PACKAGED_LICENSE_FILE
rust	fastrand	2.4.1	LICENSE-APACHE	A60EEA817514531668D7E00765731449FE14D059D3249E0BC93B36DE45F759F2	cargo:fastrand@2.4.1:crates.io	HASHED	PACKAGED_LICENSE_FILE
rust	fastrand	2.4.1	LICENSE-MIT	23F18E03DC49DF91622FE2A76176497404E46CED8A715D9D2B67A7446571CCA3	cargo:fastrand@2.4.1:crates.io	HASHED	PACKAGED_LICENSE_FILE
rust	find-msvc-tools	0.1.9	LICENSE-APACHE	A60EEA817514531668D7E00765731449FE14D059D3249E0BC93B36DE45F759F2	cargo:find-msvc-tools@0.1.9:crates.io	HASHED	PACKAGED_LICENSE_FILE
rust	find-msvc-tools	0.1.9	LICENSE-MIT	378F5840B258E2779C39418F3F2D7B2BA96F1C7917DD6BE0713F88305DBDA397	cargo:find-msvc-tools@0.1.9:crates.io	HASHED	PACKAGED_LICENSE_FILE
rust	flate2	1.1.9	LICENSE-APACHE	A60EEA817514531668D7E00765731449FE14D059D3249E0BC93B36DE45F759F2	cargo:flate2@1.1.9:crates.io	HASHED	PACKAGED_LICENSE_FILE
rust	flate2	1.1.9	LICENSE-MIT	025436EDFF4CFCDDE17A5811FDEA78892D8482EFD1ABDEC5A17872D07A4F2112	cargo:flate2@1.1.9:crates.io	HASHED	PACKAGED_LICENSE_FILE
rust	form_urlencoded	1.2.2	LICENSE-APACHE	A60EEA817514531668D7E00765731449FE14D059D3249E0BC93B36DE45F759F2	cargo:form_urlencoded@1.2.2:crates.io	HASHED	PACKAGED_LICENSE_FILE
rust	form_urlencoded	1.2.2	LICENSE-MIT	20C7855C364D57EA4C97889A5E8D98470A9952DADE37BD9248B9A54431670E5E	cargo:form_urlencoded@1.2.2:crates.io	HASHED	PACKAGED_LICENSE_FILE
rust	fs_extra	1.3.0	LICENSE	251EA8CCB1205CE5FA847D6E264D6B6753AF62DE2CECF2FD9ABC0EB02C7C83FC	cargo:fs_extra@1.3.0:crates.io	HASHED	PACKAGED_LICENSE_FILE
rust	futures-channel	0.3.32	LICENSE-APACHE	275C491D6D1160553C32FD6127061D7F9606C3EA25ABFAD6CA3F6ED088785427	cargo:futures-channel@0.3.32:crates.io	HASHED	PACKAGED_LICENSE_FILE
rust	futures-channel	0.3.32	LICENSE-MIT	6652C868F35DFE5E8EF636810A4E576B9D663F3A17FB0F5613AD73583E1B88FD	cargo:futures-channel@0.3.32:crates.io	HASHED	PACKAGED_LICENSE_FILE
rust	futures-core	0.3.32	LICENSE-APACHE	275C491D6D1160553C32FD6127061D7F9606C3EA25ABFAD6CA3F6ED088785427	cargo:futures-core@0.3.32:crates.io	HASHED	PACKAGED_LICENSE_FILE
rust	futures-core	0.3.32	LICENSE-MIT	6652C868F35DFE5E8EF636810A4E576B9D663F3A17FB0F5613AD73583E1B88FD	cargo:futures-core@0.3.32:crates.io	HASHED	PACKAGED_LICENSE_FILE
rust	futures-sink	0.3.32	LICENSE-APACHE	275C491D6D1160553C32FD6127061D7F9606C3EA25ABFAD6CA3F6ED088785427	cargo:futures-sink@0.3.32:crates.io	HASHED	PACKAGED_LICENSE_FILE
rust	futures-sink	0.3.32	LICENSE-MIT	6652C868F35DFE5E8EF636810A4E576B9D663F3A17FB0F5613AD73583E1B88FD	cargo:futures-sink@0.3.32:crates.io	HASHED	PACKAGED_LICENSE_FILE
rust	futures-task	0.3.32	LICENSE-APACHE	275C491D6D1160553C32FD6127061D7F9606C3EA25ABFAD6CA3F6ED088785427	cargo:futures-task@0.3.32:crates.io	HASHED	PACKAGED_LICENSE_FILE
rust	futures-task	0.3.32	LICENSE-MIT	6652C868F35DFE5E8EF636810A4E576B9D663F3A17FB0F5613AD73583E1B88FD	cargo:futures-task@0.3.32:crates.io	HASHED	PACKAGED_LICENSE_FILE
rust	futures-util	0.3.32	LICENSE-APACHE	275C491D6D1160553C32FD6127061D7F9606C3EA25ABFAD6CA3F6ED088785427	cargo:futures-util@0.3.32:crates.io	HASHED	PACKAGED_LICENSE_FILE
rust	futures-util	0.3.32	LICENSE-MIT	6652C868F35DFE5E8EF636810A4E576B9D663F3A17FB0F5613AD73583E1B88FD	cargo:futures-util@0.3.32:crates.io	HASHED	PACKAGED_LICENSE_FILE
rust	generic-array	0.14.7	LICENSE	C09AAE9D3C77B531F56351A9947BC7446511D6B025B3255312D3E3442A9A7583	cargo:generic-array@0.14.7:crates.io	HASHED	PACKAGED_LICENSE_FILE
rust	getrandom	0.2.17	LICENSE-APACHE	AAFF376532EA30A0CD5330B9502AD4A4C8BF769C539C87FFE78819D188A18EBF	cargo:getrandom@0.2.17:crates.io	HASHED	PACKAGED_LICENSE_FILE
rust	getrandom	0.2.17	LICENSE-MIT	42FA16951CE7F24B5A467A40E5B449A1D41E662F97CA779864F053F39E097737	cargo:getrandom@0.2.17:crates.io	HASHED	PACKAGED_LICENSE_FILE
rust	getrandom	0.3.4	LICENSE-APACHE	AAFF376532EA30A0CD5330B9502AD4A4C8BF769C539C87FFE78819D188A18EBF	cargo:getrandom@0.3.4:crates.io	HASHED	PACKAGED_LICENSE_FILE
rust	getrandom	0.3.4	LICENSE-MIT	29E9FE5074BD27E0E5D5D110394FBBCD841BAEE2651A3C4B4560A632702CEDE4	cargo:getrandom@0.3.4:crates.io	HASHED	PACKAGED_LICENSE_FILE
rust	getrandom	0.4.3	LICENSE-APACHE	AAFF376532EA30A0CD5330B9502AD4A4C8BF769C539C87FFE78819D188A18EBF	cargo:getrandom@0.4.3:crates.io	HASHED	PACKAGED_LICENSE_FILE
rust	getrandom	0.4.3	LICENSE-MIT	523A42C25D245DDE9C015F882CEC7F4555AAD883382A6CF19B4B7D9B2CD5419B	cargo:getrandom@0.4.3:crates.io	HASHED	PACKAGED_LICENSE_FILE
rust	http	1.4.2	LICENSE-APACHE	8BB1B50B0E5C9399AE33BD35FAB2769010FA6C14E8860C729A52295D84896B7A	cargo:http@1.4.2:crates.io	HASHED	PACKAGED_LICENSE_FILE
rust	http	1.4.2	LICENSE-MIT	DC91F8200E4B2A1F9261035D4C18C33C246911A6C0F7B543D75347E61B249CFF	cargo:http@1.4.2:crates.io	HASHED	PACKAGED_LICENSE_FILE
rust	http-body	1.0.1	LICENSE	CDDABF8ADC6CCD6C3E68F5D71EAC9FAE3094116623CF23A46AF0A5FD6B8EE813	cargo:http-body@1.0.1:crates.io	HASHED	PACKAGED_LICENSE_FILE
rust	http-body-util	0.1.3	LICENSE	B843FB7430EFDF9732C834B6814BEDA44FCCF3F0DDF7C9E030B39DA17F6B159C	cargo:http-body-util@0.1.3:crates.io	HASHED	PACKAGED_LICENSE_FILE
rust	http-range-header	0.4.2	LICENSE	ED72515B08D7CE8A497E7CB8418A0C93F5B0A119349DB4F3B8A0DCF6CB76951A	cargo:http-range-header@0.4.2:crates.io	HASHED	PACKAGED_LICENSE_FILE
rust	httparse	1.10.1	LICENSE-APACHE	A60EEA817514531668D7E00765731449FE14D059D3249E0BC93B36DE45F759F2	cargo:httparse@1.10.1:crates.io	HASHED	PACKAGED_LICENSE_FILE
rust	httparse	1.10.1	LICENSE-MIT	391A5396CEC6230BFABD4EF4EB2350EB895BC5EFCE377A2218F5702ED020D3E3	cargo:httparse@1.10.1:crates.io	HASHED	PACKAGED_LICENSE_FILE
rust	httpdate	1.0.3	LICENSE-APACHE	4D10FE5F3AA176B05B229A248866BAD70B834C173F1252A814FF4748D8A13837	cargo:httpdate@1.0.3:crates.io	HASHED	PACKAGED_LICENSE_FILE
rust	httpdate	1.0.3	LICENSE-MIT	934887691E05D69D7C86AD3F2C360980FA30C15B035E351F3C9865E99DA4DEBC	cargo:httpdate@1.0.3:crates.io	HASHED	PACKAGED_LICENSE_FILE
rust	hyper	1.10.1	LICENSE	2D01890414494742BA4A509FCEC8EFA40F6D8BE22CBD72BE7CFF08D6FDA4EC89	cargo:hyper@1.10.1:crates.io	HASHED	PACKAGED_LICENSE_FILE
rust	hyper-rustls	0.27.9	LICENSE-APACHE	A60EEA817514531668D7E00765731449FE14D059D3249E0BC93B36DE45F759F2	cargo:hyper-rustls@0.27.9:crates.io	HASHED	PACKAGED_LICENSE_FILE
rust	hyper-rustls	0.27.9	LICENSE-ISC	7CFAFC877ECCC46C0E346CCBAA5C51BB6B894D2B818E617D970211E232785AD4	cargo:hyper-rustls@0.27.9:crates.io	HASHED	PACKAGED_LICENSE_FILE
rust	hyper-rustls	0.27.9	LICENSE-MIT	709E3175B4212F7B13AA93971C9F62FF8C69EC45AD8C6532A7E0C41D7A7D6F8C	cargo:hyper-rustls@0.27.9:crates.io	HASHED	PACKAGED_LICENSE_FILE
rust	hyper-util	0.1.20	LICENSE	9E0A97848EA543AEF745C98E84FDE696A9A3E0735538F6DAEFDD3CB1942EFFC1	cargo:hyper-util@0.1.20:crates.io	HASHED	PACKAGED_LICENSE_FILE
rust	icu_collections	2.2.0	LICENSE	F367C1B8E1AA262435251E442901DA4607B4650E0E63A026F5044473ECFB90F2	cargo:icu_collections@2.2.0:crates.io	HASHED	PACKAGED_LICENSE_FILE
rust	icu_locale_core	2.2.0	LICENSE	F367C1B8E1AA262435251E442901DA4607B4650E0E63A026F5044473ECFB90F2	cargo:icu_locale_core@2.2.0:crates.io	HASHED	PACKAGED_LICENSE_FILE
rust	icu_normalizer	2.2.0	LICENSE	F367C1B8E1AA262435251E442901DA4607B4650E0E63A026F5044473ECFB90F2	cargo:icu_normalizer@2.2.0:crates.io	HASHED	PACKAGED_LICENSE_FILE
rust	icu_normalizer_data	2.2.0	LICENSE	F367C1B8E1AA262435251E442901DA4607B4650E0E63A026F5044473ECFB90F2	cargo:icu_normalizer_data@2.2.0:crates.io	HASHED	PACKAGED_LICENSE_FILE
rust	icu_properties	2.2.0	LICENSE	F367C1B8E1AA262435251E442901DA4607B4650E0E63A026F5044473ECFB90F2	cargo:icu_properties@2.2.0:crates.io	HASHED	PACKAGED_LICENSE_FILE
rust	icu_properties_data	2.2.0	LICENSE	F367C1B8E1AA262435251E442901DA4607B4650E0E63A026F5044473ECFB90F2	cargo:icu_properties_data@2.2.0:crates.io	HASHED	PACKAGED_LICENSE_FILE
rust	icu_provider	2.2.0	LICENSE	F367C1B8E1AA262435251E442901DA4607B4650E0E63A026F5044473ECFB90F2	cargo:icu_provider@2.2.0:crates.io	HASHED	PACKAGED_LICENSE_FILE
rust	idna	1.1.0	LICENSE-APACHE	A60EEA817514531668D7E00765731449FE14D059D3249E0BC93B36DE45F759F2	cargo:idna@1.1.0:crates.io	HASHED	PACKAGED_LICENSE_FILE
rust	idna	1.1.0	LICENSE-MIT	B38F11F6096706E6DE553DABE2A7ED142D59B6FA8C97E290C67496154745CDD5	cargo:idna@1.1.0:crates.io	HASHED	PACKAGED_LICENSE_FILE
rust	idna_adapter	1.2.2	LICENSE-APACHE	A60EEA817514531668D7E00765731449FE14D059D3249E0BC93B36DE45F759F2	cargo:idna_adapter@1.2.2:crates.io	HASHED	PACKAGED_LICENSE_FILE
rust	idna_adapter	1.2.2	LICENSE-MIT	8B43CE8ACCD61E9D370B5CA9E9C4F953279B5C239926C62315B40E24DF51B726	cargo:idna_adapter@1.2.2:crates.io	HASHED	PACKAGED_LICENSE_FILE
rust	include_dir	0.7.4	NO_PACKAGED_LICENSE_FILE	NOT_APPLICABLE	cargo:include_dir@0.7.4:crates.io	ABSENT_WITH_EXPLICIT_DECISION	NO_LICENSE_FILE_IN_VERIFIED_PACKAGE_ARCHIVE
rust	include_dir_macros	0.7.4	NO_PACKAGED_LICENSE_FILE	NOT_APPLICABLE	cargo:include_dir_macros@0.7.4:crates.io	ABSENT_WITH_EXPLICIT_DECISION	NO_LICENSE_FILE_IN_VERIFIED_PACKAGE_ARCHIVE
rust	ipnet	2.12.0	LICENSE-APACHE	87D9FEB9238C6BD8E0024FC4733B06CFF036F89F36D93B7DF1C8A0549BBB7A5B	cargo:ipnet@2.12.0:crates.io	HASHED	PACKAGED_LICENSE_FILE
rust	ipnet	2.12.0	LICENSE-MIT	47DC9FF29128DDFB4D6A0435383C9F89120BC374DBCC1DD00B933A0B28AA7865	cargo:ipnet@2.12.0:crates.io	HASHED	PACKAGED_LICENSE_FILE
rust	is-docker	0.2.0	LICENSE	7377E48A67377F0BAA9CCEE6425E125EB7B96D5B8E706F4C99479CA4FFA21B77	cargo:is-docker@0.2.0:crates.io	HASHED	PACKAGED_LICENSE_FILE
rust	is-wsl	0.4.0	LICENSE	7377E48A67377F0BAA9CCEE6425E125EB7B96D5B8E706F4C99479CA4FFA21B77	cargo:is-wsl@0.4.0:crates.io	HASHED	PACKAGED_LICENSE_FILE
rust	itoa	1.0.18	LICENSE-APACHE	62C7A1E35F56406896D7AA7CA52D0CC0D272AC022B5D2796E7D6905DB8A3636A	cargo:itoa@1.0.18:crates.io	HASHED	PACKAGED_LICENSE_FILE
rust	itoa	1.0.18	LICENSE-MIT	23F18E03DC49DF91622FE2A76176497404E46CED8A715D9D2B67A7446571CCA3	cargo:itoa@1.0.18:crates.io	HASHED	PACKAGED_LICENSE_FILE
rust	jiff	0.2.32	COPYING	01C266BCED4A434DA0051174D6BEE16A4C82CF634E2679B6155D40D75012390F	cargo:jiff@0.2.32:crates.io	HASHED	PACKAGED_LICENSE_FILE
rust	jiff	0.2.32	LICENSE-MIT	0F96A83840E146E43C0EC96A22EC1F392E0680E6C1226E6F3BA87E0740AF850F	cargo:jiff@0.2.32:crates.io	HASHED	PACKAGED_LICENSE_FILE
rust	jiff	0.2.32	UNLICENSE	7E12E5DF4BAE12CB21581BA157CED20E1986A0508DD10D0E8A4AB9A4CF94E85C	cargo:jiff@0.2.32:crates.io	HASHED	PACKAGED_LICENSE_FILE
rust	jiff-static	0.2.32	COPYING	01C266BCED4A434DA0051174D6BEE16A4C82CF634E2679B6155D40D75012390F	cargo:jiff-static@0.2.32:crates.io	HASHED	PACKAGED_LICENSE_FILE
rust	jiff-static	0.2.32	LICENSE-MIT	0F96A83840E146E43C0EC96A22EC1F392E0680E6C1226E6F3BA87E0740AF850F	cargo:jiff-static@0.2.32:crates.io	HASHED	PACKAGED_LICENSE_FILE
rust	jiff-static	0.2.32	UNLICENSE	7E12E5DF4BAE12CB21581BA157CED20E1986A0508DD10D0E8A4AB9A4CF94E85C	cargo:jiff-static@0.2.32:crates.io	HASHED	PACKAGED_LICENSE_FILE
rust	jiff-tzdb	0.1.8	COPYING	01C266BCED4A434DA0051174D6BEE16A4C82CF634E2679B6155D40D75012390F	cargo:jiff-tzdb@0.1.8:crates.io	HASHED	PACKAGED_LICENSE_FILE
rust	jiff-tzdb	0.1.8	LICENSE-MIT	0F96A83840E146E43C0EC96A22EC1F392E0680E6C1226E6F3BA87E0740AF850F	cargo:jiff-tzdb@0.1.8:crates.io	HASHED	PACKAGED_LICENSE_FILE
rust	jiff-tzdb	0.1.8	UNLICENSE	7E12E5DF4BAE12CB21581BA157CED20E1986A0508DD10D0E8A4AB9A4CF94E85C	cargo:jiff-tzdb@0.1.8:crates.io	HASHED	PACKAGED_LICENSE_FILE
rust	jni	0.22.4	NO_PACKAGED_LICENSE_FILE	NOT_APPLICABLE	cargo:jni@0.22.4:crates.io	ABSENT_WITH_EXPLICIT_DECISION	NO_LICENSE_FILE_IN_VERIFIED_PACKAGE_ARCHIVE
rust	jni-macros	0.22.4	NO_PACKAGED_LICENSE_FILE	NOT_APPLICABLE	cargo:jni-macros@0.22.4:crates.io	ABSENT_WITH_EXPLICIT_DECISION	NO_LICENSE_FILE_IN_VERIFIED_PACKAGE_ARCHIVE
rust	jni-sys	0.4.1	LICENSE-APACHE	C6596EB7BE8581C18BE736C846FB9173B69ECCF6EF94C5135893EC56BD92BA08	cargo:jni-sys@0.4.1:crates.io	HASHED	PACKAGED_LICENSE_FILE
rust	jni-sys	0.4.1	LICENSE-MIT	1D85BD754B04CEEC93E98E890EDD1FA3C6A22E81BCB32135806BEECCEFA51CD1	cargo:jni-sys@0.4.1:crates.io	HASHED	PACKAGED_LICENSE_FILE
rust	jni-sys-macros	0.4.1	NO_PACKAGED_LICENSE_FILE	NOT_APPLICABLE	cargo:jni-sys-macros@0.4.1:crates.io	ABSENT_WITH_EXPLICIT_DECISION	NO_LICENSE_FILE_IN_VERIFIED_PACKAGE_ARCHIVE
rust	jobserver	0.1.35	LICENSE-APACHE	A60EEA817514531668D7E00765731449FE14D059D3249E0BC93B36DE45F759F2	cargo:jobserver@0.1.35:crates.io	HASHED	PACKAGED_LICENSE_FILE
rust	jobserver	0.1.35	LICENSE-MIT	378F5840B258E2779C39418F3F2D7B2BA96F1C7917DD6BE0713F88305DBDA397	cargo:jobserver@0.1.35:crates.io	HASHED	PACKAGED_LICENSE_FILE
rust	js-sys	0.3.103	LICENSE-APACHE	A60EEA817514531668D7E00765731449FE14D059D3249E0BC93B36DE45F759F2	cargo:js-sys@0.3.103:crates.io	HASHED	PACKAGED_LICENSE_FILE
rust	js-sys	0.3.103	LICENSE-MIT	378F5840B258E2779C39418F3F2D7B2BA96F1C7917DD6BE0713F88305DBDA397	cargo:js-sys@0.3.103:crates.io	HASHED	PACKAGED_LICENSE_FILE
rust	lazy_static	1.5.0	LICENSE-APACHE	A60EEA817514531668D7E00765731449FE14D059D3249E0BC93B36DE45F759F2	cargo:lazy_static@1.5.0:crates.io	HASHED	PACKAGED_LICENSE_FILE
rust	lazy_static	1.5.0	LICENSE-MIT	0621878E61F0D0FDA054BCBE02DF75192C28BDE1ECC8289CBD86AEBA2DD72720	cargo:lazy_static@1.5.0:crates.io	HASHED	PACKAGED_LICENSE_FILE
rust	libc	0.2.186	LICENSE-APACHE	62C7A1E35F56406896D7AA7CA52D0CC0D272AC022B5D2796E7D6905DB8A3636A	cargo:libc@0.2.186:crates.io	HASHED	PACKAGED_LICENSE_FILE
rust	libc	0.2.186	LICENSE-MIT	123A331B5DBF04C30097FA43B8F858BC85DF671FE776DE498D01F3D6B7C1F69E	cargo:libc@0.2.186:crates.io	HASHED	PACKAGED_LICENSE_FILE
rust	libsqlite3-sys	0.38.1	LICENSE	C10C1F27337546471E5F7E4E97FDD398B35B9D4E126115DCD22DE8D8E65ABF6F	cargo:libsqlite3-sys@0.38.1:crates.io	HASHED	PACKAGED_LICENSE_FILE
rust	linux-raw-sys	0.12.1	LICENSE-APACHE	A60EEA817514531668D7E00765731449FE14D059D3249E0BC93B36DE45F759F2	cargo:linux-raw-sys@0.12.1:crates.io	HASHED	PACKAGED_LICENSE_FILE
rust	linux-raw-sys	0.12.1	LICENSE-Apache-2.0_WITH_LLVM-exception	268872B9816F90FD8E85DB5A28D33F8150EBB8DD016653FB39EF1F94F2686BC5	cargo:linux-raw-sys@0.12.1:crates.io	HASHED	PACKAGED_LICENSE_FILE
rust	linux-raw-sys	0.12.1	LICENSE-MIT	23F18E03DC49DF91622FE2A76176497404E46CED8A715D9D2B67A7446571CCA3	cargo:linux-raw-sys@0.12.1:crates.io	HASHED	PACKAGED_LICENSE_FILE
rust	litemap	0.8.2	LICENSE	F367C1B8E1AA262435251E442901DA4607B4650E0E63A026F5044473ECFB90F2	cargo:litemap@0.8.2:crates.io	HASHED	PACKAGED_LICENSE_FILE
rust	log	0.4.33	LICENSE-APACHE	A60EEA817514531668D7E00765731449FE14D059D3249E0BC93B36DE45F759F2	cargo:log@0.4.33:crates.io	HASHED	PACKAGED_LICENSE_FILE
rust	log	0.4.33	LICENSE-MIT	6485B8ED310D3F0340BF1AD1F47645069CE4069DCC6BB46C7D5C6FAF41DE1FDB	cargo:log@0.4.33:crates.io	HASHED	PACKAGED_LICENSE_FILE
rust	lru-slab	0.1.2	LICENSE-APACHE	CFC7749B96F63BD31C3C42B5C471BF756814053E847C10F3EB003417BC523D30	cargo:lru-slab@0.1.2:crates.io	HASHED	PACKAGED_LICENSE_FILE
rust	lru-slab	0.1.2	LICENSE-MIT	1466D9B4F3A59BB8997FC8D5FA977CE3F6A24BB2358793C09BFDF007039F6486	cargo:lru-slab@0.1.2:crates.io	HASHED	PACKAGED_LICENSE_FILE
rust	lru-slab	0.1.2	LICENSE-ZLIB	09785877275FFADA6C371B652A30E95C26B435126FC0FC62F1BC2D72171F80A4	cargo:lru-slab@0.1.2:crates.io	HASHED	PACKAGED_LICENSE_FILE
rust	matchers	0.2.0	LICENSE	A47129D738752A6AE52247FEA645B42CB320D19E9327F1EB2D1A7F99D9455AD3	cargo:matchers@0.2.0:crates.io	HASHED	PACKAGED_LICENSE_FILE
rust	matchit	0.8.4	LICENSE	DE701D0618D694FEB1AF90F02181A1763D9B0BDEB70A3A592781E529077DBA65	cargo:matchit@0.8.4:crates.io	HASHED	PACKAGED_LICENSE_FILE
rust	matchit	0.8.4	LICENSE.httprouter	162CE11AD71338D0A0C6EBAF5C48AF72C6AE237B468859D3656FE2D9ED3F3A85	cargo:matchit@0.8.4:crates.io	HASHED	PACKAGED_LICENSE_FILE
rust	memchr	2.8.3	COPYING	01C266BCED4A434DA0051174D6BEE16A4C82CF634E2679B6155D40D75012390F	cargo:memchr@2.8.3:crates.io	HASHED	PACKAGED_LICENSE_FILE
rust	memchr	2.8.3	LICENSE-MIT	0F96A83840E146E43C0EC96A22EC1F392E0680E6C1226E6F3BA87E0740AF850F	cargo:memchr@2.8.3:crates.io	HASHED	PACKAGED_LICENSE_FILE
rust	memchr	2.8.3	UNLICENSE	7E12E5DF4BAE12CB21581BA157CED20E1986A0508DD10D0E8A4AB9A4CF94E85C	cargo:memchr@2.8.3:crates.io	HASHED	PACKAGED_LICENSE_FILE
rust	mime	0.3.17	LICENSE-APACHE	A60EEA817514531668D7E00765731449FE14D059D3249E0BC93B36DE45F759F2	cargo:mime@0.3.17:crates.io	HASHED	PACKAGED_LICENSE_FILE
rust	mime	0.3.17	LICENSE-MIT	DF9CFD06D8A44D9A671EADD39FFD97F166481DA015A30F45DFD27886209C5922	cargo:mime@0.3.17:crates.io	HASHED	PACKAGED_LICENSE_FILE
rust	mime_guess	2.0.5	LICENSE	816000F9C28F7005D931C77636EB79FA7020071EB0F6E6A995515DFCCD3559CB	cargo:mime_guess@2.0.5:crates.io	HASHED	PACKAGED_LICENSE_FILE
rust	miniz_oxide	0.8.9	LICENSE	4108245A1F2DF9D4E94DF8ABED5B4BA0759BB2F9B40A6B939F1BE141077AE50B	cargo:miniz_oxide@0.8.9:crates.io	HASHED	PACKAGED_LICENSE_FILE
rust	miniz_oxide	0.8.9	LICENSE-APACHE.md	0D542E0C8804E39AA7F37EB00DA5A762149DC682D7829451287E11B938E94594	cargo:miniz_oxide@0.8.9:crates.io	HASHED	PACKAGED_LICENSE_FILE
rust	miniz_oxide	0.8.9	LICENSE-MIT.md	799E9CA9D179295EF372F25D3769CDDA7D25BB2668ADD6A6A1E22D1E4C678B8D	cargo:miniz_oxide@0.8.9:crates.io	HASHED	PACKAGED_LICENSE_FILE
rust	miniz_oxide	0.8.9	LICENSE-ZLIB.md	0A54E647FE54104658B5E563C04C6F9EDF251710E47BCE692E0BD990A4DDAA39	cargo:miniz_oxide@0.8.9:crates.io	HASHED	PACKAGED_LICENSE_FILE
rust	mio	1.2.1	LICENSE	07919255C7E04793D8EA760D6C2CE32D19F9FF02BDBDDE3CE90B1E1880929A9B	cargo:mio@1.2.1:crates.io	HASHED	PACKAGED_LICENSE_FILE
rust	num-conv	0.2.2	LICENSE-Apache	0D542E0C8804E39AA7F37EB00DA5A762149DC682D7829451287E11B938E94594	cargo:num-conv@0.2.2:crates.io	HASHED	PACKAGED_LICENSE_FILE
rust	num-conv	0.2.2	LICENSE-MIT	E2E245F2B566D0BFAFB0F6A04C16B82D710C4E6E7D799E39BB4EF6E541B85B98	cargo:num-conv@0.2.2:crates.io	HASHED	PACKAGED_LICENSE_FILE
rust	num-traits	0.2.19	LICENSE-APACHE	A60EEA817514531668D7E00765731449FE14D059D3249E0BC93B36DE45F759F2	cargo:num-traits@0.2.19:crates.io	HASHED	PACKAGED_LICENSE_FILE
rust	num-traits	0.2.19	LICENSE-MIT	6485B8ED310D3F0340BF1AD1F47645069CE4069DCC6BB46C7D5C6FAF41DE1FDB	cargo:num-traits@0.2.19:crates.io	HASHED	PACKAGED_LICENSE_FILE
rust	once_cell	1.21.4	LICENSE-APACHE	A60EEA817514531668D7E00765731449FE14D059D3249E0BC93B36DE45F759F2	cargo:once_cell@1.21.4:crates.io	HASHED	PACKAGED_LICENSE_FILE
rust	once_cell	1.21.4	LICENSE-MIT	23F18E03DC49DF91622FE2A76176497404E46CED8A715D9D2B67A7446571CCA3	cargo:once_cell@1.21.4:crates.io	HASHED	PACKAGED_LICENSE_FILE
rust	open	5.4.0	LICENSE.md	E63690624D604AA626C3C62B6EAD1A9F4A916D2260AC8132022ACBAFE2556045	cargo:open@5.4.0:crates.io	HASHED	PACKAGED_LICENSE_FILE
rust	openssl-probe	0.2.1	LICENSE-APACHE	A60EEA817514531668D7E00765731449FE14D059D3249E0BC93B36DE45F759F2	cargo:openssl-probe@0.2.1:crates.io	HASHED	PACKAGED_LICENSE_FILE
rust	openssl-probe	0.2.1	LICENSE-MIT	378F5840B258E2779C39418F3F2D7B2BA96F1C7917DD6BE0713F88305DBDA397	cargo:openssl-probe@0.2.1:crates.io	HASHED	PACKAGED_LICENSE_FILE
rust	percent-encoding	2.3.2	LICENSE-APACHE	A60EEA817514531668D7E00765731449FE14D059D3249E0BC93B36DE45F759F2	cargo:percent-encoding@2.3.2:crates.io	HASHED	PACKAGED_LICENSE_FILE
rust	percent-encoding	2.3.2	LICENSE-MIT	B38F11F6096706E6DE553DABE2A7ED142D59B6FA8C97E290C67496154745CDD5	cargo:percent-encoding@2.3.2:crates.io	HASHED	PACKAGED_LICENSE_FILE
rust	pin-project-lite	0.2.17	LICENSE-APACHE	0D542E0C8804E39AA7F37EB00DA5A762149DC682D7829451287E11B938E94594	cargo:pin-project-lite@0.2.17:crates.io	HASHED	PACKAGED_LICENSE_FILE
rust	pin-project-lite	0.2.17	LICENSE-MIT	23F18E03DC49DF91622FE2A76176497404E46CED8A715D9D2B67A7446571CCA3	cargo:pin-project-lite@0.2.17:crates.io	HASHED	PACKAGED_LICENSE_FILE
rust	pkg-config	0.3.33	LICENSE-APACHE	A60EEA817514531668D7E00765731449FE14D059D3249E0BC93B36DE45F759F2	cargo:pkg-config@0.3.33:crates.io	HASHED	PACKAGED_LICENSE_FILE
rust	pkg-config	0.3.33	LICENSE-MIT	378F5840B258E2779C39418F3F2D7B2BA96F1C7917DD6BE0713F88305DBDA397	cargo:pkg-config@0.3.33:crates.io	HASHED	PACKAGED_LICENSE_FILE
rust	portable-atomic	1.13.1	LICENSE-APACHE	0D542E0C8804E39AA7F37EB00DA5A762149DC682D7829451287E11B938E94594	cargo:portable-atomic@1.13.1:crates.io	HASHED	PACKAGED_LICENSE_FILE
rust	portable-atomic	1.13.1	LICENSE-MIT	23F18E03DC49DF91622FE2A76176497404E46CED8A715D9D2B67A7446571CCA3	cargo:portable-atomic@1.13.1:crates.io	HASHED	PACKAGED_LICENSE_FILE
rust	portable-atomic-util	0.2.7	LICENSE-APACHE	0D542E0C8804E39AA7F37EB00DA5A762149DC682D7829451287E11B938E94594	cargo:portable-atomic-util@0.2.7:crates.io	HASHED	PACKAGED_LICENSE_FILE
rust	portable-atomic-util	0.2.7	LICENSE-MIT	23F18E03DC49DF91622FE2A76176497404E46CED8A715D9D2B67A7446571CCA3	cargo:portable-atomic-util@0.2.7:crates.io	HASHED	PACKAGED_LICENSE_FILE
rust	potential_utf	0.1.5	LICENSE	F367C1B8E1AA262435251E442901DA4607B4650E0E63A026F5044473ECFB90F2	cargo:potential_utf@0.1.5:crates.io	HASHED	PACKAGED_LICENSE_FILE
rust	powerfmt	0.2.0	LICENSE-Apache	155420C6403D4E0FCA34105E3C03FDD6939B64C393C7EC6F95F5B72C5474EAB0	cargo:powerfmt@0.2.0:crates.io	HASHED	PACKAGED_LICENSE_FILE
rust	powerfmt	0.2.0	LICENSE-MIT	070DBC7DDA03A29296F2D58BDB9B7331AF90F2ABC9F31DF22875D1EABAF29852	cargo:powerfmt@0.2.0:crates.io	HASHED	PACKAGED_LICENSE_FILE
rust	ppv-lite86	0.2.21	LICENSE-APACHE	0218327E7A480793FFDD4EB792379A9709E5C135C7BA267F709D6F6D4D70AF0A	cargo:ppv-lite86@0.2.21:crates.io	HASHED	PACKAGED_LICENSE_FILE
rust	ppv-lite86	0.2.21	LICENSE-MIT	4CADA0BD02EA3692EEE6F16400D86C6508BBD3BAFB2B65FED0419F36D4F83E8F	cargo:ppv-lite86@0.2.21:crates.io	HASHED	PACKAGED_LICENSE_FILE
rust	proc-macro2	1.0.106	LICENSE-APACHE	62C7A1E35F56406896D7AA7CA52D0CC0D272AC022B5D2796E7D6905DB8A3636A	cargo:proc-macro2@1.0.106:crates.io	HASHED	PACKAGED_LICENSE_FILE
rust	proc-macro2	1.0.106	LICENSE-MIT	23F18E03DC49DF91622FE2A76176497404E46CED8A715D9D2B67A7446571CCA3	cargo:proc-macro2@1.0.106:crates.io	HASHED	PACKAGED_LICENSE_FILE
rust	proptest	1.11.0	LICENSE-APACHE	A60EEA817514531668D7E00765731449FE14D059D3249E0BC93B36DE45F759F2	cargo:proptest@1.11.0:crates.io	HASHED	PACKAGED_LICENSE_FILE
rust	proptest	1.11.0	LICENSE-MIT	D8E0806926CE9F0A5030C382ECC0FFDF6DE6FBEA5C69A458435FD443FA7A5B92	cargo:proptest@1.11.0:crates.io	HASHED	PACKAGED_LICENSE_FILE
rust	quinn	0.11.11	LICENSE-APACHE	C71D239DF91726FC519C6EB72D318EC65820627232B2F796219E87DCF35D0AB4	cargo:quinn@0.11.11:crates.io	HASHED	PACKAGED_LICENSE_FILE
rust	quinn	0.11.11	LICENSE-MIT	4B2D0ACA6789FA39E03D6738E869EA0988CCEBA210CA34EBB59C15C463E93A04	cargo:quinn@0.11.11:crates.io	HASHED	PACKAGED_LICENSE_FILE
rust	quinn-proto	0.11.16	LICENSE-APACHE	C71D239DF91726FC519C6EB72D318EC65820627232B2F796219E87DCF35D0AB4	cargo:quinn-proto@0.11.16:crates.io	HASHED	PACKAGED_LICENSE_FILE
rust	quinn-proto	0.11.16	LICENSE-MIT	4B2D0ACA6789FA39E03D6738E869EA0988CCEBA210CA34EBB59C15C463E93A04	cargo:quinn-proto@0.11.16:crates.io	HASHED	PACKAGED_LICENSE_FILE
rust	quinn-udp	0.5.15	LICENSE-APACHE	C71D239DF91726FC519C6EB72D318EC65820627232B2F796219E87DCF35D0AB4	cargo:quinn-udp@0.5.15:crates.io	HASHED	PACKAGED_LICENSE_FILE
rust	quinn-udp	0.5.15	LICENSE-MIT	4B2D0ACA6789FA39E03D6738E869EA0988CCEBA210CA34EBB59C15C463E93A04	cargo:quinn-udp@0.5.15:crates.io	HASHED	PACKAGED_LICENSE_FILE
rust	quote	1.0.46	LICENSE-APACHE	62C7A1E35F56406896D7AA7CA52D0CC0D272AC022B5D2796E7D6905DB8A3636A	cargo:quote@1.0.46:crates.io	HASHED	PACKAGED_LICENSE_FILE
rust	quote	1.0.46	LICENSE-MIT	23F18E03DC49DF91622FE2A76176497404E46CED8A715D9D2B67A7446571CCA3	cargo:quote@1.0.46:crates.io	HASHED	PACKAGED_LICENSE_FILE
rust	r-efi	5.3.0	NO_PACKAGED_LICENSE_FILE	NOT_APPLICABLE	cargo:r-efi@5.3.0:crates.io	ABSENT_WITH_EXPLICIT_DECISION	NO_LICENSE_FILE_IN_VERIFIED_PACKAGE_ARCHIVE
rust	r-efi	6.0.0	NO_PACKAGED_LICENSE_FILE	NOT_APPLICABLE	cargo:r-efi@6.0.0:crates.io	ABSENT_WITH_EXPLICIT_DECISION	NO_LICENSE_FILE_IN_VERIFIED_PACKAGE_ARCHIVE
rust	rand	0.10.2	LICENSE-APACHE	35242E7A83F69875E6EDEFF02291E688C97CAAFE2F8902E4E19B49D3E78B4CAB	cargo:rand@0.10.2:crates.io	HASHED	PACKAGED_LICENSE_FILE
rust	rand	0.10.2	LICENSE-MIT	209FBBE0AD52D9235E37BADF9CADFE4DBDC87203179C0899E738B39ADE42177B	cargo:rand@0.10.2:crates.io	HASHED	PACKAGED_LICENSE_FILE
rust	rand	0.9.5	LICENSE-APACHE	35242E7A83F69875E6EDEFF02291E688C97CAAFE2F8902E4E19B49D3E78B4CAB	cargo:rand@0.9.5:crates.io	HASHED	PACKAGED_LICENSE_FILE
rust	rand	0.9.5	LICENSE-MIT	209FBBE0AD52D9235E37BADF9CADFE4DBDC87203179C0899E738B39ADE42177B	cargo:rand@0.9.5:crates.io	HASHED	PACKAGED_LICENSE_FILE
rust	rand_chacha	0.9.0	LICENSE-APACHE	35242E7A83F69875E6EDEFF02291E688C97CAAFE2F8902E4E19B49D3E78B4CAB	cargo:rand_chacha@0.9.0:crates.io	HASHED	PACKAGED_LICENSE_FILE
rust	rand_chacha	0.9.0	LICENSE-MIT	209FBBE0AD52D9235E37BADF9CADFE4DBDC87203179C0899E738B39ADE42177B	cargo:rand_chacha@0.9.0:crates.io	HASHED	PACKAGED_LICENSE_FILE
rust	rand_core	0.10.1	LICENSE-APACHE	6DF43F6F4B5D4587F3D8D71E45532C688FD168AFA5FE89D571CB32FA09C4EF51	cargo:rand_core@0.10.1:crates.io	HASHED	PACKAGED_LICENSE_FILE
rust	rand_core	0.10.1	LICENSE-MIT	8B6E9FEEC03E7C9A5FACB26855CECD31662BF989B636BCFE79521BDF8AC863F0	cargo:rand_core@0.10.1:crates.io	HASHED	PACKAGED_LICENSE_FILE
rust	rand_core	0.9.5	LICENSE-APACHE	6DF43F6F4B5D4587F3D8D71E45532C688FD168AFA5FE89D571CB32FA09C4EF51	cargo:rand_core@0.9.5:crates.io	HASHED	PACKAGED_LICENSE_FILE
rust	rand_core	0.9.5	LICENSE-MIT	209FBBE0AD52D9235E37BADF9CADFE4DBDC87203179C0899E738B39ADE42177B	cargo:rand_core@0.9.5:crates.io	HASHED	PACKAGED_LICENSE_FILE
rust	rand_pcg	0.10.2	LICENSE-APACHE	6DF43F6F4B5D4587F3D8D71E45532C688FD168AFA5FE89D571CB32FA09C4EF51	cargo:rand_pcg@0.10.2:crates.io	HASHED	PACKAGED_LICENSE_FILE
rust	rand_pcg	0.10.2	LICENSE-MIT	2234E3CEFEE876AEB686AD89E978BDB07BF118A1186AB1CF161BCDF69D4B4F57	cargo:rand_pcg@0.10.2:crates.io	HASHED	PACKAGED_LICENSE_FILE
rust	rand_xorshift	0.4.0	LICENSE-APACHE	35242E7A83F69875E6EDEFF02291E688C97CAAFE2F8902E4E19B49D3E78B4CAB	cargo:rand_xorshift@0.4.0:crates.io	HASHED	PACKAGED_LICENSE_FILE
rust	rand_xorshift	0.4.0	LICENSE-MIT	209FBBE0AD52D9235E37BADF9CADFE4DBDC87203179C0899E738B39ADE42177B	cargo:rand_xorshift@0.4.0:crates.io	HASHED	PACKAGED_LICENSE_FILE
rust	rbcsp-dependency-baseline	0.0.0	LICENSE	3AA48530C315D0B08D47CB03B2D1B31871FA79102B7EA896C5DCC51990497F95	cargo:rbcsp-dependency-baseline@0.0.0:local	HASHED	PACKAGED_LICENSE_FILE
rust	regex-automata	0.4.15	LICENSE-APACHE	A60EEA817514531668D7E00765731449FE14D059D3249E0BC93B36DE45F759F2	cargo:regex-automata@0.4.15:crates.io	HASHED	PACKAGED_LICENSE_FILE
rust	regex-automata	0.4.15	LICENSE-MIT	6485B8ED310D3F0340BF1AD1F47645069CE4069DCC6BB46C7D5C6FAF41DE1FDB	cargo:regex-automata@0.4.15:crates.io	HASHED	PACKAGED_LICENSE_FILE
rust	regex-syntax	0.8.11	LICENSE-APACHE	A60EEA817514531668D7E00765731449FE14D059D3249E0BC93B36DE45F759F2	cargo:regex-syntax@0.8.11:crates.io	HASHED	PACKAGED_LICENSE_FILE
rust	regex-syntax	0.8.11	LICENSE-MIT	6485B8ED310D3F0340BF1AD1F47645069CE4069DCC6BB46C7D5C6FAF41DE1FDB	cargo:regex-syntax@0.8.11:crates.io	HASHED	PACKAGED_LICENSE_FILE
rust	reqwest	0.13.4	LICENSE-APACHE	751963A8B88C0E3A9F27E98933079FBCF09B9998B2C13AC49C2E4D58444520D6	cargo:reqwest@0.13.4:crates.io	HASHED	PACKAGED_LICENSE_FILE
rust	reqwest	0.13.4	LICENSE-MIT	DD87E27DFBAA888CB77EA34592648A7743636B8DCE07E49543BDDDA0FCFC73BC	cargo:reqwest@0.13.4:crates.io	HASHED	PACKAGED_LICENSE_FILE
rust	ring	0.17.14	LICENSE	B3D734001A94EFFF3579978D953391AA7115F877657D25EB54037A43875D078A	cargo:ring@0.17.14:crates.io	HASHED	PACKAGED_LICENSE_FILE
rust	ring	0.17.14	LICENSE-BoringSSL	005FC765DDC5115DA796CCA915BAA9557ABAE13FF35E0A47C47AFFC56F6C414D	cargo:ring@0.17.14:crates.io	HASHED	PACKAGED_LICENSE_FILE
rust	ring	0.17.14	LICENSE-other-bits	F025CCFB7DFB6BDFEDC75CA0F67ACC69E6FB4998143D834F7C2F38A29989680F	cargo:ring@0.17.14:crates.io	HASHED	PACKAGED_LICENSE_FILE
rust	rusqlite	0.40.1	LICENSE	C10C1F27337546471E5F7E4E97FDD398B35B9D4E126115DCD22DE8D8E65ABF6F	cargo:rusqlite@0.40.1:crates.io	HASHED	PACKAGED_LICENSE_FILE
rust	rustc-hash	2.1.3	LICENSE-APACHE	95BD3988BEEE069FA2848F648DAB43CC6E0B2ADD2AD6BCB17360CAF749802BCC	cargo:rustc-hash@2.1.3:crates.io	HASHED	PACKAGED_LICENSE_FILE
rust	rustc-hash	2.1.3	LICENSE-MIT	30FEFC3A7D6A0041541858293BCBEA2DDE4CAA4C0A5802F996A7F7E8C0085652	cargo:rustc-hash@2.1.3:crates.io	HASHED	PACKAGED_LICENSE_FILE
rust	rustc_version	0.4.1	LICENSE-APACHE	A60EEA817514531668D7E00765731449FE14D059D3249E0BC93B36DE45F759F2	cargo:rustc_version@0.4.1:crates.io	HASHED	PACKAGED_LICENSE_FILE
rust	rustc_version	0.4.1	LICENSE-MIT	C9A75F18B9AB2927829A208FC6AA2CF4E63B8420887BA29CDB265D6619AE82D5	cargo:rustc_version@0.4.1:crates.io	HASHED	PACKAGED_LICENSE_FILE
rust	rustix	1.1.4	LICENSE-APACHE	A60EEA817514531668D7E00765731449FE14D059D3249E0BC93B36DE45F759F2	cargo:rustix@1.1.4:crates.io	HASHED	PACKAGED_LICENSE_FILE
rust	rustix	1.1.4	LICENSE-Apache-2.0_WITH_LLVM-exception	268872B9816F90FD8E85DB5A28D33F8150EBB8DD016653FB39EF1F94F2686BC5	cargo:rustix@1.1.4:crates.io	HASHED	PACKAGED_LICENSE_FILE
rust	rustix	1.1.4	LICENSE-MIT	23F18E03DC49DF91622FE2A76176497404E46CED8A715D9D2B67A7446571CCA3	cargo:rustix@1.1.4:crates.io	HASHED	PACKAGED_LICENSE_FILE
rust	rustls	0.23.41	LICENSE-APACHE	A60EEA817514531668D7E00765731449FE14D059D3249E0BC93B36DE45F759F2	cargo:rustls@0.23.41:crates.io	HASHED	PACKAGED_LICENSE_FILE
rust	rustls	0.23.41	LICENSE-ISC	7CFAFC877ECCC46C0E346CCBAA5C51BB6B894D2B818E617D970211E232785AD4	cargo:rustls@0.23.41:crates.io	HASHED	PACKAGED_LICENSE_FILE
rust	rustls	0.23.41	LICENSE-MIT	709E3175B4212F7B13AA93971C9F62FF8C69EC45AD8C6532A7E0C41D7A7D6F8C	cargo:rustls@0.23.41:crates.io	HASHED	PACKAGED_LICENSE_FILE
rust	rustls-native-certs	0.8.4	LICENSE	D75967CE788187F83C3BD3328210974ACFC443D4DC44909F1D7E34F21623A0C6	cargo:rustls-native-certs@0.8.4:crates.io	HASHED	PACKAGED_LICENSE_FILE
rust	rustls-native-certs	0.8.4	LICENSE-APACHE	A60EEA817514531668D7E00765731449FE14D059D3249E0BC93B36DE45F759F2	cargo:rustls-native-certs@0.8.4:crates.io	HASHED	PACKAGED_LICENSE_FILE
rust	rustls-native-certs	0.8.4	LICENSE-ISC	7CFAFC877ECCC46C0E346CCBAA5C51BB6B894D2B818E617D970211E232785AD4	cargo:rustls-native-certs@0.8.4:crates.io	HASHED	PACKAGED_LICENSE_FILE
rust	rustls-native-certs	0.8.4	LICENSE-MIT	709E3175B4212F7B13AA93971C9F62FF8C69EC45AD8C6532A7E0C41D7A7D6F8C	cargo:rustls-native-certs@0.8.4:crates.io	HASHED	PACKAGED_LICENSE_FILE
rust	rustls-pki-types	1.15.0	LICENSE-APACHE	45FD05C4865E7C350B98AD7AC50E1B15462D49AF4A91E9B0C9DD933DC9A69742	cargo:rustls-pki-types@1.15.0:crates.io	HASHED	PACKAGED_LICENSE_FILE
rust	rustls-pki-types	1.15.0	LICENSE-MIT	9117D922E667125508DDE62B02C1F57ED22F5AD21EB536AA2E2D99E1C796E639	cargo:rustls-pki-types@1.15.0:crates.io	HASHED	PACKAGED_LICENSE_FILE
rust	rustls-platform-verifier	0.7.0	LICENSE-APACHE	C71D239DF91726FC519C6EB72D318EC65820627232B2F796219E87DCF35D0AB4	cargo:rustls-platform-verifier@0.7.0:crates.io	HASHED	PACKAGED_LICENSE_FILE
rust	rustls-platform-verifier	0.7.0	LICENSE-MIT	1C7CF76689C837A68ED8D704994E52A0F2940C087958F860D17F3186AFBDCC0C	cargo:rustls-platform-verifier@0.7.0:crates.io	HASHED	PACKAGED_LICENSE_FILE
rust	rustls-platform-verifier-android	0.1.1	NO_PACKAGED_LICENSE_FILE	NOT_APPLICABLE	cargo:rustls-platform-verifier-android@0.1.1:crates.io	ABSENT_WITH_EXPLICIT_DECISION	NO_LICENSE_FILE_IN_VERIFIED_PACKAGE_ARCHIVE
rust	rustls-webpki	0.103.13	LICENSE	5B698CA13897BE3AFDB7174256FA1574F8C6892B8BEA1A66DD6469D3FE27885A	cargo:rustls-webpki@0.103.13:crates.io	HASHED	PACKAGED_LICENSE_FILE
rust	rustversion	1.0.23	LICENSE-APACHE	62C7A1E35F56406896D7AA7CA52D0CC0D272AC022B5D2796E7D6905DB8A3636A	cargo:rustversion@1.0.23:crates.io	HASHED	PACKAGED_LICENSE_FILE
rust	rustversion	1.0.23	LICENSE-MIT	23F18E03DC49DF91622FE2A76176497404E46CED8A715D9D2B67A7446571CCA3	cargo:rustversion@1.0.23:crates.io	HASHED	PACKAGED_LICENSE_FILE
rust	ryu	1.0.23	LICENSE-APACHE	62C7A1E35F56406896D7AA7CA52D0CC0D272AC022B5D2796E7D6905DB8A3636A	cargo:ryu@1.0.23:crates.io	HASHED	PACKAGED_LICENSE_FILE
rust	ryu	1.0.23	LICENSE-BOOST	C9BFF75738922193E67FA726FA225535870D2AA1059F91452C411736284AD566	cargo:ryu@1.0.23:crates.io	HASHED	PACKAGED_LICENSE_FILE
rust	same-file	1.0.6	COPYING	01C266BCED4A434DA0051174D6BEE16A4C82CF634E2679B6155D40D75012390F	cargo:same-file@1.0.6:crates.io	HASHED	PACKAGED_LICENSE_FILE
rust	same-file	1.0.6	LICENSE-MIT	CB3C929A05E6CBC9DE9AB06A4C57EEB60CA8C724BEF6C138C87D3A577E27AA14	cargo:same-file@1.0.6:crates.io	HASHED	PACKAGED_LICENSE_FILE
rust	same-file	1.0.6	UNLICENSE	7E12E5DF4BAE12CB21581BA157CED20E1986A0508DD10D0E8A4AB9A4CF94E85C	cargo:same-file@1.0.6:crates.io	HASHED	PACKAGED_LICENSE_FILE
rust	schannel	0.1.29	LICENSE.md	AA72991AC35B4DE0034DA0AFE943E62B48C4092FC2BA13AE47806D8E9A4AD551	cargo:schannel@0.1.29:crates.io	HASHED	PACKAGED_LICENSE_FILE
rust	security-framework	3.7.0	LICENSE-APACHE	A60EEA817514531668D7E00765731449FE14D059D3249E0BC93B36DE45F759F2	cargo:security-framework@3.7.0:crates.io	HASHED	PACKAGED_LICENSE_FILE
rust	security-framework	3.7.0	LICENSE-MIT	91E934255BA3B2F21103D68C5581C23EF34AA95C4628E4405B8C901935E11C69	cargo:security-framework@3.7.0:crates.io	HASHED	PACKAGED_LICENSE_FILE
rust	security-framework-sys	2.17.0	LICENSE-APACHE	A60EEA817514531668D7E00765731449FE14D059D3249E0BC93B36DE45F759F2	cargo:security-framework-sys@2.17.0:crates.io	HASHED	PACKAGED_LICENSE_FILE
rust	security-framework-sys	2.17.0	LICENSE-MIT	91E934255BA3B2F21103D68C5581C23EF34AA95C4628E4405B8C901935E11C69	cargo:security-framework-sys@2.17.0:crates.io	HASHED	PACKAGED_LICENSE_FILE
rust	semver	1.0.28	LICENSE-APACHE	62C7A1E35F56406896D7AA7CA52D0CC0D272AC022B5D2796E7D6905DB8A3636A	cargo:semver@1.0.28:crates.io	HASHED	PACKAGED_LICENSE_FILE
rust	semver	1.0.28	LICENSE-MIT	23F18E03DC49DF91622FE2A76176497404E46CED8A715D9D2B67A7446571CCA3	cargo:semver@1.0.28:crates.io	HASHED	PACKAGED_LICENSE_FILE
rust	serde	1.0.228	LICENSE-APACHE	62C7A1E35F56406896D7AA7CA52D0CC0D272AC022B5D2796E7D6905DB8A3636A	cargo:serde@1.0.228:crates.io	HASHED	PACKAGED_LICENSE_FILE
rust	serde	1.0.228	LICENSE-MIT	23F18E03DC49DF91622FE2A76176497404E46CED8A715D9D2B67A7446571CCA3	cargo:serde@1.0.228:crates.io	HASHED	PACKAGED_LICENSE_FILE
rust	serde_core	1.0.228	LICENSE-APACHE	62C7A1E35F56406896D7AA7CA52D0CC0D272AC022B5D2796E7D6905DB8A3636A	cargo:serde_core@1.0.228:crates.io	HASHED	PACKAGED_LICENSE_FILE
rust	serde_core	1.0.228	LICENSE-MIT	23F18E03DC49DF91622FE2A76176497404E46CED8A715D9D2B67A7446571CCA3	cargo:serde_core@1.0.228:crates.io	HASHED	PACKAGED_LICENSE_FILE
rust	serde_derive	1.0.228	LICENSE-APACHE	62C7A1E35F56406896D7AA7CA52D0CC0D272AC022B5D2796E7D6905DB8A3636A	cargo:serde_derive@1.0.228:crates.io	HASHED	PACKAGED_LICENSE_FILE
rust	serde_derive	1.0.228	LICENSE-MIT	23F18E03DC49DF91622FE2A76176497404E46CED8A715D9D2B67A7446571CCA3	cargo:serde_derive@1.0.228:crates.io	HASHED	PACKAGED_LICENSE_FILE
rust	serde_json	1.0.150	LICENSE-APACHE	62C7A1E35F56406896D7AA7CA52D0CC0D272AC022B5D2796E7D6905DB8A3636A	cargo:serde_json@1.0.150:crates.io	HASHED	PACKAGED_LICENSE_FILE
rust	serde_json	1.0.150	LICENSE-MIT	23F18E03DC49DF91622FE2A76176497404E46CED8A715D9D2B67A7446571CCA3	cargo:serde_json@1.0.150:crates.io	HASHED	PACKAGED_LICENSE_FILE
rust	serde_path_to_error	0.1.20	LICENSE-APACHE	62C7A1E35F56406896D7AA7CA52D0CC0D272AC022B5D2796E7D6905DB8A3636A	cargo:serde_path_to_error@0.1.20:crates.io	HASHED	PACKAGED_LICENSE_FILE
rust	serde_path_to_error	0.1.20	LICENSE-MIT	23F18E03DC49DF91622FE2A76176497404E46CED8A715D9D2B67A7446571CCA3	cargo:serde_path_to_error@0.1.20:crates.io	HASHED	PACKAGED_LICENSE_FILE
rust	serde_urlencoded	0.7.1	LICENSE-APACHE	62C7A1E35F56406896D7AA7CA52D0CC0D272AC022B5D2796E7D6905DB8A3636A	cargo:serde_urlencoded@0.7.1:crates.io	HASHED	PACKAGED_LICENSE_FILE
rust	serde_urlencoded	0.7.1	LICENSE-MIT	B9EB266294324F672CBE945FE8F2E32F85024F0D61A1A7D14382CDDE0AC44769	cargo:serde_urlencoded@0.7.1:crates.io	HASHED	PACKAGED_LICENSE_FILE
rust	sha1	0.10.7	LICENSE-APACHE	A9040321C3712D8FD0B09CF52B17445DE04A23A10165049AE187CD39E5C86BE5	cargo:sha1@0.10.7:crates.io	HASHED	PACKAGED_LICENSE_FILE
rust	sha1	0.10.7	LICENSE-MIT	B4EB00DF6E2A4D22518FCAA6A2B4646F249B3A3C9814509B22BD2091F1392FF1	cargo:sha1@0.10.7:crates.io	HASHED	PACKAGED_LICENSE_FILE
rust	sha2	0.10.9	LICENSE-APACHE	A9040321C3712D8FD0B09CF52B17445DE04A23A10165049AE187CD39E5C86BE5	cargo:sha2@0.10.9:crates.io	HASHED	PACKAGED_LICENSE_FILE
rust	sha2	0.10.9	LICENSE-MIT	B4EB00DF6E2A4D22518FCAA6A2B4646F249B3A3C9814509B22BD2091F1392FF1	cargo:sha2@0.10.9:crates.io	HASHED	PACKAGED_LICENSE_FILE
rust	sharded-slab	0.1.7	LICENSE	EAFBFA606BC005ED7FD2F623D65AF17FFE4EF7C017221AC14405BF4140771EA9	cargo:sharded-slab@0.1.7:crates.io	HASHED	PACKAGED_LICENSE_FILE
rust	shlex	2.0.1	LICENSE-APACHE	553FFFCD9B1CB158BC3E9EDC35DA85CA5C3B3D7D2E61C883EBCFA8A65814B583	cargo:shlex@2.0.1:crates.io	HASHED	PACKAGED_LICENSE_FILE
rust	shlex	2.0.1	LICENSE-MIT	4455BF75A91154108304CB283E0FEA9948C14F13E20D60887CF2552449DEA3B1	cargo:shlex@2.0.1:crates.io	HASHED	PACKAGED_LICENSE_FILE
rust	signal-hook-registry	1.4.8	LICENSE-APACHE	A60EEA817514531668D7E00765731449FE14D059D3249E0BC93B36DE45F759F2	cargo:signal-hook-registry@1.4.8:crates.io	HASHED	PACKAGED_LICENSE_FILE
rust	signal-hook-registry	1.4.8	LICENSE-MIT	503558BFEFE66CA15E4E3F7955B3CB0EC87FD52F29BF24B336AF7BD00E946D5C	cargo:signal-hook-registry@1.4.8:crates.io	HASHED	PACKAGED_LICENSE_FILE
rust	simd-adler32	0.3.9	LICENSE.md	42A35170233E83E18856792E748DE4C1CE4A63B2AFCE9A370C89EF3FE23F9F2D	cargo:simd-adler32@0.3.9:crates.io	HASHED	PACKAGED_LICENSE_FILE
rust	simd_cesu8	1.1.1	LICENSE-APACHE	A60EEA817514531668D7E00765731449FE14D059D3249E0BC93B36DE45F759F2	cargo:simd_cesu8@1.1.1:crates.io	HASHED	PACKAGED_LICENSE_FILE
rust	simd_cesu8	1.1.1	LICENSE-MIT	23F18E03DC49DF91622FE2A76176497404E46CED8A715D9D2B67A7446571CCA3	cargo:simd_cesu8@1.1.1:crates.io	HASHED	PACKAGED_LICENSE_FILE
rust	simdutf8	0.1.5	LICENSE-Apache	0CEC06E0E55FBC3DC5CEE4FCA9B607F66CB8F4E4DBCF3B3C013594DD156732E9	cargo:simdutf8@0.1.5:crates.io	HASHED	PACKAGED_LICENSE_FILE
rust	simdutf8	0.1.5	LICENSE-MIT	1847E0E0698142ED4347C1441A9FA81C8FBDDD44B1D8BBCD5E3647F991759D7F	cargo:simdutf8@0.1.5:crates.io	HASHED	PACKAGED_LICENSE_FILE
rust	slab	0.4.12	LICENSE	8CE0830173FDAC609DFB4EA603FDC002C2F4AF0DC9B1A005653F5DA9CF534B18	cargo:slab@0.4.12:crates.io	HASHED	PACKAGED_LICENSE_FILE
rust	smallvec	1.15.2	LICENSE-APACHE	A60EEA817514531668D7E00765731449FE14D059D3249E0BC93B36DE45F759F2	cargo:smallvec@1.15.2:crates.io	HASHED	PACKAGED_LICENSE_FILE
rust	smallvec	1.15.2	LICENSE-MIT	0B28172679E0009B655DA42797C03FD163A3379D5CFA67BA1F1655E974A2A1A9	cargo:smallvec@1.15.2:crates.io	HASHED	PACKAGED_LICENSE_FILE
rust	socket2	0.6.4	LICENSE-APACHE	A60EEA817514531668D7E00765731449FE14D059D3249E0BC93B36DE45F759F2	cargo:socket2@0.6.4:crates.io	HASHED	PACKAGED_LICENSE_FILE
rust	socket2	0.6.4	LICENSE-MIT	378F5840B258E2779C39418F3F2D7B2BA96F1C7917DD6BE0713F88305DBDA397	cargo:socket2@0.6.4:crates.io	HASHED	PACKAGED_LICENSE_FILE
rust	stable_deref_trait	1.2.1	LICENSE-APACHE	A60EEA817514531668D7E00765731449FE14D059D3249E0BC93B36DE45F759F2	cargo:stable_deref_trait@1.2.1:crates.io	HASHED	PACKAGED_LICENSE_FILE
rust	stable_deref_trait	1.2.1	LICENSE-MIT	5E05B024F653A5CE199E77CBBBD42FB5553562EC714B819421ED0C3E552A75D7	cargo:stable_deref_trait@1.2.1:crates.io	HASHED	PACKAGED_LICENSE_FILE
rust	subtle	2.6.1	LICENSE	D1FC1BC0D155DF60B2E7705B6B2AE02A05C96F948E1CEC6E2FB86360B09F346B	cargo:subtle@2.6.1:crates.io	HASHED	PACKAGED_LICENSE_FILE
rust	syn	2.0.118	LICENSE-APACHE	62C7A1E35F56406896D7AA7CA52D0CC0D272AC022B5D2796E7D6905DB8A3636A	cargo:syn@2.0.118:crates.io	HASHED	PACKAGED_LICENSE_FILE
rust	syn	2.0.118	LICENSE-MIT	23F18E03DC49DF91622FE2A76176497404E46CED8A715D9D2B67A7446571CCA3	cargo:syn@2.0.118:crates.io	HASHED	PACKAGED_LICENSE_FILE
rust	sync_wrapper	1.0.2	LICENSE	0D542E0C8804E39AA7F37EB00DA5A762149DC682D7829451287E11B938E94594	cargo:sync_wrapper@1.0.2:crates.io	HASHED	PACKAGED_LICENSE_FILE
rust	synstructure	0.13.2	LICENSE	219920E865EEE70B7DCFC948A86B099E7F4FE2DE01BCCA2CA9A20C0A033F2B59	cargo:synstructure@0.13.2:crates.io	HASHED	PACKAGED_LICENSE_FILE
rust	tempfile	3.27.0	LICENSE-APACHE	A60EEA817514531668D7E00765731449FE14D059D3249E0BC93B36DE45F759F2	cargo:tempfile@3.27.0:crates.io	HASHED	PACKAGED_LICENSE_FILE
rust	tempfile	3.27.0	LICENSE-MIT	8B427F5BC501764575E52BA4F9D95673CF8F6D80A86D0D06599852E1A9A20A36	cargo:tempfile@3.27.0:crates.io	HASHED	PACKAGED_LICENSE_FILE
rust	thiserror	2.0.18	LICENSE-APACHE	62C7A1E35F56406896D7AA7CA52D0CC0D272AC022B5D2796E7D6905DB8A3636A	cargo:thiserror@2.0.18:crates.io	HASHED	PACKAGED_LICENSE_FILE
rust	thiserror	2.0.18	LICENSE-MIT	23F18E03DC49DF91622FE2A76176497404E46CED8A715D9D2B67A7446571CCA3	cargo:thiserror@2.0.18:crates.io	HASHED	PACKAGED_LICENSE_FILE
rust	thiserror-impl	2.0.18	LICENSE-APACHE	62C7A1E35F56406896D7AA7CA52D0CC0D272AC022B5D2796E7D6905DB8A3636A	cargo:thiserror-impl@2.0.18:crates.io	HASHED	PACKAGED_LICENSE_FILE
rust	thiserror-impl	2.0.18	LICENSE-MIT	23F18E03DC49DF91622FE2A76176497404E46CED8A715D9D2B67A7446571CCA3	cargo:thiserror-impl@2.0.18:crates.io	HASHED	PACKAGED_LICENSE_FILE
rust	thread_local	1.1.10	LICENSE-APACHE	A60EEA817514531668D7E00765731449FE14D059D3249E0BC93B36DE45F759F2	cargo:thread_local@1.1.10:crates.io	HASHED	PACKAGED_LICENSE_FILE
rust	thread_local	1.1.10	LICENSE-MIT	C9A75F18B9AB2927829A208FC6AA2CF4E63B8420887BA29CDB265D6619AE82D5	cargo:thread_local@1.1.10:crates.io	HASHED	PACKAGED_LICENSE_FILE
rust	time	0.3.53	LICENSE-Apache	0D542E0C8804E39AA7F37EB00DA5A762149DC682D7829451287E11B938E94594	cargo:time@0.3.53:crates.io	HASHED	PACKAGED_LICENSE_FILE
rust	time	0.3.53	LICENSE-MIT	2537228D9A1B44A5DC595241349CAE7090B326C8DE165AAF89BFDDEF4A00D0FC	cargo:time@0.3.53:crates.io	HASHED	PACKAGED_LICENSE_FILE
rust	time-core	0.1.9	LICENSE-Apache	0D542E0C8804E39AA7F37EB00DA5A762149DC682D7829451287E11B938E94594	cargo:time-core@0.1.9:crates.io	HASHED	PACKAGED_LICENSE_FILE
rust	time-core	0.1.9	LICENSE-MIT	2537228D9A1B44A5DC595241349CAE7090B326C8DE165AAF89BFDDEF4A00D0FC	cargo:time-core@0.1.9:crates.io	HASHED	PACKAGED_LICENSE_FILE
rust	time-macros	0.2.31	LICENSE-Apache	0D542E0C8804E39AA7F37EB00DA5A762149DC682D7829451287E11B938E94594	cargo:time-macros@0.2.31:crates.io	HASHED	PACKAGED_LICENSE_FILE
rust	time-macros	0.2.31	LICENSE-MIT	2537228D9A1B44A5DC595241349CAE7090B326C8DE165AAF89BFDDEF4A00D0FC	cargo:time-macros@0.2.31:crates.io	HASHED	PACKAGED_LICENSE_FILE
rust	tinystr	0.8.3	LICENSE	F367C1B8E1AA262435251E442901DA4607B4650E0E63A026F5044473ECFB90F2	cargo:tinystr@0.8.3:crates.io	HASHED	PACKAGED_LICENSE_FILE
rust	tinyvec	1.12.0	LICENSE-APACHE.md	CFC7749B96F63BD31C3C42B5C471BF756814053E847C10F3EB003417BC523D30	cargo:tinyvec@1.12.0:crates.io	HASHED	PACKAGED_LICENSE_FILE
rust	tinyvec	1.12.0	LICENSE-MIT.md	FD80A26FBB3F644AF1FA994134446702932968519797227E07A1368DEA80F0BC	cargo:tinyvec@1.12.0:crates.io	HASHED	PACKAGED_LICENSE_FILE
rust	tinyvec	1.12.0	LICENSE-ZLIB.md	84B34DD7608F7FB9B17BD588A6BF392BF7DE504E2716F024A77D89F1B145A151	cargo:tinyvec@1.12.0:crates.io	HASHED	PACKAGED_LICENSE_FILE
rust	tinyvec_macros	0.1.1	LICENSE-APACHE.md	4F44572785F35152C1FD2EADF565B7E079C0F300B4324F0AF653419F9D76B735	cargo:tinyvec_macros@0.1.1:crates.io	HASHED	PACKAGED_LICENSE_FILE
rust	tinyvec_macros	0.1.1	LICENSE-MIT.md	1DD8ECA0F83669E75FA119E34FB9E1BE9D16E3E9B6368962B8019DB6E8AE5F7B	cargo:tinyvec_macros@0.1.1:crates.io	HASHED	PACKAGED_LICENSE_FILE
rust	tinyvec_macros	0.1.1	LICENSE-ZLIB.md	41ACE205715D9F19A3214218CC1C01D57C533E02CD0FEF7C8E51A49A7FCE5AC5	cargo:tinyvec_macros@0.1.1:crates.io	HASHED	PACKAGED_LICENSE_FILE
rust	tokio	1.52.3	LICENSE	253CD04C6714889DF2D32F3F64D669179A1C95C76AC43C40882C52EB06BC3552	cargo:tokio@1.52.3:crates.io	HASHED	PACKAGED_LICENSE_FILE
rust	tokio-macros	2.7.0	LICENSE	0B83DC40CBA89B9922BB84B0A9C7D2768CE37C1D7E138B7424FD4549915778C9	cargo:tokio-macros@2.7.0:crates.io	HASHED	PACKAGED_LICENSE_FILE
rust	tokio-rustls	0.26.4	LICENSE-APACHE	CC117D90B498B32B11A886F279B359DA16A73C3B01EFBB2F5CC004B20262334E	cargo:tokio-rustls@0.26.4:crates.io	HASHED	PACKAGED_LICENSE_FILE
rust	tokio-rustls	0.26.4	LICENSE-MIT	E20FA2B8E0A2565F24A792B94B4BF4B6C2B9D36F781D8A9516E218A036E6677A	cargo:tokio-rustls@0.26.4:crates.io	HASHED	PACKAGED_LICENSE_FILE
rust	tokio-tungstenite	0.29.0	LICENSE	FDD55E2B2DA854B0FBDC1E607DF7C2BA1E1EBF91ECB77C515511EBEEF972BC8F	cargo:tokio-tungstenite@0.29.0:crates.io	HASHED	PACKAGED_LICENSE_FILE
rust	tokio-util	0.7.18	LICENSE	253CD04C6714889DF2D32F3F64D669179A1C95C76AC43C40882C52EB06BC3552	cargo:tokio-util@0.7.18:crates.io	HASHED	PACKAGED_LICENSE_FILE
rust	tower	0.5.3	LICENSE	4249C8E6C5EBB85F97C77E6457C6FAFC1066406EB8F1EF61E796FBDC5FF18482	cargo:tower@0.5.3:crates.io	HASHED	PACKAGED_LICENSE_FILE
rust	tower-http	0.6.11	LICENSE	5049CF464977EFF4B4FCFA7988D84E74116956A3EB9D5F1D451B3F828F945233	cargo:tower-http@0.6.11:crates.io	HASHED	PACKAGED_LICENSE_FILE
rust	tower-layer	0.3.3	LICENSE	4249C8E6C5EBB85F97C77E6457C6FAFC1066406EB8F1EF61E796FBDC5FF18482	cargo:tower-layer@0.3.3:crates.io	HASHED	PACKAGED_LICENSE_FILE
rust	tower-service	0.3.3	LICENSE	4249C8E6C5EBB85F97C77E6457C6FAFC1066406EB8F1EF61E796FBDC5FF18482	cargo:tower-service@0.3.3:crates.io	HASHED	PACKAGED_LICENSE_FILE
rust	tracing	0.1.44	LICENSE	898B1AE9821E98DAF8964C8D6C7F61641F5F5AA78AD500020771C0939EE0DEA1	cargo:tracing@0.1.44:crates.io	HASHED	PACKAGED_LICENSE_FILE
rust	tracing-attributes	0.1.31	LICENSE	898B1AE9821E98DAF8964C8D6C7F61641F5F5AA78AD500020771C0939EE0DEA1	cargo:tracing-attributes@0.1.31:crates.io	HASHED	PACKAGED_LICENSE_FILE
rust	tracing-core	0.1.36	LICENSE	898B1AE9821E98DAF8964C8D6C7F61641F5F5AA78AD500020771C0939EE0DEA1	cargo:tracing-core@0.1.36:crates.io	HASHED	PACKAGED_LICENSE_FILE
rust	tracing-serde	0.2.0	LICENSE	898B1AE9821E98DAF8964C8D6C7F61641F5F5AA78AD500020771C0939EE0DEA1	cargo:tracing-serde@0.2.0:crates.io	HASHED	PACKAGED_LICENSE_FILE
rust	tracing-subscriber	0.3.23	LICENSE	898B1AE9821E98DAF8964C8D6C7F61641F5F5AA78AD500020771C0939EE0DEA1	cargo:tracing-subscriber@0.3.23:crates.io	HASHED	PACKAGED_LICENSE_FILE
rust	try-lock	0.2.5	LICENSE	C816A0749CDC6BF062A5111C159723DE51B2BFAC66A1DAC2655ABD9E6B1583EB	cargo:try-lock@0.2.5:crates.io	HASHED	PACKAGED_LICENSE_FILE
rust	tungstenite	0.29.0	LICENSE-APACHE	A60EEA817514531668D7E00765731449FE14D059D3249E0BC93B36DE45F759F2	cargo:tungstenite@0.29.0:crates.io	HASHED	PACKAGED_LICENSE_FILE
rust	tungstenite	0.29.0	LICENSE-MIT	7FEA0EE51A4CA5D5CEA7464135FD55E8B09CAF3A61DA3D451AC8A22AF95C033F	cargo:tungstenite@0.29.0:crates.io	HASHED	PACKAGED_LICENSE_FILE
rust	typenum	1.20.1	LICENSE	DB11FEC9946737DF39CA3898D9CD8C10EC6F6C3A884A6802B0AD0B81B4E8F23A	cargo:typenum@1.20.1:crates.io	HASHED	PACKAGED_LICENSE_FILE
rust	typenum	1.20.1	LICENSE-APACHE	516B24E051BF5630880EBBD55C40A25CE9552EBAF8970A53E8976EB70E522406	cargo:typenum@1.20.1:crates.io	HASHED	PACKAGED_LICENSE_FILE
rust	typenum	1.20.1	LICENSE-MIT	A825BD853AB71619A4923D7B4311221427848070FF44D990DA39B0B274C1683F	cargo:typenum@1.20.1:crates.io	HASHED	PACKAGED_LICENSE_FILE
rust	unarray	0.1.4	LICENSE-APACHE	C71D239DF91726FC519C6EB72D318EC65820627232B2F796219E87DCF35D0AB4	cargo:unarray@0.1.4:crates.io	HASHED	PACKAGED_LICENSE_FILE
rust	unarray	0.1.4	LICENSE-MIT	002C2696D92B5C8CF956C11072BAA58EAF9F6ADE995C031EA635C6A1EE342AD1	cargo:unarray@0.1.4:crates.io	HASHED	PACKAGED_LICENSE_FILE
rust	unicase	2.9.0	LICENSE-APACHE	A60EEA817514531668D7E00765731449FE14D059D3249E0BC93B36DE45F759F2	cargo:unicase@2.9.0:crates.io	HASHED	PACKAGED_LICENSE_FILE
rust	unicase	2.9.0	LICENSE-MIT	4F6BD11A0F17FE5B085ACE1DAAEDB7B002A08316850DD9577C246C6A68A68E8C	cargo:unicase@2.9.0:crates.io	HASHED	PACKAGED_LICENSE_FILE
rust	unicode-ident	1.0.24	LICENSE-APACHE	62C7A1E35F56406896D7AA7CA52D0CC0D272AC022B5D2796E7D6905DB8A3636A	cargo:unicode-ident@1.0.24:crates.io	HASHED	PACKAGED_LICENSE_FILE
rust	unicode-ident	1.0.24	LICENSE-MIT	23F18E03DC49DF91622FE2A76176497404E46CED8A715D9D2B67A7446571CCA3	cargo:unicode-ident@1.0.24:crates.io	HASHED	PACKAGED_LICENSE_FILE
rust	unicode-ident	1.0.24	LICENSE-UNICODE	F7DB81051789B729FEA528A63EC4C938FDCB93D9D61D97DC8CC2E9DF6D47F2A1	cargo:unicode-ident@1.0.24:crates.io	HASHED	PACKAGED_LICENSE_FILE
rust	untrusted	0.9.0	LICENSE.txt	7ABD9B6960DCF7D4D0A48606A5B71BFE37D472DB68D70637F3A58A56785F1621	cargo:untrusted@0.9.0:crates.io	HASHED	PACKAGED_LICENSE_FILE
rust	url	2.5.8	LICENSE-APACHE	A60EEA817514531668D7E00765731449FE14D059D3249E0BC93B36DE45F759F2	cargo:url@2.5.8:crates.io	HASHED	PACKAGED_LICENSE_FILE
rust	url	2.5.8	LICENSE-MIT	B38F11F6096706E6DE553DABE2A7ED142D59B6FA8C97E290C67496154745CDD5	cargo:url@2.5.8:crates.io	HASHED	PACKAGED_LICENSE_FILE
rust	utf8_iter	1.0.4	LICENSE-APACHE	CFC7749B96F63BD31C3C42B5C471BF756814053E847C10F3EB003417BC523D30	cargo:utf8_iter@1.0.4:crates.io	HASHED	PACKAGED_LICENSE_FILE
rust	utf8_iter	1.0.4	LICENSE-MIT	3FA4CA83DCC9237839B1BDEB2E6D16BDFB5EC0C5CE42B24694D8BBF0DCBEF72C	cargo:utf8_iter@1.0.4:crates.io	HASHED	PACKAGED_LICENSE_FILE
rust	uuid	1.23.5	LICENSE-APACHE	A60EEA817514531668D7E00765731449FE14D059D3249E0BC93B36DE45F759F2	cargo:uuid@1.23.5:crates.io	HASHED	PACKAGED_LICENSE_FILE
rust	uuid	1.23.5	LICENSE-MIT	436BC5A105D8E57DCD8778730F3754F7BF39C14D2F530E4CDE4BD2D17A83EC3D	cargo:uuid@1.23.5:crates.io	HASHED	PACKAGED_LICENSE_FILE
rust	valuable	0.1.1	NO_PACKAGED_LICENSE_FILE	NOT_APPLICABLE	cargo:valuable@0.1.1:crates.io	ABSENT_WITH_EXPLICIT_DECISION	NO_LICENSE_FILE_IN_VERIFIED_PACKAGE_ARCHIVE
rust	vcpkg	0.2.15	LICENSE-APACHE	60C93A31F490375AADF64098B75F10715010379541021E00261045D7800611D3	cargo:vcpkg@0.2.15:crates.io	HASHED	PACKAGED_LICENSE_FILE
rust	vcpkg	0.2.15	LICENSE-MIT	016D20F335060A70E79D9FCF8DFAA6201114D65D592211F4BDFB8AE9CA2BC1DC	cargo:vcpkg@0.2.15:crates.io	HASHED	PACKAGED_LICENSE_FILE
rust	version_check	0.9.5	LICENSE-APACHE	A60EEA817514531668D7E00765731449FE14D059D3249E0BC93B36DE45F759F2	cargo:version_check@0.9.5:crates.io	HASHED	PACKAGED_LICENSE_FILE
rust	version_check	0.9.5	LICENSE-MIT	B7E650F3FCE5C53249D1CDC608B54DF156A97EDD636CF9D23498D0CFE7AEC63E	cargo:version_check@0.9.5:crates.io	HASHED	PACKAGED_LICENSE_FILE
rust	walkdir	2.5.0	COPYING	01C266BCED4A434DA0051174D6BEE16A4C82CF634E2679B6155D40D75012390F	cargo:walkdir@2.5.0:crates.io	HASHED	PACKAGED_LICENSE_FILE
rust	walkdir	2.5.0	LICENSE-MIT	0F96A83840E146E43C0EC96A22EC1F392E0680E6C1226E6F3BA87E0740AF850F	cargo:walkdir@2.5.0:crates.io	HASHED	PACKAGED_LICENSE_FILE
rust	walkdir	2.5.0	UNLICENSE	7E12E5DF4BAE12CB21581BA157CED20E1986A0508DD10D0E8A4AB9A4CF94E85C	cargo:walkdir@2.5.0:crates.io	HASHED	PACKAGED_LICENSE_FILE
rust	want	0.3.1	LICENSE	A65F5D0A945D267751344C95665945B90C030EA107FAF5C85D518929886187DA	cargo:want@0.3.1:crates.io	HASHED	PACKAGED_LICENSE_FILE
rust	wasi	0.11.1+wasi-snapshot-preview1	LICENSE-APACHE	A60EEA817514531668D7E00765731449FE14D059D3249E0BC93B36DE45F759F2	cargo:wasi@0.11.1+wasi-snapshot-preview1:crates.io	HASHED	PACKAGED_LICENSE_FILE
rust	wasi	0.11.1+wasi-snapshot-preview1	LICENSE-Apache-2.0_WITH_LLVM-exception	268872B9816F90FD8E85DB5A28D33F8150EBB8DD016653FB39EF1F94F2686BC5	cargo:wasi@0.11.1+wasi-snapshot-preview1:crates.io	HASHED	PACKAGED_LICENSE_FILE
rust	wasi	0.11.1+wasi-snapshot-preview1	LICENSE-MIT	23F18E03DC49DF91622FE2A76176497404E46CED8A715D9D2B67A7446571CCA3	cargo:wasi@0.11.1+wasi-snapshot-preview1:crates.io	HASHED	PACKAGED_LICENSE_FILE
rust	wasip2	1.0.4+wasi-0.2.12	LICENSE-APACHE	A60EEA817514531668D7E00765731449FE14D059D3249E0BC93B36DE45F759F2	cargo:wasip2@1.0.4+wasi-0.2.12:crates.io	HASHED	PACKAGED_LICENSE_FILE
rust	wasip2	1.0.4+wasi-0.2.12	LICENSE-Apache-2.0_WITH_LLVM-exception	268872B9816F90FD8E85DB5A28D33F8150EBB8DD016653FB39EF1F94F2686BC5	cargo:wasip2@1.0.4+wasi-0.2.12:crates.io	HASHED	PACKAGED_LICENSE_FILE
rust	wasip2	1.0.4+wasi-0.2.12	LICENSE-MIT	23F18E03DC49DF91622FE2A76176497404E46CED8A715D9D2B67A7446571CCA3	cargo:wasip2@1.0.4+wasi-0.2.12:crates.io	HASHED	PACKAGED_LICENSE_FILE
rust	wasm-bindgen	0.2.126	LICENSE-APACHE	A60EEA817514531668D7E00765731449FE14D059D3249E0BC93B36DE45F759F2	cargo:wasm-bindgen@0.2.126:crates.io	HASHED	PACKAGED_LICENSE_FILE
rust	wasm-bindgen	0.2.126	LICENSE-MIT	378F5840B258E2779C39418F3F2D7B2BA96F1C7917DD6BE0713F88305DBDA397	cargo:wasm-bindgen@0.2.126:crates.io	HASHED	PACKAGED_LICENSE_FILE
rust	wasm-bindgen-futures	0.4.76	LICENSE-APACHE	A60EEA817514531668D7E00765731449FE14D059D3249E0BC93B36DE45F759F2	cargo:wasm-bindgen-futures@0.4.76:crates.io	HASHED	PACKAGED_LICENSE_FILE
rust	wasm-bindgen-futures	0.4.76	LICENSE-MIT	378F5840B258E2779C39418F3F2D7B2BA96F1C7917DD6BE0713F88305DBDA397	cargo:wasm-bindgen-futures@0.4.76:crates.io	HASHED	PACKAGED_LICENSE_FILE
rust	wasm-bindgen-macro	0.2.126	LICENSE-APACHE	A60EEA817514531668D7E00765731449FE14D059D3249E0BC93B36DE45F759F2	cargo:wasm-bindgen-macro@0.2.126:crates.io	HASHED	PACKAGED_LICENSE_FILE
rust	wasm-bindgen-macro	0.2.126	LICENSE-MIT	378F5840B258E2779C39418F3F2D7B2BA96F1C7917DD6BE0713F88305DBDA397	cargo:wasm-bindgen-macro@0.2.126:crates.io	HASHED	PACKAGED_LICENSE_FILE
rust	wasm-bindgen-macro-support	0.2.126	LICENSE-APACHE	A60EEA817514531668D7E00765731449FE14D059D3249E0BC93B36DE45F759F2	cargo:wasm-bindgen-macro-support@0.2.126:crates.io	HASHED	PACKAGED_LICENSE_FILE
rust	wasm-bindgen-macro-support	0.2.126	LICENSE-MIT	378F5840B258E2779C39418F3F2D7B2BA96F1C7917DD6BE0713F88305DBDA397	cargo:wasm-bindgen-macro-support@0.2.126:crates.io	HASHED	PACKAGED_LICENSE_FILE
rust	wasm-bindgen-shared	0.2.126	LICENSE-APACHE	A60EEA817514531668D7E00765731449FE14D059D3249E0BC93B36DE45F759F2	cargo:wasm-bindgen-shared@0.2.126:crates.io	HASHED	PACKAGED_LICENSE_FILE
rust	wasm-bindgen-shared	0.2.126	LICENSE-MIT	378F5840B258E2779C39418F3F2D7B2BA96F1C7917DD6BE0713F88305DBDA397	cargo:wasm-bindgen-shared@0.2.126:crates.io	HASHED	PACKAGED_LICENSE_FILE
rust	web-sys	0.3.103	LICENSE-APACHE	A60EEA817514531668D7E00765731449FE14D059D3249E0BC93B36DE45F759F2	cargo:web-sys@0.3.103:crates.io	HASHED	PACKAGED_LICENSE_FILE
rust	web-sys	0.3.103	LICENSE-MIT	378F5840B258E2779C39418F3F2D7B2BA96F1C7917DD6BE0713F88305DBDA397	cargo:web-sys@0.3.103:crates.io	HASHED	PACKAGED_LICENSE_FILE
rust	web-time	1.1.0	LICENSE-APACHE	54A744942EB3FA63A74D8D359989ED6962C04F3F10FF20CFA08FF8AA7EFBE4E6	cargo:web-time@1.1.0:crates.io	HASHED	PACKAGED_LICENSE_FILE
rust	web-time	1.1.0	LICENSE-MIT	F428305BBF2E70FBD807AF0F3C7AC1B7ACFB95311640F451E9D2E48DB6D7E96B	cargo:web-time@1.1.0:crates.io	HASHED	PACKAGED_LICENSE_FILE
rust	webpki-root-certs	1.0.8	LICENSE	E271993808FEC50AB29350B39539CDEC611A9103F827E0AA26D61DA70E2D33F8	cargo:webpki-root-certs@1.0.8:crates.io	HASHED	PACKAGED_LICENSE_FILE
rust	winapi-util	0.1.11	COPYING	01C266BCED4A434DA0051174D6BEE16A4C82CF634E2679B6155D40D75012390F	cargo:winapi-util@0.1.11:crates.io	HASHED	PACKAGED_LICENSE_FILE
rust	winapi-util	0.1.11	LICENSE-MIT	CB3C929A05E6CBC9DE9AB06A4C57EEB60CA8C724BEF6C138C87D3A577E27AA14	cargo:winapi-util@0.1.11:crates.io	HASHED	PACKAGED_LICENSE_FILE
rust	winapi-util	0.1.11	UNLICENSE	7E12E5DF4BAE12CB21581BA157CED20E1986A0508DD10D0E8A4AB9A4CF94E85C	cargo:winapi-util@0.1.11:crates.io	HASHED	PACKAGED_LICENSE_FILE
rust	windows-link	0.2.1	license-apache-2.0	C16F8DCF1A368B83BE78D826EA23DE4079FE1B4469A0AB9EE20563F37FF3D44B	cargo:windows-link@0.2.1:crates.io	HASHED	PACKAGED_LICENSE_FILE
rust	windows-link	0.2.1	license-mit	C2CFCCB812FE482101A8F04597DFC5A9991A6B2748266C47AC91B6A5AAE15383	cargo:windows-link@0.2.1:crates.io	HASHED	PACKAGED_LICENSE_FILE
rust	windows-sys	0.52.0	license-apache-2.0	C16F8DCF1A368B83BE78D826EA23DE4079FE1B4469A0AB9EE20563F37FF3D44B	cargo:windows-sys@0.52.0:crates.io	HASHED	PACKAGED_LICENSE_FILE
rust	windows-sys	0.52.0	license-mit	C2CFCCB812FE482101A8F04597DFC5A9991A6B2748266C47AC91B6A5AAE15383	cargo:windows-sys@0.52.0:crates.io	HASHED	PACKAGED_LICENSE_FILE
rust	windows-sys	0.61.2	license-apache-2.0	C16F8DCF1A368B83BE78D826EA23DE4079FE1B4469A0AB9EE20563F37FF3D44B	cargo:windows-sys@0.61.2:crates.io	HASHED	PACKAGED_LICENSE_FILE
rust	windows-sys	0.61.2	license-mit	C2CFCCB812FE482101A8F04597DFC5A9991A6B2748266C47AC91B6A5AAE15383	cargo:windows-sys@0.61.2:crates.io	HASHED	PACKAGED_LICENSE_FILE
rust	windows-targets	0.52.6	license-apache-2.0	C16F8DCF1A368B83BE78D826EA23DE4079FE1B4469A0AB9EE20563F37FF3D44B	cargo:windows-targets@0.52.6:crates.io	HASHED	PACKAGED_LICENSE_FILE
rust	windows-targets	0.52.6	license-mit	C2CFCCB812FE482101A8F04597DFC5A9991A6B2748266C47AC91B6A5AAE15383	cargo:windows-targets@0.52.6:crates.io	HASHED	PACKAGED_LICENSE_FILE
rust	windows_aarch64_gnullvm	0.52.6	license-apache-2.0	C16F8DCF1A368B83BE78D826EA23DE4079FE1B4469A0AB9EE20563F37FF3D44B	cargo:windows_aarch64_gnullvm@0.52.6:crates.io	HASHED	PACKAGED_LICENSE_FILE
rust	windows_aarch64_gnullvm	0.52.6	license-mit	C2CFCCB812FE482101A8F04597DFC5A9991A6B2748266C47AC91B6A5AAE15383	cargo:windows_aarch64_gnullvm@0.52.6:crates.io	HASHED	PACKAGED_LICENSE_FILE
rust	windows_aarch64_msvc	0.52.6	license-apache-2.0	C16F8DCF1A368B83BE78D826EA23DE4079FE1B4469A0AB9EE20563F37FF3D44B	cargo:windows_aarch64_msvc@0.52.6:crates.io	HASHED	PACKAGED_LICENSE_FILE
rust	windows_aarch64_msvc	0.52.6	license-mit	C2CFCCB812FE482101A8F04597DFC5A9991A6B2748266C47AC91B6A5AAE15383	cargo:windows_aarch64_msvc@0.52.6:crates.io	HASHED	PACKAGED_LICENSE_FILE
rust	windows_i686_gnu	0.52.6	license-apache-2.0	C16F8DCF1A368B83BE78D826EA23DE4079FE1B4469A0AB9EE20563F37FF3D44B	cargo:windows_i686_gnu@0.52.6:crates.io	HASHED	PACKAGED_LICENSE_FILE
rust	windows_i686_gnu	0.52.6	license-mit	C2CFCCB812FE482101A8F04597DFC5A9991A6B2748266C47AC91B6A5AAE15383	cargo:windows_i686_gnu@0.52.6:crates.io	HASHED	PACKAGED_LICENSE_FILE
rust	windows_i686_gnullvm	0.52.6	license-apache-2.0	C16F8DCF1A368B83BE78D826EA23DE4079FE1B4469A0AB9EE20563F37FF3D44B	cargo:windows_i686_gnullvm@0.52.6:crates.io	HASHED	PACKAGED_LICENSE_FILE
rust	windows_i686_gnullvm	0.52.6	license-mit	C2CFCCB812FE482101A8F04597DFC5A9991A6B2748266C47AC91B6A5AAE15383	cargo:windows_i686_gnullvm@0.52.6:crates.io	HASHED	PACKAGED_LICENSE_FILE
rust	windows_i686_msvc	0.52.6	license-apache-2.0	C16F8DCF1A368B83BE78D826EA23DE4079FE1B4469A0AB9EE20563F37FF3D44B	cargo:windows_i686_msvc@0.52.6:crates.io	HASHED	PACKAGED_LICENSE_FILE
rust	windows_i686_msvc	0.52.6	license-mit	C2CFCCB812FE482101A8F04597DFC5A9991A6B2748266C47AC91B6A5AAE15383	cargo:windows_i686_msvc@0.52.6:crates.io	HASHED	PACKAGED_LICENSE_FILE
rust	windows_x86_64_gnu	0.52.6	license-apache-2.0	C16F8DCF1A368B83BE78D826EA23DE4079FE1B4469A0AB9EE20563F37FF3D44B	cargo:windows_x86_64_gnu@0.52.6:crates.io	HASHED	PACKAGED_LICENSE_FILE
rust	windows_x86_64_gnu	0.52.6	license-mit	C2CFCCB812FE482101A8F04597DFC5A9991A6B2748266C47AC91B6A5AAE15383	cargo:windows_x86_64_gnu@0.52.6:crates.io	HASHED	PACKAGED_LICENSE_FILE
rust	windows_x86_64_gnullvm	0.52.6	license-apache-2.0	C16F8DCF1A368B83BE78D826EA23DE4079FE1B4469A0AB9EE20563F37FF3D44B	cargo:windows_x86_64_gnullvm@0.52.6:crates.io	HASHED	PACKAGED_LICENSE_FILE
rust	windows_x86_64_gnullvm	0.52.6	license-mit	C2CFCCB812FE482101A8F04597DFC5A9991A6B2748266C47AC91B6A5AAE15383	cargo:windows_x86_64_gnullvm@0.52.6:crates.io	HASHED	PACKAGED_LICENSE_FILE
rust	windows_x86_64_msvc	0.52.6	license-apache-2.0	C16F8DCF1A368B83BE78D826EA23DE4079FE1B4469A0AB9EE20563F37FF3D44B	cargo:windows_x86_64_msvc@0.52.6:crates.io	HASHED	PACKAGED_LICENSE_FILE
rust	windows_x86_64_msvc	0.52.6	license-mit	C2CFCCB812FE482101A8F04597DFC5A9991A6B2748266C47AC91B6A5AAE15383	cargo:windows_x86_64_msvc@0.52.6:crates.io	HASHED	PACKAGED_LICENSE_FILE
rust	wit-bindgen	0.57.1	LICENSE-APACHE	A60EEA817514531668D7E00765731449FE14D059D3249E0BC93B36DE45F759F2	cargo:wit-bindgen@0.57.1:crates.io	HASHED	PACKAGED_LICENSE_FILE
rust	wit-bindgen	0.57.1	LICENSE-Apache-2.0_WITH_LLVM-exception	268872B9816F90FD8E85DB5A28D33F8150EBB8DD016653FB39EF1F94F2686BC5	cargo:wit-bindgen@0.57.1:crates.io	HASHED	PACKAGED_LICENSE_FILE
rust	wit-bindgen	0.57.1	LICENSE-MIT	23F18E03DC49DF91622FE2A76176497404E46CED8A715D9D2B67A7446571CCA3	cargo:wit-bindgen@0.57.1:crates.io	HASHED	PACKAGED_LICENSE_FILE
rust	writeable	0.6.3	LICENSE	F367C1B8E1AA262435251E442901DA4607B4650E0E63A026F5044473ECFB90F2	cargo:writeable@0.6.3:crates.io	HASHED	PACKAGED_LICENSE_FILE
rust	yoke	0.8.3	LICENSE	F367C1B8E1AA262435251E442901DA4607B4650E0E63A026F5044473ECFB90F2	cargo:yoke@0.8.3:crates.io	HASHED	PACKAGED_LICENSE_FILE
rust	yoke-derive	0.8.2	LICENSE	F367C1B8E1AA262435251E442901DA4607B4650E0E63A026F5044473ECFB90F2	cargo:yoke-derive@0.8.2:crates.io	HASHED	PACKAGED_LICENSE_FILE
rust	zerocopy	0.8.54	LICENSE-APACHE	9D185AC6703C4B0453974C0D85E9EEE43E6941009296BB1F5EB0B54E2329E9F3	cargo:zerocopy@0.8.54:crates.io	HASHED	PACKAGED_LICENSE_FILE
rust	zerocopy	0.8.54	LICENSE-BSD	83C1763356E822ADDE0A2CAE748D938A73FDC263849CCFF6B27776DFF213BD32	cargo:zerocopy@0.8.54:crates.io	HASHED	PACKAGED_LICENSE_FILE
rust	zerocopy	0.8.54	LICENSE-MIT	1A2F5C12DDC934D58956AA5DBDD3255FE55FD957633AB7D0D39E4F0DAA73F7DF	cargo:zerocopy@0.8.54:crates.io	HASHED	PACKAGED_LICENSE_FILE
rust	zerocopy-derive	0.8.54	LICENSE-APACHE	9D185AC6703C4B0453974C0D85E9EEE43E6941009296BB1F5EB0B54E2329E9F3	cargo:zerocopy-derive@0.8.54:crates.io	HASHED	PACKAGED_LICENSE_FILE
rust	zerocopy-derive	0.8.54	LICENSE-BSD	83C1763356E822ADDE0A2CAE748D938A73FDC263849CCFF6B27776DFF213BD32	cargo:zerocopy-derive@0.8.54:crates.io	HASHED	PACKAGED_LICENSE_FILE
rust	zerocopy-derive	0.8.54	LICENSE-MIT	1A2F5C12DDC934D58956AA5DBDD3255FE55FD957633AB7D0D39E4F0DAA73F7DF	cargo:zerocopy-derive@0.8.54:crates.io	HASHED	PACKAGED_LICENSE_FILE
rust	zerofrom	0.1.8	LICENSE	F367C1B8E1AA262435251E442901DA4607B4650E0E63A026F5044473ECFB90F2	cargo:zerofrom@0.1.8:crates.io	HASHED	PACKAGED_LICENSE_FILE
rust	zerofrom-derive	0.1.7	LICENSE	F367C1B8E1AA262435251E442901DA4607B4650E0E63A026F5044473ECFB90F2	cargo:zerofrom-derive@0.1.7:crates.io	HASHED	PACKAGED_LICENSE_FILE
rust	zeroize	1.9.0	LICENSE-APACHE	CFC7749B96F63BD31C3C42B5C471BF756814053E847C10F3EB003417BC523D30	cargo:zeroize@1.9.0:crates.io	HASHED	PACKAGED_LICENSE_FILE
rust	zeroize	1.9.0	LICENSE-MIT	8C7516D4B27B1E495BE5E38B612298B63DE48D05F49CDAC94F70F3CD70F8864B	cargo:zeroize@1.9.0:crates.io	HASHED	PACKAGED_LICENSE_FILE
rust	zerotrie	0.2.4	LICENSE	F367C1B8E1AA262435251E442901DA4607B4650E0E63A026F5044473ECFB90F2	cargo:zerotrie@0.2.4:crates.io	HASHED	PACKAGED_LICENSE_FILE
rust	zerovec	0.11.6	LICENSE	F367C1B8E1AA262435251E442901DA4607B4650E0E63A026F5044473ECFB90F2	cargo:zerovec@0.11.6:crates.io	HASHED	PACKAGED_LICENSE_FILE
rust	zerovec-derive	0.11.3	LICENSE	F367C1B8E1AA262435251E442901DA4607B4650E0E63A026F5044473ECFB90F2	cargo:zerovec-derive@0.11.3:crates.io	HASHED	PACKAGED_LICENSE_FILE
rust	zmij	1.0.22	LICENSE-MIT	23F18E03DC49DF91622FE2A76176497404E46CED8A715D9D2B67A7446571CCA3	cargo:zmij@1.0.22:crates.io	HASHED	PACKAGED_LICENSE_FILE
